tree
version=v4
num_class=3
num_tree_per_iteration=3
label_index=0
max_feature_idx=92
objective=multiclass num_class:3
feature_names=Column_0 Column_1 Column_2 Column_3 Column_4 Column_5 Column_6 Column_7 Column_8 Column_9 Column_10 Column_11 Column_12 Column_13 Column_14 Column_15 Column_16 Column_17 Column_18 Column_19 Column_20 Column_21 Column_22 Column_23 Column_24 Column_25 Column_26 Column_27 Column_28 Column_29 Column_30 Column_31 Column_32 Column_33 Column_34 Column_35 Column_36 Column_37 Column_38 Column_39 Column_40 Column_41 Column_42 Column_43 Column_44 Column_45 Column_46 Column_47 Column_48 Column_49 Column_50 Column_51 Column_52 Column_53 Column_54 Column_55 Column_56 Column_57 Column_58 Column_59 Column_60 Column_61 Column_62 Column_63 Column_64 Column_65 Column_66 Column_67 Column_68 Column_69 Column_70 Column_71 Column_72 Column_73 Column_74 Column_75 Column_76 Column_77 Column_78 Column_79 Column_80 Column_81 Column_82 Column_83 Column_84 Column_85 Column_86 Column_87 Column_88 Column_89 Column_90 Column_91 Column_92
feature_infos=[2.343106746673584:178.1036376953125] [2.4569659681003269:179.01368336177322] [2.343106746673584:175.27566230322219] [2.3787631319478337:178.71033907372009] [41000000:2622057200] [3.180195530144303:97.487589551191363] [-6.4828828111666894:7.3254461884524034] [0.0045576110889383997:0.074093348926051406] [-0.19532940813938149:0.21934594333267121] [-1:1] [11.113184928894045:331.23138427734369] [11.457949638566454:337.56420853417592] [10.90779200144191:330.35291475682118] [11.149862247713038:332.68902516522752] [7425600:319317900] [9.4559710412185041:99.111643005440882] [-9.1440243391352833:10.116572434111902] [0.0034869304571151999:0.071274458346339997] [-0.11078124833437369:0.173883211688353] [-1:1] [10.434157371520996:153.18013000488281] [11.346326719159403:154.23240597819722] [9.8172956034808916:152.07439594599043] [10.086352292693158:154.00947524277967] [3324300:217294200] [3.4722752582759422:97.602183752859673] [-10.557102579386566:5.1593287859715389] [0.0038155922721854999:0.1059644022382243] [-0.23201875032363881:0.26669979252365689] [-1:1] [49.808567047119141:450.64443969726562] [51.190715930905981:452.78581476584628] [49.06995489334205:449.0879146544429] [49.691557018334201:452.06886482401148] [20270000:871026300] [3.9899474651378739:100] [-21.555608297982587:8.92834706151109] [0.0020098473256695:0.060422403482761497] [-0.024634387240041598:0.17565018563893009] [70:193.88999938964844] [71.889999389648438:194.44999694824219] [66:192.52000427246091] [69.300003051757812:193.74000549316409] [1501600:93804200] [5.0106713863692534:99.119892970390595] [-5.4048728656169942:6.6911422718847575] [0.0028724657468173001:0.040138751401655702] [0.0014771860881035001:0.20069551052144691] [-1:1] [9.1400003433227539:82.69000244140625] [9.3100004196166992:89.529998779296875] [8.5600004196166992:72.760002136230469] [9.0100002288818359:82.69000244140625] none [1.0835866007873562:91.666661687164478] [-5.450254300959152:14.577704716716717] [0.0250983600313501:0.29432257682768431] [2.2126604230287223:4.415098705258881] [0.49900001287460322:4.2610001564025879] [0.53799998760223389:4.3239998817443848] [0.39800000190734858:4.2069997787475586] [0.48399999737739557:4.255000114440918] none [1.2903278260660755:90.935695956153239] [-0.3274979659731731:0.20410190241801901] [0.0060552070477927003:0.20468915249381631] [-0.81826805771852884:0.50037031550979794] [71.870002746582031:108.54000091552734] [72.040000915527344:109.29000091552734] [71.30999755859375:108.1999969482422] [71.739997863769531:108.66999816894533] none [8.275864488112461:100] [-1.3723688026576184:2.0514350441877269] [0.0012972580854122:0.0128912865537055] [1.0412974745880359:1.1926650537170618] [5.1995797157287598:85.483741760253906] [5.4176306311342284:85.672472383487573] [5.1010295556481049:84.825619512064392] [5.2626544607487054:85.643438609331298] [3073000:136539000] [5.3232286817455758:99.538755199882416] [-2.9149283967157018:2.0923957690243071] [0.0029260486269769002:0.067775608118082101] [-0.1160363499828047:0.1283426171986827] [3.6804323196411128:38.462478637695312] [3.8412271534111553:38.722488682597181] [3.5017702069782568:38.276762107289073] [3.6030107111585319:38.536768083710413] [9107923:1050592272] none none none
tree_sizes=6586 6589 6578 6814 6826 6806 6786 6818 6832 6799 6794 6785 6793 6835 6792 6802 6817 6801 6797 6814 6825 6790 6819 6803 6787 6835 6804 6794 6827 6807 6807 6821 6817 6796 6803 6809 6807 6825 6823 6828 6831 6821 6801 6827 6810 6813 6799 6811 6800 6813 6838 6808 6850 6835 6822 6832 6815 6811 6841 6820 6825 6839 6820 6797 6828 6832 6825 6827 6815 6820 6812 6826 6823 6822 6839 6825 6826 6836 6817 6840 6835 6835 6826 6819 6822 6818 6793

Tree=0
num_leaves=63
num_cat=0
split_feature=29 19 19 9 9 29 5 8 39 88 68 4 75 37 73 64 17 28 44 56 43 64 37 19 46 83 9 47 41 15 56 75 40 87 36 14 49 47 55 55 82 9 46 2 14 39 28 5 58 73 64 56 27 55 11 37 43 40 54 38 61 37
split_gain=809.698 286.664 52.9443 49.8891 25.5172 24.3832 22.075 17.486 18.1842 14.788 12.6657 11.0332 9.90287 9.93581 9.50979 9.50362 9.4069 8.16843 9.25567 7.2918 7.23541 7.1981 7.09415 12.1924 10.7984 6.91168 6.80363 7.17125 9.59775 12.6739 6.4165 7.67806 5.78619 10.732 16.0807 10.4549 5.76829 5.66993 8.72041 7.69537 5.30196 5.25627 4.40197 4.36797 7.85732 6.39917 4.77503 4.23724 4.13901 3.44803 3.12774 2.9131 4.51397 3.57681 2.66118 5.89719 2.51597 1.46489 1.4554 3.14608 1.31662 1.28373
threshold=-1.0000000180025095e-35 -1.0000000180025095e-35 -1.0000000180025095e-35 -1.0000000180025095e-35 -1.0000000180025095e-35 1.0000000180025095e-35 71.68129051436047 0.12225262509450506 122.12500000000001 34.702268469460719 74.324996948242202 401289000.00000006 1.0876892529420805 0.0085121538714312533 0.043070830408801407 0.16189149495376043 0.020446996092860003 0.11882794737549002 72.477998517330619 0.05412397305627021 6488000.0000000009 -0.094859001855350983 0.0062523101773901005 1.0000000180025095e-35 0.013097989801356551 0.0091450114889268016 1.0000000180025095e-35 0.11512446871346375 136.34999847412112 70.903401196318256 0.09950884740634261 1.1362165382642564 108.77499771118165 8.6545901217103367 1.1543717149644019 81853050.000000015 11.465000152587892 0.10878733940084202 -1.4612956028755677 0.14962965355179311 0.12466223382640601 -1.0000000180025095e-35 0.007229539822802551 28.517486402939024 74043500.000000015 133.23000335693362 0.093962671185539665 35.403613662458504 2.7214999198913579 -0.020548106372814297 -0.020716973292068598 0.049100508761315963 0.0090025944215724515 -0.29213446780626467 20.228514691931871 0.009661023583352803 9750700.0000000019 167.6350021362305 57.491285724477812 0.13965578239240137 2.6884999275207524 0.0034476289035314006
decision_type=2 2 2 2 2 2 2 2 2 2 2 2 2 2 2 2 2 2 2 2 2 2 2 2 2 2 2 2 2 2 2 2 2 2 2 2 2 2 2 2 2 2 2 2 2 2 2 2 2 2 2 2 2 2 2 2 2 2 2 2 2 2
left_child=2 5 54 7 42 6 21 8 11 17 16 14 13 -10 -3 22 -5 18 30 -7 -16 -2 23 24 26 -21 27 28 29 40 37 -32 33 60 35 -35 -23 39 -39 48 -12 49 -4 44 45 46 -43 -40 -6 -38 -29 -49 -53 -54 55 -1 -8 -52 -34 -60 -24 -25
right_child=1 3 4 10 9 19 56 -9 12 -11 15 -13 -14 -15 20 -17 -18 -19 -20 25 -22 36 32 61 -26 -27 -28 50 -30 -31 31 -33 58 34 -36 -37 41 38 47 -41 -42 43 -44 -45 -46 -47 -48 51 -50 -51 57 52 53 -55 -56 -57 -58 -59 59 -61 -62 -63
leaf_value=-1.0778178761454831 -1.1286122923075828 -1.1229413193474691 -1.0647983331609581 -1.0737022858376544 -1.0763557812963727 -1.0729538348908327 -1.0865747993056336 -1.0505154676956789 -1.0756660726344514 -1.1206461566528505 -1.1043874461684753 -1.0637879203650309 -1.1266572264193504 -1.1286122923075828 -1.066645522084815 -1.08440025167359 -1.12115759770319 -1.1006149064530397 -1.0998455035066144 -1.1231670383441481 -1.1070962445672226 -1.1286122923075828 -1.1149926703782511 -1.1161306862430183 -1.0834693865101321 -1.0883769415336215 -1.125147985785095 -1.1001926181526407 -1.0671502591928181 -1.0816837556456929 -1.1074369696483588 -1.0617084815307807 -1.1280445484398316 -1.1259801541202239 -1.0650267355657494 -1.0771174659549192 -1.0576130627202549 -1.109851987375307 -1.090810816294552 -1.0495321484167832 -1.1286122923075828 -1.0784631126906317 -1.0435087910891327 -1.0474592128603328 -1.043151132572455 -1.0587190992874347 -1.1171410049282622 -1.0386122923075827 -1.1097366619136939 -1.0394225456055957 -1.1286122923075828 -1.0876749499727085 -1.0650081518275594 -1.0423353045180572 -1.0412087350834462 -1.0435087910891327 -1.112461460440304 -1.1121634488951868 -1.1255668672244341 -1.1074693711246111 -1.1286122923075828 -1.1286122923075828
leaf_weight=6.0197731405496624 1.2539922595024098 8.9864315539598483 11.978995904326437 8.3528726845979673 8.777017146348955 10.071783155202867 7.2737654000520688 6.525465101003646 8.6626825481653196 6.3973063677549353 14.725900441408156 12.578432172536848 26.06654366850853 5.0491629689931861 9.0464600920677203 5.7633406668901435 6.8362036347389212 9.101172983646391 8.8577509820461255 9.3589409589767474 7.1056465804576865 0.97737632691860099 7.4835866391658774 8.1659059077501279 10.160096809267996 11.399336263537405 44.131611928343773 5.3795631229877463 5.8041144162416449 11.945395141839979 7.2199811786413175 6.0937408208847046 269.28592228889465 19.361373424530036 7.2132150232791892 4.9482456743717185 16.50893460214138 2.7164702564477841 2.6962867975235048 6.4443244338035575 18.157070234417915 8.1296341419220024 32.336363598704338 11.931455999612806 7.7521009147167197 8.7496607005596143 4.4425537139177314 10.758604407310484 5.3997465819120398 21.712684080004692 22.811594352126125 3.7346203327178982 11.217278301715846 14.176241889595991 124.77555561065674 17.964646443724632 6.3107350468635559 6.1964004486799231 83.669453293085098 9.641394376754759 43.638930439949036 80.768165424466133
leaf_count=18 5 37 30 20 25 25 23 13 23 28 38 34 89 23 24 20 26 30 33 29 25 5 26 21 25 37 138 19 15 36 27 16 1062 83 17 13 38 12 10 14 66 25 63 25 15 22 18 19 21 39 70 12 28 27 231 35 20 18 236 29 144 208
internal_value=-1.09861 -1.11272 -1.05561 -1.11951 -1.06832 -1.07072 -1.0632 -1.09768 -1.10165 -1.07647 -1.12215 -1.08673 -1.1158 -1.09516 -1.0982 -1.12276 -1.09506 -1.07356 -1.07076 -1.0939 -1.08444 -1.05729 -1.12309 -1.11879 -1.11325 -1.10406 -1.11559 -1.11063 -1.10345 -1.10815 -1.06751 -1.08651 -1.12529 -1.11813 -1.10436 -1.11603 -1.05618 -1.06367 -1.05774 -1.07671 -1.11776 -1.05528 -1.04926 -1.06274 -1.06902 -1.07842 -1.09213 -1.05441 -1.08907 -1.04728 -1.1212 -1.05195 -1.05688 -1.05235 -1.04297 -1.05212 -1.0986 -1.1251 -1.12693 -1.1237 -1.12662 -1.12747
internal_weight=1201 904.334 296.666 778.461 147.906 125.873 95.0429 84.0208 77.4954 103.591 694.44 37.717 39.7784 13.7118 25.1385 679.251 15.1891 97.1932 88.0921 30.8301 16.1521 81.4584 673.488 228.246 139.312 20.7583 129.152 85.02 50.6325 44.8284 79.2343 13.3137 445.242 82.6454 31.5228 24.3096 80.2044 65.9206 45.2995 20.6211 32.883 79.227 44.3154 41.0054 29.0739 21.3218 12.5722 42.583 14.1768 38.2216 34.3876 39.8867 29.1281 25.3935 148.76 23.9844 13.5845 29.008 362.597 93.3108 51.1225 88.9341
internal_count=3603 2924 679 2598 395 326 235 268 255 302 2330 120 135 46 86 2284 46 274 244 91 49 192 2264 654 425 66 400 262 155 140 211 43 1610 283 113 96 187 168 108 60 104 182 93 105 80 65 43 96 46 77 107 86 67 55 284 53 43 88 1327 265 170 229
is_linear=0
shrinkage=1


Tree=1
num_leaves=63
num_cat=0
split_feature=19 19 37 54 29 49 70 29 29 56 29 7 55 8 88 81 72 37 28 45 40 80 56 54 26 44 49 25 28 34 29 59 24 25 59 89 28 65 35 5 54 51 72 74 55 8 83 82 49 54 5 56 81 67 37 18 45 16 69 38 72 80
split_gain=133.084 135.463 104.348 74.9451 28.609 28.4172 28.0913 24.2081 22.6696 22.4251 22.3612 19.5835 17.767 16.9768 16.5422 23.413 13.6974 12.7413 19.8081 12.4956 11.9706 11.5995 11.3671 9.56783 9.23558 7.8626 7.74165 7.67333 7.45779 9.66919 7.23101 6.88766 6.85289 6.81106 6.86402 6.77309 6.67947 6.22825 8.3947 6.10075 6.06173 5.9606 5.7487 5.66173 5.63404 5.57967 6.39623 5.38311 5.85569 5.32462 5.56794 5.30536 6.58906 5.79853 4.96912 5.64482 4.9027 4.75416 6.06557 8.73979 5.63867 4.74101
threshold=-1.0000000180025095e-35 1.0000000180025095e-35 0.0064033428479336012 53.186822284275017 -1.0000000180025095e-35 13.284999847412111 85.68500137329103 1.0000000180025095e-35 1.0000000180025095e-35 0.055171299152757654 -1.0000000180025095e-35 0.0081808751370556019 -0.80376047149606566 0.11630934986668451 21.168544594840139 51.46704125897616 33.718542049864283 0.0043674650043562507 0.093635966195084255 -0.62442510743638013 120.02999877929689 12779600.000000002 0.072833379868270362 19.816508119583677 0.045539897630472809 40.998569150478708 25.435000419616703 37.361801720719605 0.12372138514156636 73532800.000000015 -1.0000000180025095e-35 2.6755000352859502 13509000.000000002 56.269234792805669 3.0125000476837163 312047728.50000006 0.089147370925866706 0.027687888316041052 70.332639155362315 68.869587916337579 50.283409989483594 11.215000152587892 37.176105446465428 0.0050203488652026508 -0.48717207574664551 0.074989151713659358 0.0088804741246118011 0.027295011563080753 21.314999580383304 47.641112167023437 76.666785625699632 0.075486390907435016 76.697064929129326 99.805000305175795 0.0051157907267261006 0.040061223348900353 -2.5268553254348869 -0.17282700804208767 79.715000152587905 0.12517927891330685 49.259213822245989 10993000.000000002
decision_type=2 2 2 2 2 2 2 2 2 2 2 2 2 2 2 2 2 2 2 2 2 2 2 2 2 2 2 2 2 2 2 2 2 2 2 2 2 2 2 2 2 2 2 2 2 2 2 2 2 2 2 2 2 2 2 2 2 2 2 2 2 2
left_child=10 2 5 4 13 11 26 14 22 16 -1 25 24 40 15 45 -6 49 -19 39 21 -17 -8 -14 -12 -2 42 31 -16 -30 -24 -11 -10 -21 -35 51 -22 54 -39 -18 47 -25 -5 -23 -20 -3 -47 -4 -49 50 -13 52 57 -53 -7 -56 -9 -29 -59 60 -60 -43
right_child=1 7 3 6 9 37 8 56 32 27 12 17 23 -15 28 20 19 18 44 33 36 43 30 41 -26 -27 -28 35 29 -31 -32 -33 -34 34 -36 -37 -38 38 -40 -41 -42 61 -44 -45 -46 46 -48 48 -50 -51 -52 53 -54 -55 55 -57 -58 58 59 -61 -62 -63
leaf_value=-1.1248278798459792 -1.082192393032126 -1.1138917724004311 -1.0731604414325571 -1.0828324908562332 -1.0481143412910345 -1.123392862807441 -1.0982044695884776 -1.0813845668246183 -1.0800263099700476 -1.0947825023882229 -1.097130579795635 -1.0831486521568252 -1.0386122900246406 -1.0386122900246406 -1.1167437985277351 -1.0633673453307142 -1.0828349383483717 -1.1121214781100988 -1.0828259884342029 -1.1134863218656954 -1.0803352871849414 -1.1197673495207332 -1.0869205058903024 -1.0757472599038742 -1.0531795859798925 -1.0386122900246406 -1.0900597673018828 -1.043506087727442 -1.0773219670235781 -1.1215546247718537 -1.0556875787411861 -1.0483092595567205 -1.117767348350768 -1.06053133679336 -1.1045285108557825 -1.0903476815140807 -1.0501181169680363 -1.1102458991806508 -1.0679201830991467 -1.0386122900246406 -1.1214620482421802 -1.097909843874463 -1.1167696605459325 -1.0848508217062611 -1.0551633168861381 -1.1069845869020567 -1.0644418860862201 -1.0878325414899148 -1.1255599748617298 -1.1142594873290825 -1.1173661539723225 -1.045705430543856 -1.0386122900246406 -1.0731881930789322 -1.113616180623477 -1.0891506097892711 -1.120334135062105 -1.0492592399381604 -1.0721640027268891 -1.0598352589497155 -1.1073655957143396 -1.1171853465924504
leaf_weight=148.75997519493103 6.821857661008834 40.634054273366928 9.8351273089647311 4.9957855790853491 9.8347204774618131 37.076963558793068 9.835534140467642 2.9800757169723502 6.1556266993284252 8.3206074237823469 11.176504552364351 13.543726697564127 1.5638021230697621 5.0823568999767295 68.186222225427628 7.5499745011329678 5.76467616856098 13.868696197867392 12.295571923255919 13.957009851932527 13.847699075937273 11.934127002954485 8.4394440054893476 3.6606526523828498 6.9967426359653464 8.2099611461162549 17.340639740228653 8.6820523440837842 10.976120471954347 7.4781559854745856 31.844433963298798 4.3815965056419364 14.599890872836111 6.201831102371214 6.5743405073881149 4.5976620614528647 12.551190733909605 12.452422603964807 6.3771229088306418 5.4733074307441711 7.3813338428735724 13.179203942418097 44.566387683153152 6.4322426319122306 14.371425330638887 8.9478069692850095 4.9348283708095542 10.353829741477968 5.7637474983930579 28.191971138119698 6.2573576569557181 74.269739538431168 11.142090126872061 7.6181046962738028 49.272546857595444 10.25384111702442 121.13666824996471 11.971937924623488 8.1032063663005847 18.417191028594971 8.2802405059337598 89.296047657728195
leaf_count=284 24 104 38 18 47 79 29 11 23 27 33 48 8 26 167 32 21 35 43 35 51 27 28 14 32 42 58 43 42 17 144 21 36 27 19 15 59 32 26 28 15 39 105 23 65 25 21 34 11 71 15 362 57 30 122 34 288 57 32 81 23 200
internal_value=-1.09861 -1.09317 -1.08489 -1.07558 -1.06585 -1.10146 -1.09337 -1.10906 -1.08021 -1.06157 -1.11695 -1.09005 -1.10765 -1.08969 -1.10242 -1.09452 -1.07967 -1.09543 -1.08304 -1.08784 -1.08019 -1.09467 -1.06929 -1.11228 -1.08021 -1.05839 -1.10731 -1.05635 -1.11216 -1.09525 -1.06223 -1.07875 -1.10657 -1.099 -1.08317 -1.05449 -1.06597 -1.1117 -1.09591 -1.0613 -1.09747 -1.11336 -1.11335 -1.10754 -1.06792 -1.10828 -1.09186 -1.09065 -1.10132 -1.10589 -1.09396 -1.05338 -1.05966 -1.04826 -1.11477 -1.1094 -1.1194 -1.06389 -1.06768 -1.07402 -1.08995 -1.11471
internal_weight=1201 926.367 608.778 389.784 252.007 218.993 137.778 317.589 70.8749 213.59 274.633 103.561 125.873 38.4164 193.472 106.832 47.8059 88.5287 40.5357 37.9712 52.3152 25.9163 50.1194 107.7 18.1732 15.0318 66.9028 165.784 86.6405 18.4543 40.2839 12.7022 20.7555 26.7332 12.7762 153.082 26.3989 115.433 18.8295 11.238 33.334 106.136 49.5622 18.3664 26.667 54.5167 13.8826 25.9527 16.1176 47.9931 19.8011 148.485 66.5967 81.8878 96.6034 59.5264 124.117 55.4546 46.7726 34.8006 16.3834 102.475
internal_count=3603 2993 2126 1490 1049 636 441 867 260 925 610 343 326 124 568 342 177 277 143 130 192 82 201 261 65 66 181 748 226 59 172 48 59 81 46 700 110 293 58 49 98 253 123 50 108 150 46 83 45 134 63 685 293 392 235 156 299 236 193 136 55 239
is_linear=0
shrinkage=1


Tree=2
num_leaves=63
num_cat=0
split_feature=19 29 9 29 29 9 29 54 29 18 81 88 81 37 9 65 68 56 54 45 89 66 44 34 65 80 65 64 73 44 20 15 54 38 16 56 45 56 5 80 43 15 43 64 0 54 56 52 45 66 17 64 54 81 54 17 34 89 67 75 86 65
split_gain=441.5 213.841 77.667 74.4321 31.6754 29.6266 21.8028 21.1127 20.7047 20.1008 19.8087 30.5395 18.5843 17.9783 15.1286 14.198 13.362 11.5917 10.2675 10.1108 11.3355 9.53109 8.26095 7.47477 7.41494 8.92567 7.23481 7.1647 7.03 11.6496 9.49227 7.1745 6.68634 6.63007 6.61032 6.14943 6.05831 6.03478 12.5158 5.7946 5.75906 5.5871 5.52282 5.2794 5.24113 5.23313 8.24401 5.21871 4.7918 4.36149 4.30024 4.18803 3.65905 3.39781 3.34816 3.99978 6.40453 7.70324 3.2082 2.98806 5.12409 7.04079
threshold=1.0000000180025095e-35 1.0000000180025095e-35 1.0000000180025095e-35 -1.0000000180025095e-35 1.0000000180025095e-35 1.0000000180025095e-35 -1.0000000180025095e-35 46.78482805823041 -1.0000000180025095e-35 0.043547393180888454 50.464518599973921 20.98786224269044 77.399092246387085 0.0040186195883121509 -1.0000000180025095e-35 0.020917401172198206 97.68500137329103 0.034715012172672005 49.440381356860591 0.17027410040727634 56081950.000000007 0.091822491067780412 39.319918466986387 71864150.000000015 0.013964890328932751 23533600.000000004 0.022582000063807051 0.013674334384574853 0.26565439755955111 62.769974303320957 87.112445831298842 66.686819189387137 67.588029330169562 0.12584567889703058 0.20320731622816268 0.08128951260104926 -1.6595416512575694 0.063716609878901515 36.376166329066486 21247800.000000004 6591600.0000000009 72.690650412139775 21200250.000000004 -0.014607996076319197 124.96753311157228 44.615025633033341 0.058247553880726159 16.32499980926514 1.2857953763865668 0.27941162795734248 0.014957685337744801 0.013674334384574853 36.711473937345545 61.473893766503508 38.155401488242575 0.013161530546863452 177802350.00000003 80175338.000000015 92.645000457763686 1.111348023195702 9.2489475131813208 0.017734540905673203
decision_type=2 2 2 2 2 2 2 2 2 2 2 2 2 2 2 2 2 2 2 2 2 2 2 2 2 2 2 2 2 2 2 2 2 2 2 2 2 2 2 2 2 2 2 2 2 2 2 2 2 2 2 2 2 2 2 2 2 2 2 2 2 2
left_child=1 2 8 26 10 7 53 24 -1 12 40 19 16 27 -6 22 18 -15 39 20 -12 23 -9 -17 -3 48 -2 41 29 30 -13 -32 37 -7 50 -20 -16 38 -19 45 -5 -10 -21 -24 54 46 -8 -35 -26 -38 -23 -11 -14 -4 -40 -56 57 -57 -34 60 -42 -62
right_child=3 5 6 4 14 33 9 15 13 51 11 28 52 17 36 21 -18 32 35 42 -22 34 43 -25 25 -27 -28 -29 -30 -31 31 -33 58 47 -36 -37 49 -39 44 -41 59 -43 -44 -45 -46 -47 -48 -49 -50 -51 -52 -53 -54 -55 55 56 -58 -59 -60 -61 61 -63
leaf_value=-1.1280721182581199 -1.1222047630765952 -1.0790336749720812 -1.1073205544576064 -1.0776403876950738 -1.0809864133743992 -1.0509406353750395 -1.0466022335596008 -1.089102431446654 -1.0883632748373571 -1.1229003964851283 -1.1119968993149121 -1.056121460658229 -1.1286122836721058 -1.075596455055932 -1.076264339530165 -1.0990937882575276 -1.1157623117682549 -1.0858895529957262 -1.050004300238393 -1.1181976758431307 -1.0659318716635751 -1.0714843770133435 -1.0757924766601679 -1.0566504531286527 -1.1229132826680297 -1.0706257068839817 -1.0936724244163121 -1.0709259833266216 -1.0444222715954143 -1.0483102216819127 -1.1220466201719457 -1.0792532558549204 -1.0919736336711283 -1.0981668526692159 -1.1175998673179561 -1.0818905038468769 -1.0436736489626763 -1.123674584852195 -1.1286122836721058 -1.1059416200701055 -1.0486846820326239 -1.1286122836721058 -1.0815149823828814 -1.0468474650922632 -1.0965755474416894 -1.095501344240057 -1.0924767759286791 -1.0597514615545729 -1.0924767759286791 -1.0603726533808393 -1.1061569483890394 -1.0974353498902274 -1.0957462446251178 -1.1286122836721058 -1.1226884697021642 -1.1116970803436024 -1.1252577569567965 -1.0719582538564105 -1.1172046097506496 -1.0489911396003238 -1.0573606669509508 -1.1000630737632937
leaf_weight=235.97331511974335 19.892971321940422 8.5698669105768186 11.973158419132234 13.336983293294905 14.27399270236492 32.821402981877327 8.807451426982885 8.603060841560362 7.3894354999065417 14.877117291092874 7.6714820861816433 7.033421233296397 7.4280600845813733 5.6099746525287619 6.4931998401880255 5.7575031816959408 6.6129650920629492 11.934127002954481 21.620301634073261 20.398371458053592 12.879238069057463 7.4373822361230868 8.0439914911985415 10.627686023712156 22.366134583950046 4.3963493108749381 13.376421540975569 9.5750065147876722 12.112089812755583 12.698515608906744 6.4712740480899793 7.7471920996904373 11.596553862094881 5.5822113752365095 11.574628069996832 7.2751009017229071 86.538475424051285 180.70206318795681 29.739888608455658 7.4965971112251273 12.226424410939218 5.35220667719841 4.51068390905857 19.226651713252068 9.2836377769708616 7.6992453634738913 5.8790107667446128 7.4041883051395416 5.8790107667446128 16.811076000332832 5.6763625144958496 9.5396634191274625 5.1710773855447769 15.450010776519774 43.034647643566132 12.559177383780485 12.665932163596151 6.7496323138475409 7.4490572065114966 28.816004201769829 8.3483707010745984 5.9529784470796576
leaf_count=522 52 24 30 38 39 83 21 27 26 60 35 19 38 15 20 20 31 27 54 84 39 22 27 27 95 14 32 23 28 31 26 25 30 21 36 24 196 724 118 27 30 16 16 46 30 29 23 19 23 44 21 37 17 43 132 42 52 18 22 71 21 21
internal_value=-1.09861 -1.10952 -1.11656 -1.06828 -1.06331 -1.0786 -1.09556 -1.08654 -1.12119 -1.0892 -1.07212 -1.08126 -1.08176 -1.1166 -1.05193 -1.07726 -1.07533 -1.11835 -1.07078 -1.0987 -1.08313 -1.0893 -1.06347 -1.07156 -1.10387 -1.11039 -1.11073 -1.09053 -1.06404 -1.07104 -1.08463 -1.09873 -1.11909 -1.05812 -1.10108 -1.05803 -1.04816 -1.12016 -1.11512 -1.08311 -1.05994 -1.10527 -1.11155 -1.05539 -1.11818 -1.07547 -1.06497 -1.07626 -1.11658 -1.04639 -1.08649 -1.11295 -1.11512 -1.11932 -1.12009 -1.11672 -1.10868 -1.09781 -1.10184 -1.05568 -1.06294 -1.07514
internal_weight=1201 883.411 719.444 317.589 284.32 163.966 129.83 118.159 589.615 102.407 160.203 91.5223 77.9898 353.641 124.117 76.9473 65.3907 331.325 58.7777 45.4598 20.5507 41.0736 35.8737 16.3852 41.2114 32.6415 33.2694 22.3166 46.0625 33.9504 21.2519 14.2185 325.715 45.8078 24.6884 28.8954 109.843 306.669 125.967 29.8823 68.6808 12.7416 24.9091 27.2706 114.033 22.3857 14.6865 12.9864 28.2451 103.35 13.1137 24.4168 12.5991 27.4232 104.749 75.0094 31.9747 19.3088 19.0456 55.3438 26.5278 14.3013
internal_count=3603 2736 2231 867 783 505 434 382 1797 361 484 303 264 1275 299 226 209 1210 178 174 74 126 100 47 156 132 84 65 129 101 70 51 1195 123 79 78 260 1143 419 100 181 42 100 73 392 73 44 40 118 240 43 97 55 73 362 244 112 60 52 143 72 42
is_linear=0
shrinkage=1


Tree=3
num_leaves=63
num_cat=0
split_feature=29 19 9 19 9 29 5 8 39 65 68 4 75 37 64 73 17 85 44 13 66 54 37 19 9 4 44 56 24 43 64 15 7 82 54 73 40 87 36 65 51 66 24 75 30 84 66 63 36 65 54 35 85 11 37 54 84 82 83 61 37 65
split_gain=752.299 272.068 48.0939 46.632 23.223 22.2871 20.4208 16.2986 17.365 14.0978 12.2445 10.3594 9.66727 9.46766 9.16706 9.1339 8.83631 7.47121 8.7948 8.58818 7.16141 6.88859 6.88588 11.7802 9.55469 12.4143 7.9621 6.85914 6.77852 6.77056 6.72679 6.7174 6.69401 8.29297 7.94021 6.43861 5.68199 10.4412 15.2408 9.93146 5.34906 4.95146 4.90521 4.79149 4.1407 6.61325 4.03598 3.77321 3.95445 3.15499 2.99591 2.97588 4.25374 2.40585 5.38854 1.43622 3.53756 1.37229 3.04176 1.28803 1.27203 1.21447
threshold=-1.0000000180025095e-35 -1.0000000180025095e-35 -1.0000000180025095e-35 -1.0000000180025095e-35 -1.0000000180025095e-35 1.0000000180025095e-35 71.68129051436047 0.12225262509450506 122.12500000000001 0.025071330483011755 74.324996948242202 401289000.00000006 1.0876892529420805 0.0085121538714312533 0.16189149495376043 0.043070830408801407 0.020446996092860003 15.685483455657961 45.05129028922893 20.122309541679446 0.084612586409499771 50.585232602525821 0.0062523101773901005 1.0000000180025095e-35 1.0000000180025095e-35 455375200.00000006 57.845942988122658 0.05412397305627021 14316850.000000002 6488000.0000000009 -0.094859001855350983 51.761555556851718 0.012770080727212202 0.59646165873271084 59.480293415170216 -0.13476015047501722 108.77499771118165 8.6545901217103367 1.1543717149644019 0.026378662810985356 11.215000152587892 0.10072946734932137 9094150.0000000019 1.0788617345911122 123.92660903930665 0.020265755772373505 0.27941162795734248 30.526427805642815 0.27978954902351921 0.019648834789407155 60.348182956789579 55.392420733946722 16.107329368591312 20.228514691931871 0.009661023583352803 57.491285724477812 0.043359399921265952 0.17867322514779538 0.006169898789286951 2.6884999275207524 0.0034476289035314006 0.015614237912486053
decision_type=2 2 2 2 2 2 2 2 2 2 2 2 2 2 2 2 2 2 2 2 2 2 2 2 2 2 2 2 2 2 2 2 2 2 2 2 2 2 2 2 2 2 2 2 2 2 2 2 2 2 2 2 2 2 2 2 2 2 2 2 2 2
left_child=3 5 7 53 47 6 30 8 11 17 16 15 13 -10 22 -3 -4 19 -19 -6 -11 49 23 24 25 26 32 -7 -22 -17 -2 -29 33 -12 35 -34 37 59 39 -39 -32 -42 -43 -44 -21 -46 -8 -5 -49 -20 -28 -45 -53 54 -1 -38 61 -26 -59 -24 -25 -57
right_child=1 2 10 4 9 27 46 -9 12 20 14 -13 -14 -15 -16 29 -18 18 21 44 28 -23 36 60 57 -27 50 31 -30 -31 40 -33 34 -35 -36 -37 55 38 -40 -41 41 42 43 51 45 -47 -48 48 -50 -51 -52 52 -54 -55 -56 56 -58 58 -60 -61 -62 -63
leaf_value=0.019552616828514748 -0.02975020199115741 -0.024028106982923188 0.023946182446199522 0.021953484949117936 0.0055604568214277705 0.024802311115150247 -0.015714913220280659 0.045972761522107664 0.022299605332790681 0.022239457651615762 -0.024929903053374624 0.033586073440312197 -0.027705228426178785 -0.029563581633971946 0.013844989967481746 0.030801530733985238 -0.022092213370791536 0.033184459788456466 -0.029956966360458775 0.053264069164638085 -0.029887869763244788 0.028239539186999004 -0.016037331899803282 -0.017072918648542778 -0.029636011543528604 0.026910703568369908 -0.029729928590422297 0.010040707345348612 0.0072823439871272932 -0.0082680461883312198 -0.029640331259725677 -0.024349420232075876 0.014689830691299413 0.012389746324148557 0.035361644085988825 -0.019975539976046831 -0.029004228739722276 -0.026985440873480648 0.032433813157468495 0.020288807858035704 0.017954302035955567 -0.030453392991146608 0.027508242162550389 0.052859169503702542 0.0053251840845383635 0.042739108662927419 0.016987996301830857 0.036787661628386654 0.05664670624485315 0.0042280752828070568 -0.0068373523860137527 0.023899069168484107 0.051285264664784176 0.054217187966907311 0.052057464488786169 -0.018314259934132049 -0.0065122164878289503 -0.0057573639059291925 -0.029667435018028959 -0.029569775883453539 -0.029567067202512422 -0.028150876155639173
leaf_weight=6.1114768534898785 1.2431210875511158 8.9084886461496371 8.4469169378280622 4.8459067791700354 7.0945563018321982 10.171656414866449 7.1277586072683317 6.6529875099658957 8.7297552525997144 11.658725231885912 20.876815468072895 12.741634562611578 25.779760733246803 4.9721764326095572 5.7915246039628974 9.1602910608053225 6.7507436126470557 14.432363674044611 5.3505014479160291 15.797360241413115 7.4460943937301662 5.2168450653553 7.4235020577907553 8.0785457491874677 27.616929307579994 8.0357152074575406 23.017228007316593 11.470696285367014 10.849209040403364 7.0754030942916861 0.96519443392753501 9.2211754620075208 9.1345136016607338 7.2095590829849234 6.2168939262628546 10.214474037289618 265.33983182907104 19.021048754453666 7.3012700378894797 5.0643799155950537 7.3639054447412482 0.79289272427558799 12.299950033426283 39.654725670814514 5.7057764679193523 16.687842726707458 6.4879057705402374 13.597764536738394 26.830663412809372 4.4511537104845047 6.6260654032230368 9.3822205662727374 11.195401325821875 128.14859792590141 18.437986239790916 13.473720401525496 8.7520748972892743 8.4943450689315814 10.976319193840025 42.981934159994125 79.548257514834404 69.901319891214371
leaf_count=18 5 37 20 12 25 25 27 13 23 28 74 34 89 23 20 24 26 36 26 30 34 15 26 21 78 21 75 29 37 25 5 37 26 17 15 33 1062 81 17 15 21 4 34 74 17 37 16 34 47 17 17 27 22 231 35 40 29 32 37 144 208 196
internal_value=-2.84363e-06 -0.0137933 -0.0205092 0.0408993 0.0290168 0.0268217 0.033918 0.000914484 -0.00296017 0.0212533 -0.0231321 0.0115489 -0.0168827 0.00347942 -0.0237351 0.000381683 0.0034961 0.0282229 0.0164609 0.0358721 0.00386404 0.000389941 -0.0240622 -0.0198077 -0.0143586 -0.00869917 -0.0121345 0.00463084 -0.00784574 0.0137753 0.0395106 -0.00528499 -0.00524019 -0.0153502 0.00586658 -0.00361028 -0.0262516 -0.0191186 -0.00553525 -0.0170452 0.040565 0.0414048 0.0437599 0.0445712 0.041503 0.0332062 -0.000131877 0.0469688 0.0499673 -0.0144328 -0.0246128 0.0480556 0.0387987 0.052569 0.0439655 -0.0278837 -0.0246566 -0.0253358 -0.0192363 -0.0275768 -0.0284152 -0.0265612
internal_weight=1200.35 897.691 770.314 302.663 149.965 127.377 96.5131 84.0205 77.3675 104.69 686.294 37.8858 39.4817 13.7019 671.096 25.1442 15.1977 74.7364 29.4509 45.2855 29.954 15.0185 665.305 226.046 138.419 91.3313 83.2955 30.8635 18.2953 16.2357 82.8974 20.6919 53.6523 28.0864 25.5659 19.349 439.259 81.7921 31.3867 24.0854 81.6543 80.6891 73.3252 72.5323 38.191 22.3936 13.6157 45.2743 40.4284 9.80166 29.6433 60.2323 20.5776 152.698 24.5495 357.467 92.1271 47.0876 19.4707 50.4054 87.6268 83.375
internal_count=3603 2924 2598 679 395 326 235 268 255 302 2330 120 135 46 2284 86 46 203 94 109 99 58 2264 654 425 278 257 91 71 49 192 66 165 91 74 59 1610 283 113 96 187 182 161 157 84 54 43 93 81 43 92 123 49 284 53 1327 265 147 69 170 229 236
is_linear=0
shrinkage=0.03


Tree=4
num_leaves=63
num_cat=0
split_feature=54 29 37 9 9 9 51 29 29 56 25 29 56 7 52 56 67 42 44 56 25 56 47 28 56 15 16 75 5 18 17 27 45 52 45 83 55 29 80 25 51 55 49 59 27 9 73 37 45 37 89 5 73 56 77 52 45 25 38 7 14 46
split_gain=123.493 97.4204 88.2028 37.5217 34.8846 33.4083 26.3437 19.247 23.1101 31.8843 17.5773 15.0421 14.6158 14.2308 17.9853 9.70926 16.883 11.4713 9.323 16.9238 11.0867 8.7064 8.79094 8.33539 8.13014 12.7474 8.53542 8.06221 7.9534 7.35797 7.05658 8.69525 7.03909 6.93129 6.64944 6.58738 6.45686 6.3275 6.8884 15.1052 6.24887 6.12929 6.82995 11.1083 5.95664 5.64972 5.55118 7.96396 5.54306 5.37359 8.15018 5.31454 7.30204 7.24956 5.11319 4.81988 4.77446 4.72771 4.71922 7.52029 4.67497 4.67122
threshold=53.186822284275017 -1.0000000180025095e-35 0.0063431030852144502 1.0000000180025095e-35 -1.0000000180025095e-35 -1.0000000180025095e-35 14.305000305175783 -1.0000000180025095e-35 1.0000000180025095e-35 0.15427429690398178 53.481165924647449 1.0000000180025095e-35 0.090007086462907351 0.008490327721149651 12.204999923706056 0.09194533169849807 81.08499908447267 164.25000000000003 57.062168738700827 0.061020389865564607 67.252368824683671 0.096472642437318012 0.11681212175648877 0.10271754623682706 0.088292938505477966 58.805872105250664 -0.15285359408690444 1.0746062300351913 44.935607121248061 0.042323305491146011 0.013068263581129903 0.021030630356986105 0.62341961672762392 23.945000648498539 -0.48768687747843836 0.011734234902815851 1.0000000180025095e-35 1.0000000180025095e-35 12025800.000000002 62.921436188651079 12.625000000000002 -0.89693771043729231 23.914999961853031 2.8005000352859502 0.012057682120017203 1.0000000180025095e-35 -0.29107038876050234 0.004543355496327851 -1.7287042542669864 0.0085607508860100507 78397650.500000015 61.41250033473532 0.028659945287337455 0.081706380726100161 8.7646811799089388 25.724999427795414 -1.8101651284478066 47.53086425982999 0.11826029230146061 0.016330580826013356 21607650.000000004 0.011347782704467702
decision_type=2 2 2 2 2 2 2 2 2 2 2 2 2 2 2 2 2 2 2 2 2 2 2 2 2 2 2 2 2 2 2 2 2 2 2 2 2 2 2 2 2 2 2 2 2 2 2 2 2 2 2 2 2 2 2 2 2 2 2 2 2 2
left_child=1 4 12 5 -1 18 44 -2 9 24 15 29 13 14 -3 16 33 30 20 -20 -4 41 -23 -16 49 26 28 54 32 35 -18 -32 34 -7 -26 36 61 38 39 -15 -41 42 43 -6 -5 -10 -43 -48 -49 56 -51 52 -29 -54 -12 -52 -9 -33 -40 -60 -58 -8
right_child=7 2 3 6 21 10 11 8 45 -11 27 -13 -14 37 23 -17 17 -19 19 -21 -22 22 -24 -25 25 -27 -28 51 -30 -31 31 57 -34 -35 -36 -37 -38 -39 58 40 -42 46 -44 -45 -46 -47 47 48 -50 50 55 -53 53 -55 -56 -57 60 -59 59 -61 -62 -63
leaf_value=-0.026891554460505448 -0.022038148166871011 0.048292076760117264 -0.012429019057193564 0.018715425292745256 0.051056537818670443 0.050373601571033245 0.044558137946636329 0.0074980174959757458 -0.01241045840911479 0.053291161537443787 0.0035026826768503206 -0.017156265835164535 0.040514926758890443 -0.012426692795667625 -0.012632396317560088 0.040999061426622019 0.032691782554223912 0.041729542608584601 -0.0085641724413990754 0.052496573830520664 0.030651699442443857 0.0042967889770461022 0.058306336335796155 0.028335142848569923 -1.066908643465527e-06 0.044006062010029469 -0.010852698324024957 0.053115629511515224 0.049156062652218696 0.025991152035827077 -0.018499358285997133 -0.0034892604700089889 -0.014780184779255438 0.016399214845341029 0.043635959741435214 -0.005671228518086659 -0.01198064310782182 -0.016137898869100192 -0.02199093799593203 0.05896371250740113 0.012007678980343725 0.016014545162544584 -0.014834759152490431 -0.0045385516116356736 0.057793647840251747 -0.024262018337246435 0.020480580009158509 0.03647861736285412 -0.016428671309886841 0.025582763746785208 0.0054098127461448386 0.053814438885584882 0.012629236030850869 0.045663242538769563 0.042306613696558887 -0.01709303951200513 0.00027547702918241505 0.031311666291492478 -0.006917819094112908 0.02826792354914788 -0.017798475855370432 0.0086159354374278421
leaf_weight=76.184144422411919 121.52506276965141 9.8137864917516726 24.024745613336567 5.3664061129093161 6.6983409225940722 16.980635777115825 7.2770505696535128 9.8548714071512205 88.150138735771179 9.0246592462062818 6.8061878532171232 26.261435747146606 6.9545212984085074 11.077017962932588 15.315040633082392 27.045866653323174 5.5777569562196723 7.7929085344076148 7.404687091708186 9.1129075735807401 6.9261614531278601 7.1749000549316388 4.3607780933380127 6.3120166957378379 7.0006537884473818 6.6120143085718146 30.374809488654137 18.903173089027405 4.4262306839227668 18.120397359132767 16.857694074511532 7.218262165784834 9.2816705554723722 7.9276098459959021 5.703088670969013 28.036859974265099 4.8588664084672919 51.340977340936661 15.71577177941799 5.7171238809823972 4.6054427921772003 8.0432628989219648 5.8544814586639395 6.2551468163728714 10.151080071926115 61.427277013659477 6.5915160328149787 1.8483530580997456 49.811221674084663 9.1373186707496625 16.462995529174805 46.4574014544487 12.696655452251436 11.300723269581793 5.5469902753829956 17.859874337911606 15.719272911548613 6.8447321653366089 59.528606981039047 6.0197689086198798 71.308107599616051 5.8870757520198822
leaf_count=144 254 46 59 20 32 81 33 32 235 44 21 67 31 29 40 120 23 35 19 44 28 22 22 25 21 30 80 92 21 72 42 21 23 28 26 82 13 130 35 29 16 28 14 17 51 142 24 8 114 36 52 227 44 52 25 44 48 28 166 24 172 20
internal_value=3.07024e-06 0.00790967 0.0141455 0.0230859 -0.0117113 0.0295274 0.00816619 -0.0117066 -0.0082415 -0.001889 0.0349475 0.00197012 -0.00218271 -0.00378394 0.0146088 0.0257576 0.0198007 0.00868834 0.00692409 0.0251236 -0.00278846 0.000256063 0.0247138 -0.000675717 -0.0043332 0.00458313 -7.13372e-06 0.0436434 0.0124658 0.0097963 0.0016336 -0.00396896 0.00507916 0.0395605 0.0195889 0.00342508 0.0175754 -0.00753892 -0.00323867 0.0119046 0.0380141 -0.00305919 0.0120563 0.0242101 0.0442792 -0.0172776 -0.00734753 -0.0105733 -0.0145357 -0.00836107 0.000403589 0.0467839 0.0391704 0.0281854 0.0209269 -0.00629953 -0.0122928 0.013449 -0.00722639 -0.00368646 -0.0145339 0.0284846
internal_weight=1200.47 716.606 543.784 351.384 172.822 245.425 105.959 483.868 362.343 212.766 197.957 90.4417 192.4 185.446 31.4408 96.2455 69.1996 44.2914 47.4685 16.5176 30.9509 96.638 11.5357 21.6271 203.741 63.3985 56.7865 101.711 26.4116 64.1803 36.4984 30.9207 21.9854 24.9082 12.7037 46.0599 18.023 154.005 102.664 21.3996 10.3226 85.1023 18.808 12.9535 15.5175 149.577 66.2944 58.2511 51.6596 140.342 43.4602 89.358 42.9006 23.9974 12.3532 34.3229 96.8823 14.063 81.2641 65.5484 87.0274 13.1641
internal_count=3603 2343 1918 1347 425 989 358 1260 1006 629 839 287 571 540 111 378 258 149 150 63 87 281 44 65 585 201 171 461 91 220 114 91 70 109 47 148 66 429 299 74 45 237 63 49 71 377 174 146 122 384 132 415 188 96 46 96 252 49 225 190 220 53
is_linear=0
shrinkage=0.03


Tree=5
num_leaves=63
num_cat=0
split_feature=19 29 9 29 29 9 29 29 54 81 86 82 37 37 38 9 65 54 56 9 66 24 64 65 80 54 59 34 64 59 81 56 54 16 38 56 5 45 16 4 86 8 8 63 26 5 5 52 47 6 26 59 45 45 17 81 66 35 37 45 67 43
split_gain=411.655 202.927 74.6706 68.1405 28.3468 27.4131 20.6064 20.0256 19.5197 18.0467 28.5846 17.1662 17.1469 15.282 14.3152 13.6365 13.119 11.418 11.1188 9.58785 8.95455 8.02078 7.62691 7.07332 8.56206 7.02486 13.0214 6.92529 6.81085 6.48537 8.39654 6.81325 6.47461 6.31389 6.00838 5.85822 12.0502 5.44687 5.2298 5.19457 12.9114 6.97065 9.31943 5.11483 9.80641 7.50358 8.32885 4.86052 4.85526 5.20863 4.75013 4.73744 4.61466 4.30094 4.02965 3.99117 3.90101 3.43932 3.24951 3.11203 3.07877 2.7661
threshold=1.0000000180025095e-35 1.0000000180025095e-35 1.0000000180025095e-35 -1.0000000180025095e-35 1.0000000180025095e-35 1.0000000180025095e-35 -1.0000000180025095e-35 -1.0000000180025095e-35 46.78482805823041 52.337508498626057 16.573730742729811 0.17389559908964358 0.0040186195883121509 0.0051711891058009501 0.11254098183977841 -1.0000000180025095e-35 0.020917401172198206 53.81093125701522 0.034715012172672005 1.0000000180025095e-35 0.091822491067780412 44498400.000000007 -0.017030053651018447 0.013964890328932751 23533600.000000004 48.260176468586259 1.5925000309944155 71864150.000000015 0.013674334384574853 1.4480000138282778 77.913950986471562 0.076955895110089365 67.588029330169562 0.20320731622816268 0.12584567889703058 0.063716609878901515 36.376166329066486 -1.6595416512575694 -0.17282700804208767 543029200.00000012 9.5764783068801744 0.073245652506159969 0.086785555317436314 55.777163621908294 0.49942797771999642 67.035799270341826 74.895330114947754 16.32499980926514 0.11261690327593897 0.088818157093127223 -0.25840357037350609 2.3724999427795415 1.2857953763865668 0.83560104872162821 0.014957685337744801 57.762806460741722 0.27941162795734248 58.989429277473114 0.0076697211386315507 -0.3445598246634915 92.645000457763686 10093600.000000002
decision_type=2 2 2 2 2 2 2 2 2 2 2 2 2 2 2 2 2 2 2 2 2 2 2 2 2 2 2 2 2 2 2 2 2 2 2 2 2 2 2 2 2 2 2 2 2 2 2 2 2 2 2 2 2 2 2 2 2 2 2 2 2 2
left_child=1 2 7 25 9 8 55 -1 23 39 19 13 28 -8 38 -6 22 53 -14 58 27 -21 -10 -3 52 -2 -27 -18 51 -12 31 -31 35 54 61 36 -20 -17 -15 41 -41 -5 -43 44 -38 -46 -47 -36 49 -16 -50 -9 -25 -13 -22 -4 -39 -40 -11 -24 -34 -7
right_child=3 5 6 4 15 34 11 12 16 10 29 17 18 14 48 37 20 -19 32 21 33 -23 59 24 -26 26 -28 -29 -30 30 -32 -33 60 -35 47 -37 43 56 57 40 -42 42 -44 -45 45 46 -48 -49 50 -51 -52 -53 -54 -55 -56 -57 -58 -59 -60 -61 -62 -63
leaf_value=-0.029002217333371359 -0.026954593064161154 0.019070596728303045 -0.0060760307497552957 0.051232631319101253 0.01682714826500506 0.052428817563719823 0.04814086994293406 -0.023710050757593283 0.012598455184512834 -0.0051258716300555708 0.0059431791292710165 -0.025402725527219731 0.022316738677915816 0.0036895999075343532 -0.010408243052618815 0.021317689360352447 -0.00058488426252458771 0.019023870544061475 0.012411177741852707 -0.0063168694933595964 0.026009069160094822 0.036520178967892725 0.030076839071175056 -0.023914533185257159 0.02724096074436155 0.044732935378330292 -0.013987338357681272 0.040119006568019082 0.02670444738631807 0.047575431999686238 0.0031548283619130982 0.016494481269330438 0.0065031001385100389 -0.018769036758411295 0.00039418989239701883 -0.024660535453125298 -0.023776054864084222 0.05199042888966262 0.043907788696585272 0.043029133023794332 -0.011102854645174914 0.0093728935988189235 0.042979205201763564 -0.02632187385547716 -0.016464571145481565 0.033510648020236899 -0.01399343374145685 0.037339036346547977 0.0048049338652609488 0.026284904019031222 -0.029888113521697082 0.012967264113047335 0.0059583087280052228 0.0028899676122868716 -0.0074761760546312138 -0.029605609822095525 0.036353976703640892 0.016944363934662941 -0.029868153697274743 0.051347262284040691 -0.018265322976655441 0.034734130946080612
leaf_weight=232.27129282057285 15.023474201560019 8.6241098344326002 10.745903566479685 27.506569862365723 14.419472739100454 20.458464816212654 12.4230380654335 6.8241893798112887 10.898951917886732 8.5576596707105654 8.2143241167068464 19.230598703026775 5.6568421870470038 6.2775085270404842 6.487392336130144 6.5738040953874579 5.767375364899638 10.357015475630758 11.984441146254538 8.9777207076549512 7.5322010964155215 7.0020312666892996 10.536815240979195 22.116211310029033 4.4333925098180762 4.5453655570745495 13.473807677626608 10.818606346845625 9.6813645362853986 28.240225195884705 6.3296026885509482 8.1880139112472516 11.619545727968218 11.511645346879957 5.5866963118314725 178.55566990375519 35.717328906059265 88.7489944845438 13.156420767307283 9.7970055043697375 6.6623125225305548 11.740334928035738 20.212351858615875 50.540716111660004 12.712633892893793 8.6833818852901441 5.3796883374452582 7.5174786150455475 6.0882552266120902 7.5149750113487244 8.5260964483022672 5.9182390123605728 5.8944242894649497 6.4601209908723822 5.6687370836734772 16.374435797333717 17.131532371044159 6.2946415245532981 10.814386159181593 15.008367016911507 7.3889075815677634 13.005625024437903
leaf_count=522 40 24 26 63 39 46 30 26 34 33 28 81 15 23 27 20 20 30 27 37 22 20 32 95 14 10 34 27 23 68 23 27 30 36 21 724 130 196 34 25 22 38 52 178 37 24 23 19 24 24 40 16 23 26 21 47 44 22 48 34 22 37
internal_value=-2.27271e-07 -0.0106404 -0.0175861 0.0290064 0.0336708 0.0192992 0.00297916 -0.0221702 0.0116525 0.0253638 0.0159807 0.009115 -0.0176448 0.018122 0.0112599 0.0442934 0.0204905 -0.00756801 -0.0193787 -0.00474847 0.00891365 0.0124535 0.0336093 -0.00507793 -0.011497 -0.0118056 0.000824946 0.0259652 0.00773629 0.0303575 0.0350478 0.0405893 -0.0201098 -0.00253059 0.0388086 -0.0211734 -0.0161929 0.0478153 0.0274982 0.036033 0.0211179 0.0401617 0.0306313 -0.0192256 -0.0134866 0.000238925 0.0153384 0.0215884 -0.00333956 0.00928472 -0.0154352 -0.00667522 -0.0176282 -0.0182883 0.0116299 -0.0202825 0.0494604 0.035182 -0.0189382 0.0425737 -0.00312481 0.0455519
internal_weight=1200.41 878.25 712.871 322.159 289.116 165.379 129.936 582.934 118.811 162.243 86.324 102.816 350.663 66.7683 54.3453 126.874 77.7427 36.0477 328.239 35.3518 41.2986 15.9798 36.4441 41.0681 32.444 33.0426 18.0192 16.586 22.4238 50.9722 42.7578 36.4282 322.582 24.7126 46.5683 303.574 125.018 112.454 25.7286 75.9186 16.4593 59.4593 31.9527 113.034 62.493 26.7757 14.0631 13.1042 28.6167 14.0024 14.6144 12.7424 28.0106 25.6907 13.2009 27.1203 105.881 19.4511 19.372 25.5452 19.0085 33.4641
internal_count=3603 2736 2231 867 783 505 434 1797 382 484 284 361 1275 224 194 299 226 137 1210 138 126 57 100 156 132 84 44 47 65 146 118 95 1195 79 123 1143 419 260 79 200 47 153 90 392 214 84 47 40 115 51 64 42 118 107 43 73 240 56 81 66 52 83
is_linear=0
shrinkage=0.03


Tree=6
num_leaves=63
num_cat=0
split_feature=19 19 37 68 52 83 81 48 39 25 87 88 81 82 72 45 5 52 4 60 83 26 61 24 55 25 61 55 43 34 55 18 5 27 22 81 32 66 17 17 68 16 38 46 36 40 16 36 3 35 4 66 72 17 36 27 68 72 24 56 75 17
split_gain=633.723 25.0585 29.8931 24.1508 15.4138 15.0729 14.1501 17.3522 15.2756 14.2121 12.0052 19.9157 17.3161 15.2723 15.0834 11.8655 10.7523 10.6122 10.1565 14.5908 11.3784 10.3605 9.46983 8.83788 8.60878 11.4014 8.52925 8.09644 11.8874 7.9945 7.86384 7.83229 6.74565 6.72089 8.87558 6.66527 5.99568 12.1014 5.86957 10.8168 5.80355 5.60221 5.37009 5.09153 5.43429 4.89317 4.78046 4.60303 7.32892 8.11201 9.41165 4.37116 7.02412 4.33556 4.27775 4.26024 10.747 3.78561 3.61741 3.57893 3.44665 3.33064
threshold=-1.0000000180025095e-35 1.0000000180025095e-35 0.0064033428479336012 75.615001678466811 12.204999923706056 0.014157522616081051 39.661738638518493 -1.0000000180025095e-35 105.81000137329103 69.87750943057118 9.9839081966927932 13.13857531568855 54.724224062468757 0.18937922676894467 58.884113673437447 0.82241686152849536 69.552722546190139 11.385000228881838 836899000.00000012 3.2975000143051152 0.0045882972064075012 3.2544697551487194 2.5094999074935918 9575000.0000000019 -0.10813479649447538 66.79212626703675 2.6675000190734868 -0.32444056455965853 9608300.0000000019 53939000.000000007 0.83757378280145212 0.041868826867920809 49.548801460503448 0.013857334724181851 25.815716207162904 25.375165904924391 99.614783914631076 0.34860998997441411 0.014316498255112602 0.014890892672077851 82.61999893188478 1.863988220286185 0.095612777019561626 0.0093994322555764013 -1.3782988166915258 116.02499771118165 0.35927440701951779 3.4993591345935617 28.39311269171953 33.846645412254539 137199000.00000003 0.31335988660920128 43.8075517482661 0.014316498255112602 1.4675482481154489 0.011545068241424152 96.704998016357436 36.414652944184049 9813850.0000000019 0.068977167579523505 1.1408342908898212 0.013195936301475803
decision_type=2 2 2 2 2 2 2 2 2 2 2 2 2 2 2 2 2 2 2 2 2 2 2 2 2 2 2 2 2 2 2 2 2 2 2 2 2 2 2 2 2 2 2 2 2 2 2 2 2 2 2 2 2 2 2 2 2 2 2 2 2 2
left_child=16 2 4 5 29 36 7 30 9 15 13 12 -12 -6 24 53 17 -1 20 -20 -3 41 23 -16 25 26 31 28 -18 -2 -5 -13 38 -9 42 -19 37 -4 -10 -40 -17 51 -35 44 60 -25 54 48 49 -37 -51 -22 -53 -8 -31 56 -43 -29 -52 -26 -41 -24
right_child=1 18 3 6 10 -7 8 33 32 -11 11 14 -14 -15 22 40 27 35 19 -21 21 -23 61 45 59 -27 -28 57 -30 46 -32 -33 -34 34 -36 47 -38 -39 39 43 -42 55 -44 -45 -46 -47 -48 -49 -50 50 58 52 -54 -55 -56 -57 -58 -59 -60 -61 -62 -63
leaf_value=-0.0056492981735183296 0.008455937976833099 0.0053858615563948161 -0.010102728356748719 0.037264686306611089 -0.026947977452933675 -0.023025116994110108 -0.0029371524115363503 0.007222297994031711 -0.026978952911479406 0.029297839230026181 -0.013997638247131652 -0.014225005318093908 0.041672410159194914 0.027128039336120686 -0.0091020770835008383 -0.0061172319989219017 0.028823025723991841 0.0052517002140853716 -0.02438213128178332 0.024904307956780787 -0.02639628694484138 0.014628077943298283 -0.016451003798391522 -0.0066974749432506244 -0.029447028844582113 -0.022156067850258143 0.036759970070391952 0.016236484335774671 -0.017179775756975945 -0.017976963247729544 -0.0049756628393783807 0.020042313389575902 -0.025334063761039364 -0.017206623184844519 -0.029417312420217737 0.017147367712412105 0.049020709260272813 0.047241868307239518 0.029949653724833172 -0.0044453703650358433 0.031345031327677693 0.026655600732969197 0.018168404709164639 -0.024430583528908305 -0.019412475988079807 0.040523908085045239 -0.026064053273964532 0.024296140700148648 0.051346004031468238 0.011547861008072917 -0.029965081778367694 0.0070693319701810222 -0.024198208860536141 -0.029389770222179385 0.015747975227096467 -0.022307268236700064 -0.018545971475734373 0.045029536721876838 0.044777083377222984 -0.00072459142281851871 0.029001926087481616 0.013725431823526351
leaf_weight=4.2007990181446067 11.928040996193884 14.423086270689963 7.6235475987196022 11.234317660331728 19.493471622467045 7.5710784643888465 7.5135227590799358 12.209098413586615 21.912061482667923 9.3674036562442762 6.3717016577720669 13.046901866793634 23.856301054358482 6.1939909458160392 4.8604966551065472 8.5634909421205503 14.479862153530123 4.2553343623876563 10.611913248896601 11.019234925508497 195.5143366008997 6.7963763475418082 7.6768848001956922 2.2000990360975292 15.704052701592447 13.599151626229284 8.3196866363286954 5.3838493674993542 7.7672969698905936 8.7667351812124235 6.1315911263227454 11.119031205773352 164.2285723388195 8.1381764858961088 24.563782066106796 12.752815857529638 7.0076260417699805 5.8562429249286652 5.8614820539951316 5.9798227548599243 6.5826181024312964 7.1191915869712856 7.3505310714244834 20.063883796334267 9.9779684841632843 19.298574611544609 29.813781172037125 11.104080259799955 79.86670608818531 8.397540330886839 0.58566850423812766 9.600245729088785 19.807024657726288 21.628549963235855 5.5140369832515708 21.664261445403099 14.129338160157202 17.364122852683067 118.41125702857971 5.1963170766830435 5.1701586246490479 5.7628999054431915
leaf_count=15 37 34 29 25 50 33 28 35 99 25 19 37 50 18 14 28 37 10 30 27 563 16 26 8 48 54 21 13 30 29 23 27 714 27 93 34 14 12 16 25 18 15 17 81 41 44 105 30 143 23 3 26 59 92 17 64 33 35 237 18 15 14
internal_value=-8.47347e-06 -0.0121811 -0.0086162 -0.0136528 0.000238567 0.0131452 -0.015762 -0.00363034 -0.0187068 -0.00427419 0.00491181 0.00844034 0.0299378 -0.0139087 0.00235491 -0.011375 0.039086 0.0416132 -0.0191031 0.000725128 -0.0205869 -0.021951 0.0169825 0.0274317 -0.00633598 0.000906733 0.0105613 0.02563 0.0127618 -0.0133334 0.0223504 0.00154179 -0.0220276 -0.0122634 -0.0182032 0.0424567 0.0265119 0.0148104 -0.0141538 -0.00818132 0.0101642 -0.0228792 -0.00041857 -0.0136072 -0.003329 0.0356914 -0.0192276 0.0431417 0.0440929 0.0399595 0.0422431 -0.0247743 -0.0139907 -0.0225697 -0.00495522 -0.0129459 -0.00340146 0.038215 0.0444092 -0.022306 0.0110639 -0.00351153
internal_weight=1198.51 913.943 603.258 384.536 218.722 28.0585 356.477 69.6275 286.85 53.6556 162.7 137.012 30.228 25.6875 106.784 44.2882 284.569 239.574 310.685 21.6311 289.054 274.631 39.799 26.3592 66.9851 46.0848 32.4856 44.9951 22.2472 56.0226 17.3659 24.1659 233.194 52.2616 40.0525 235.373 20.4874 13.4798 68.9654 47.0533 15.1461 267.834 15.4887 41.1918 21.1279 21.4987 44.0946 231.118 220.014 140.147 127.394 224.922 29.4073 29.1421 14.2808 42.9128 21.2485 22.748 118.997 20.9004 11.15 13.4398
internal_count=3603 2993 2126 1490 636 88 1402 220 1182 191 448 380 69 68 311 166 610 495 867 57 810 776 106 66 205 139 85 115 67 188 48 64 991 172 137 480 55 41 277 178 46 760 44 162 81 52 151 470 440 297 263 648 85 120 46 112 48 48 240 66 40 40
is_linear=0
shrinkage=0.03


Tree=7
num_leaves=63
num_cat=0
split_feature=19 19 37 54 49 0 29 29 29 56 7 55 88 54 29 9 40 8 72 37 28 8 29 45 49 74 54 80 54 8 21 73 6 28 34 9 72 44 24 55 65 54 51 89 74 6 54 45 29 49 37 43 18 54 28 37 64 45 72 50 80 80
split_gain=119.809 120.799 91.0465 63.6049 26.0894 25.813 23.3306 22.1144 21.0187 19.057 17.2163 16.5252 15.2915 16.7915 14.9499 14.9359 14.1743 12.8819 11.846 11.7816 17.9009 10.7232 10.43 9.29863 9.26446 8.91807 8.48414 8.4412 8.05683 8.05013 12.3877 7.49039 7.41713 6.95647 8.81721 6.91325 7.85011 6.88804 6.73787 6.63857 5.92405 7.43211 5.72007 5.50244 8.2288 8.43619 5.28504 5.26687 6.50906 6.37498 5.18541 5.11508 4.96448 4.8401 5.39159 4.79442 5.29369 4.68736 4.66019 4.54606 4.51616 3.97237
threshold=-1.0000000180025095e-35 1.0000000180025095e-35 0.0064033428479336012 53.186822284275017 13.284999847412111 21.551394462585453 -1.0000000180025095e-35 1.0000000180025095e-35 -1.0000000180025095e-35 0.05123923267359496 0.0081808751370556019 -0.80376047149606566 21.168544594840139 53.445674702018309 1.0000000180025095e-35 -1.0000000180025095e-35 118.36000061035158 0.076809417807993205 37.957296289573016 0.0043674650043562507 0.093635966195084255 0.083753834569836053 -1.0000000180025095e-35 0.12077425435384721 25.435000419616703 0.0050058331276348509 19.816508119583677 15478900.000000002 33.808198343036025 0.06168725191724906 89.298984056144178 0.56082328514814617 0.088818157093127223 0.12372138514156636 73532800.000000015 1.0000000180025095e-35 79.461915485230591 40.998569150478708 13509000.000000002 -0.32444056455965853 0.027687888316041052 54.397668525211508 11.215000152587892 78397650.500000015 0.0051076445119190008 0.066808276181234263 49.545746540326981 1.0367177854537888 1.0000000180025095e-35 17.914999961853031 0.0058066343814443004 6781500.0000000009 0.055483873732543307 47.641112167023437 0.10380793352019352 0.0051157907267261006 -0.014607996076319197 -2.5268553254348869 37.176105446465428 14.414999961853029 10993000.000000002 20342600.000000004
decision_type=2 2 2 2 2 2 2 2 2 2 2 2 2 2 2 2 2 2 2 2 2 2 2 2 2 2 2 2 2 2 2 2 2 2 2 2 2 2 2 2 2 2 2 2 2 2 2 2 2 2 2 2 2 2 2 2 2 2 2 2 2 2
left_child=8 2 4 6 10 24 15 12 -1 18 37 27 13 16 22 -4 25 39 -8 53 -21 23 -7 -17 58 -3 -13 -10 -11 -20 -31 -24 -27 -14 -35 36 43 -2 -16 -18 55 -42 -28 52 45 -45 50 48 49 -37 51 -22 -30 54 -12 -6 -57 -9 -5 -58 -44 -26
right_child=1 7 3 5 40 14 9 57 11 28 19 26 33 -15 38 21 17 -19 29 20 46 -23 31 -25 61 32 42 -29 35 30 -32 -33 -34 34 -36 47 -38 -39 -40 -41 41 -43 60 44 -46 -47 -48 -49 -50 -51 -52 -53 -54 -55 -56 56 59 -59 -60 -61 -62 -63
leaf_value=-0.025377861490175492 0.015161614583352597 -0.015198643882658812 -0.022506330257463184 0.011461607269048305 -0.024205082458989502 0.0018357512546010217 0.038665638669517312 0.017099211360444715 0.043227275590031998 0.049302458820427726 0.026768400682051659 0.054790371510845468 -0.017610702257690368 -0.011778871039901148 0.022431450018483481 -0.012847461132215864 0.033357929837517293 0.052705938546284241 -0.013000406122972765 -0.013048670123744201 0.00101197525145048 0.043722105975869431 0.042809897122224383 0.031169890677003782 -0.0059382765777184323 -0.00035807800700074738 0.022628377681876755 0.0014667173451776128 0.049973624412831423 0.048982766357908186 -0.010271679647672782 0.011532161861544946 0.041682574076249368 0.019978016799813942 -0.022344588419453436 0.045007842934665122 0.0080911226451649519 0.055440493333294524 -0.016927864785628549 8.6123173534450185e-05 0.022414706522576915 -0.01534233901312532 0.00091109304162582103 0.038463907579161995 0.04472388002744692 -0.0020340020457791184 0.057610094048421573 0.042542477839217975 -0.0096029827988884237 0.008441192119839987 0.047906630237176083 0.034814156991272473 0.025727907137641781 -0.015136927015738244 -0.0065784363646730817 0.007690677432286467 0.014417599903916679 -0.020964277685126036 -0.017825036448935936 -0.017796213200197381 -0.017953057345374692 0.019725316910750152
leaf_weight=144.82505927979946 6.9291006922721854 18.080787897109985 10.189049035310743 5.4943867176771155 36.436821520328522 11.110477745532988 12.643293455243109 2.9850180745124808 7.1398430019617107 43.384850353002548 6.4561621248722103 1.6309151649475087 67.298410579562187 39.169132709503174 5.695109590888026 10.315054312348371 9.0365123748779279 11.34980922937393 13.343471691012384 13.723533794283865 10.069011509418496 10.597696512937544 27.606040835380554 7.4309080988168708 9.5132545530796069 10.003456369042398 3.6695552617311469 11.173768594861029 49.749533519148827 6.5729536265134794 6.1429963111877441 9.1831777989864332 6.0679834187030783 11.149095997214319 7.3514736592769614 7.8500210493803086 7.2451293468475333 8.5186820030212385 12.519594728946684 13.401052013039591 9.0208793133497256 9.777610704302786 13.128074303269385 8.837778255343439 20.817119345068932 9.7218941599130613 4.7838822156190863 8.6421247571706754 6.8085762858390799 9.4641600847244245 5.586029738187789 6.7167680710554114 8.971155717968939 27.855731964111328 13.463428065180777 11.713425785303114 4.3414106369018546 118.62085822224617 44.452800378203392 42.929924964904785 87.883769959211349 12.641293838620184
leaf_count=284 24 45 21 19 79 33 55 11 32 205 25 8 167 105 22 25 38 55 34 35 30 48 124 30 27 31 14 33 236 31 17 31 27 42 17 36 24 42 32 41 34 24 39 38 95 29 24 39 19 32 26 28 35 71 38 38 15 288 106 103 200 47
internal_value=8.99938e-06 0.00511362 0.0128449 0.0214036 -0.00271607 0.00497331 0.0301808 -0.0100107 -0.0176053 0.0339494 0.0081468 -0.00857287 -0.00369467 0.00386496 0.0185123 0.00864548 0.0128841 0.0266607 0.0148375 0.00305416 0.014877 0.019844 0.0273094 0.00558427 -0.00744139 -0.000745378 -0.0131069 0.0177477 0.0380249 0.00327682 0.0203573 0.0350025 0.0155149 -0.0131319 0.00316051 0.0344822 0.0382255 0.0373734 -0.00462157 0.013486 -0.0126167 0.00277623 -0.0141647 0.0404512 0.0317746 0.0172504 0.0289897 0.0224471 0.0152478 0.02502 0.0228697 0.0145378 0.0462694 -0.00706217 0.00422965 -0.0156492 -0.0103639 -0.0200299 -0.0146034 -0.0148377 -0.0155014 0.00870526
internal_weight=1199.23 929.78 615.266 396.944 218.322 138.216 258.728 314.514 269.451 220.195 104.102 124.626 192.908 107.109 66.1144 38.5327 67.9396 33.7874 38.7027 88.6545 40.8792 28.3437 47.8997 17.746 72.1017 34.1522 106.312 18.3136 181.492 26.0594 12.7159 36.7892 16.0714 85.799 18.5006 138.107 105.343 15.4478 18.2147 22.4376 114.22 18.7985 104.681 98.0975 39.3768 18.5597 27.1557 32.7649 24.1228 17.3142 22.3718 16.7858 58.7207 47.7753 19.9196 95.4216 58.9848 121.606 49.9472 47.2713 101.012 22.1545
internal_count=3603 2993 2126 1490 636 441 1049 867 610 925 343 326 568 342 242 124 237 134 137 277 143 103 188 55 199 103 261 65 788 82 48 155 58 226 59 583 457 66 54 79 293 58 253 433 162 67 108 126 87 68 84 58 271 134 63 235 156 299 125 118 239 74
is_linear=0
shrinkage=0.03


Tree=8
num_leaves=63
num_cat=0
split_feature=19 29 9 29 9 9 29 29 29 18 81 37 55 32 19 37 35 68 84 39 70 6 56 80 6 44 63 18 65 46 46 64 67 65 51 81 18 15 38 45 56 28 56 52 56 55 0 18 16 6 64 81 66 35 15 75 75 52 55 46 56 56
split_gain=386.405 191.949 71.6235 62.8888 26.3031 24.9704 23.8086 19.4887 19.3161 18.2498 16.5805 16.463 15.5227 15.5898 14.6773 14.4277 16.2992 12.1217 10.6991 10.6041 10.2499 13.7614 10.1763 8.87697 11.0487 8.69795 7.86035 8.60611 6.7939 6.53335 6.48932 6.46888 6.42591 6.39933 10.1685 5.99913 5.86066 5.55273 5.48244 5.0475 4.94936 6.49719 4.73923 4.45882 4.28487 9.01186 6.05167 4.13615 4.39204 4.09547 4.01518 3.89063 3.48105 3.47419 6.39423 3.34582 4.83308 4.52236 3.34169 5.80238 3.34901 3.01518
threshold=1.0000000180025095e-35 1.0000000180025095e-35 1.0000000180025095e-35 -1.0000000180025095e-35 -1.0000000180025095e-35 1.0000000180025095e-35 1.0000000180025095e-35 -1.0000000180025095e-35 -1.0000000180025095e-35 0.043547393180888454 77.399092246387085 0.0040186195883121509 -0.20846792042768666 274.55708145601938 -1.0000000180025095e-35 0.005082123094693301 53.838213351261935 97.68500137329103 0.017030546732133854 123.99499893188478 81.604999542236342 0.42160063706423762 0.035041137106857655 24516200.000000004 0.088818157093127223 39.867076050292695 43.964712942092255 0.024862210725099001 0.021683598216718353 0.014685047439840152 0.0095158608635193525 0.013674334384574853 95.305000305175795 0.026703901495827253 17.07499980926514 27.729927563280608 0.040221303578737301 72.168423678973284 0.12584567889703058 -1.6595416512575694 0.11313664322622362 0.12107230432056856 0.095115107415806269 16.32499980926514 0.063716609878901515 0.17461627719485853 124.96753311157228 0.027098269302279154 0.32048940771487372 0.12141574307907806 0.013674334384574853 57.762806460741722 0.27941162795734248 51.955622577040081 67.981645136821001 1.1452466459028174 1.1581572683891885 16.634999275207523 -0.20846792042768666 0.0087854504626382526 0.042654180881761504 0.051724265060205409
decision_type=2 2 2 2 2 2 2 2 2 2 2 2 2 2 2 2 2 2 2 2 2 2 2 2 2 2 2 2 2 2 2 2 2 2 2 2 2 2 2 2 2 2 2 2 2 2 2 2 2 2 2 2 2 2 2 2 2 2 2 2 2 2
left_child=1 2 7 28 20 14 12 -1 51 10 17 31 13 18 33 25 30 29 -6 23 -5 -22 -13 24 -20 -16 36 -28 -2 42 32 37 -17 34 -3 -24 -18 -9 -7 -8 41 -14 47 -40 45 46 58 -10 -49 -42 -11 -4 -41 54 55 57 -57 -46 60 -60 -37 -12
right_child=3 5 8 4 6 38 39 11 9 50 61 22 40 -15 15 16 26 -19 19 -21 21 -23 35 -25 -26 -27 27 -29 -30 -31 -32 -33 -34 -35 -36 44 -38 -39 43 52 49 -43 -44 -45 53 -47 -48 48 -50 -51 -52 -53 -54 -55 -56 56 -58 -59 59 -61 -62 -63
leaf_value=-0.028584979530088522 -0.024430924027492137 -0.019630848741962383 -0.00580825890885349 -0.018250188518901301 0.03191046663396551 0.043326873143078037 0.020194266636360998 0.010574196710887806 0.040958725344095913 -0.023866236206287767 0.00031044322039400468 0.020058159261475025 0.043232177134665324 0.041591961483362076 -0.00073863564789060246 0.030407853882606469 0.029989007960454943 -0.016971044272721253 0.023459634441277636 -0.02582048023802069 0.038055001042495359 -0.016780135512026562 0.005159124206635648 0.046327714432920344 -0.018706308818661282 0.046472889426828021 0.010844089451203881 -0.027026199397765221 0.0029108913122436585 -0.0031460760153468265 0.040807708394729698 0.025876889577197516 -0.005317168069992796 -0.025920502020872441 0.027874016217648893 -0.00744187943615839 -0.011884884554604295 -0.029489542391031097 0.00024773109709740954 0.049463601827076702 0.004410604173848854 0.014931077475798313 0.0044197714259614452 0.035474875033936051 -0.0024592144052496298 0.0065446656372614128 0.0028956825716032011 0.0057479081147274588 0.033141881473338866 0.035245613757752037 0.0011264550135100338 -0.029156670207750039 0.034809202034921709 -0.027461543059859893 0.01445458629431901 0.0038766766555838597 -0.029362856602764182 -0.026628502248726562 0.0074712374419067694 -0.023402312678842175 -0.026382527447198826 -0.029372139640002771
leaf_weight=228.60431769490242 17.302518919110298 8.2269529104232841 10.690008580684664 10.683832034468653 12.900305226445196 34.126452401280403 6.6602448076009741 7.2691963165998477 24.809791818261147 14.688374757766725 5.5906782597303373 5.8875194489955893 58.250216692686081 16.951833605766296 4.3294202685356167 9.727117985486986 8.4630482643842679 6.5818718522787085 10.963003918528562 10.224483326077459 11.737235799431803 6.3459149897098532 8.4741296470165235 4.9544900953769675 11.417437031865118 18.603136166930199 8.2943727821111697 15.480704694986342 15.511705130338667 6.2381682544946662 14.224796921014784 9.7694797664880735 8.4834144264459592 10.918679997324942 7.9975669980049124 9.5480122864246351 4.6670691221952429 5.4461071342229843 5.5994379520416242 90.604590192437172 7.247753143310546 8.3467661142349225 6.1131857782602301 7.6541431695222855 7.8410001695156089 13.975144967436789 10.323747113347052 8.2359252870082873 14.614232763648031 8.3347008824348432 9.5445006936788541 16.092215910553932 17.388530075550079 92.191592007875443 4.8099001944065085 10.189948707818987 6.4156194180250159 62.547476664185524 9.1116667091846484 13.740720525383948 69.984049066901207 6.8584870249032974
leaf_count=522 48 28 26 35 36 83 20 25 64 60 21 16 142 43 14 27 26 31 35 51 30 20 26 12 45 42 31 69 36 24 37 23 34 34 19 31 21 17 21 196 24 27 22 19 28 32 32 28 40 23 37 47 44 406 14 38 26 231 28 42 260 34
internal_value=-5.31074e-07 -0.0104059 -0.0172426 0.0278785 0.0322892 0.0185394 0.0352549 -0.0217819 0.00286603 0.00875364 0.0157364 -0.0173069 0.0273712 0.0167012 0.0112279 0.0169322 0.0101102 0.0216772 0.0083392 0.000243324 0.00504722 0.0188117 -0.0190242 0.00999235 0.00194857 0.0375599 -0.00352549 -0.0138145 -0.0115061 0.025916 0.025625 0.00751915 0.0137653 -0.00816394 0.00378577 -0.0197452 0.015105 -0.00658555 0.0369672 0.0455408 0.0361239 0.0396851 0.0292875 0.0205919 -0.0204245 -0.0161785 -0.018996 0.0324772 0.0232682 0.0209036 -0.0140225 -0.0198373 0.047104 -0.0233479 -0.0192168 -0.0210785 -0.00896553 -0.0239361 -0.0212034 -0.0110925 -0.0241087 -0.0160423
internal_weight=1198.81 872.983 706.187 325.826 293.011 166.796 264.244 576.13 130.057 103.275 79.0423 347.525 149.591 67.4116 119.416 92.2731 69.3405 66.5932 50.4597 37.5594 28.767 18.0832 325.041 27.3349 22.3804 22.9326 36.9052 23.7751 32.8142 60.0113 32.4353 22.4848 18.2105 27.1432 16.2245 319.153 13.1301 12.7153 47.38 114.653 82.1794 66.597 53.7731 13.2536 310.679 126.683 112.708 47.6599 22.8502 15.5825 24.2329 26.7822 107.993 183.996 91.8039 86.994 16.6056 70.3885 102.384 22.8524 79.5321 12.4492
internal_count=3603 2736 2231 867 783 505 698 1797 434 361 264 1275 438 222 382 301 245 209 179 143 85 50 1210 92 80 56 147 100 84 178 98 65 61 81 47 1194 47 42 123 260 216 169 154 40 1168 425 393 132 68 47 97 73 240 743 337 323 64 259 361 70 291 55
is_linear=0
shrinkage=0.03


Tree=9
num_leaves=63
num_cat=0
split_feature=9 9 0 51 55 26 25 27 44 82 64 35 28 73 41 7 55 83 37 73 8 45 66 59 70 27 66 38 16 69 37 81 11 60 2 65 12 3 80 26 73 64 84 74 18 50 26 81 28 28 65 22 64 27 44 23 64 24 15 43 20 36
split_gain=441.096 48.0189 24.3595 21.6027 18.4435 13.8923 15.4023 13.0563 14.5169 16.2146 11.473 11.0405 10.9687 11.1818 11.0651 10.4729 11.5194 9.10632 9.24393 10.291 9.81698 8.95484 8.84556 11.9017 9.61313 8.70445 8.18768 7.96295 7.68163 7.51379 8.26031 7.65981 7.07542 10.3405 12.2456 11.5519 10.1802 7.06745 6.91185 6.51248 9.10135 16.5707 6.2835 6.28034 7.49172 5.69917 5.3599 5.2567 8.36109 5.17998 7.46087 8.09613 7.01096 8.3907 5.81065 4.40474 4.32941 4.28891 4.28008 4.03288 3.87001 3.867
threshold=-1.0000000180025095e-35 1.0000000180025095e-35 17.601016998291019 10.07499980926514 -0.64825129812119087 0.62791630902247786 39.464213661815513 0.014051680372967853 74.589584164697428 -0.095757285412937529 -0.052491037311728848 81.281640457162752 0.087201152776009469 0.76606092523439184 168.39499664306643 0.016330580826013356 1.3656791820496832 0.0075967151529013005 0.0041622690187411516 0.21657774274187605 0.10650637373879342 2.1988702621016647 0.29933884443731484 2.8005000352859502 79.58499908447267 0.0073453316504235007 0.38036103965887874 0.094324353146515424 0.47107142293965154 94.93500137329103 0.0063431030852144502 61.242492541635237 280.71548180695987 2.1595000028610234 25.604786886111075 0.022708372114124655 207.89435521383274 21.809240016641393 8669400.0000000019 -0.17690964003835666 0.087124228643482057 -0.069336910353855988 -0.011186402155539598 0.0080660713800874504 0.036750908401534207 18.365000724792484 -0.028098199399719744 73.993518826509714 0.12107230432056856 0.10453020877819046 0.020236038989121605 81.617195127320741 1.0000000180025095e-35 0.017895259034921004 51.736511838971104 109.69976039059277 -0.0039627541611243992 44498400.000000007 67.850533531334449 18225850.000000004 41.684555053710945 1.1366144442172159
decision_type=2 2 2 2 2 2 2 2 2 2 2 2 2 2 2 2 2 2 2 2 2 2 2 2 2 2 2 2 2 2 2 2 2 2 2 2 2 2 2 2 2 2 2 2 2 2 2 2 2 2 2 2 2 2 2 2 2 2 2 2 2 2
left_child=3 2 4 -1 21 6 15 8 9 -4 -8 32 -11 14 17 -6 27 18 20 28 58 43 23 24 -12 -3 49 -17 -20 -19 31 -31 33 34 35 37 -36 -5 -7 40 41 -35 -41 59 -45 -37 -26 -27 -49 50 51 -9 -52 -54 -55 -32 -42 -24 -14 -2 -48 -44
right_child=1 25 7 11 5 38 10 26 -10 12 22 -13 13 -15 -16 16 -18 29 19 -21 -22 -23 57 -25 46 47 -28 -29 -30 30 55 -33 -34 39 36 45 -38 -39 -40 42 56 -43 61 44 -46 -47 60 48 -50 -51 52 -53 53 54 -56 -57 -58 -59 -60 -61 -62 -63
leaf_value=-0.021835312684474327 -0.024244172820177348 0.0092327396187762978 0.030082186222944094 0.0092415620192739679 -0.0075464561162883219 -0.029347681634129309 -0.026134323677734075 0.024911988759097416 -0.029016256147419539 -0.026878795395322438 0.027831770367592591 0.0068042251097145826 -0.029128459207560759 0.025287269527592724 0.030475474271188636 0.005726343650679519 -0.0035903651783331185 -0.027225961111300392 0.04172975420258139 -0.016820126682612454 0.021514105508520762 0.021001439915708912 -0.021002790289645971 0.032537805116496579 0.010586180247400682 -0.022310807583697172 0.014400793263931514 0.039381110882572422 0.0074771272625372169 0.020949690717179038 -0.026263559435859816 -0.014147400821706823 0.05061266605864094 0.036954089505224462 0.043983620578552138 0.038934638431757262 0.011781601180552012 -0.029837997300899602 0.032282240974544102 -0.03056785231146265 0.049974442570022169 -0.018332779482432917 0.045646204871906335 -0.01694917339176907 0.027086789263566242 0.011052865640058186 -0.029026174141451762 -0.017466386083118807 0.014068619507550536 -0.025787344878012635 -0.02750310326112387 -0.020803310955954592 -0.029089329370497879 -0.0080668253432107581 0.032799779393088299 0.0087978931764015351 0.027543023306487596 0.0069227453578287719 -0.0035691112900959237 0.0012081160168829392 0.0036223753915715666 0.032917042891738968
leaf_weight=6.6022541522979727 38.718346670269966 9.0688840299844724 12.458246052265165 11.496290221810343 13.616673380136488 1.7618803232908273 17.306515753269196 8.23884269595146 21.497045546770096 18.969953134655952 7.820799112319949 13.739594474434851 15.00634372234345 11.856854319572447 7.4795475900173178 8.3773475736379606 11.471524298191069 26.035832270979881 10.471182614564901 8.0139775276184064 6.8443330377340308 6.8972199261188498 17.899307280778888 13.569907262921332 7.4655103832483318 260.89641813933849 6.7981237769126883 25.857125088572502 13.476404145359991 12.887710213661196 18.165238261222843 9.8922541886568052 22.164474189281464 11.123674198985102 34.21244415640831 14.437270805239679 11.911770179867743 6.53097079694271 23.250584617257118 1.076750874519347 15.460733920335771 8.6912761330604535 80.676182612776756 7.9322529435157758 6.1906588226556778 12.151327729225157 11.915481150150301 42.279682457447052 9.2164204418659192 60.229665219783783 32.688610434532166 6.0445026457309714 8.0941946506500262 7.0840155631303769 5.6120094656944275 3.9208541810512534 15.514814823865889 6.8417769372463217 9.7131438404321653 6.5507233738899222 4.5022251158952704 29.27265502512455
leaf_count=24 168 22 32 34 39 5 63 23 76 63 18 37 44 31 19 25 36 96 22 31 17 20 68 35 21 758 23 56 37 35 86 33 39 26 67 30 32 21 53 4 27 31 157 33 18 35 52 154 25 267 132 23 33 27 15 13 38 24 28 22 13 67
internal_value=-1.51015e-05 -0.010442 -0.00528305 0.0318202 0.00208581 0.00727614 0.00375142 -0.0104177 -0.00568055 -0.00297175 -0.00426223 0.0330483 -0.00535573 -0.00270042 -0.00503889 0.0155473 0.0224274 -0.00701492 0.00123414 0.0126067 -0.0102817 -0.0113546 0.00114417 0.00902685 -0.00103628 -0.0197408 -0.0176818 0.0311456 0.0224542 -0.0144058 -0.00696617 0.00570869 0.0343608 0.0329346 0.0248282 0.0136227 0.0356673 -0.0049163 0.027941 0.0374803 0.028582 0.012704 0.0415509 -0.0151121 0.00235362 0.0261923 -0.0104894 -0.0205819 -0.0118225 -0.0193858 -0.0136959 0.00556594 -0.0188405 -0.00522012 0.00999739 -0.0200392 0.0387392 -0.0132804 -0.0190853 -0.0205611 -0.020073 0.0422572
internal_weight=1195.95 900.886 579.425 295.062 237.946 171.657 146.644 341.479 206.689 185.192 87.3215 288.46 172.734 153.764 141.907 59.3227 45.706 134.427 63.5254 31.9616 31.5638 66.2892 70.015 45.2739 31.704 321.461 134.79 34.2345 23.9476 70.9019 44.8661 22.78 274.721 252.556 90.7401 44.6159 46.1242 18.0273 25.0125 161.816 50.7905 19.815 111.026 59.392 14.1229 26.5886 23.8832 312.393 51.4961 127.992 67.7622 14.2833 53.4788 20.7902 12.696 22.0861 30.9755 24.7411 24.7195 45.2691 16.4177 109.949
internal_count=3603 2934 1975 669 769 508 450 1206 663 587 294 645 555 492 461 156 117 442 179 90 89 261 231 139 104 959 543 81 59 263 167 68 608 569 219 120 99 55 58 350 122 57 228 241 51 65 86 937 179 520 253 46 207 75 42 99 65 92 72 190 65 224
is_linear=0
shrinkage=0.03


Tree=10
num_leaves=63
num_cat=0
split_feature=19 19 37 54 0 49 9 54 73 9 85 84 40 35 73 37 73 40 54 37 64 74 49 21 6 36 52 74 16 84 63 66 66 17 34 49 74 82 63 68 28 34 37 50 49 34 35 47 63 35 74 52 68 38 37 27 77 72 47 44 63 17
split_gain=113.075 113.033 84.4824 58.7266 24.8566 24.7557 18.2504 17.1783 15.8114 15.6361 12.1777 12.7264 12.0149 10.2895 10.1455 12.0786 10.0947 10.493 10.0794 9.39852 17.7957 9.05489 8.77356 8.59158 8.44938 8.43152 9.51364 8.18397 7.79662 7.64873 11.2433 7.88063 7.58336 7.52102 7.35792 7.06653 7.01812 6.94923 6.45868 6.89363 6.45529 6.91802 11.5676 6.3401 15.8894 6.14506 6.03003 5.83587 5.45936 7.71828 5.32395 5.28817 5.28021 5.21672 5.67599 5.32117 5.8946 5.19478 5.01221 4.95621 4.64315 4.60929
threshold=-1.0000000180025095e-35 1.0000000180025095e-35 0.0064033428479336012 53.0492605623323 21.551394462585453 13.284999847412111 -1.0000000180025095e-35 53.669561744374981 0.21657774274187605 -1.0000000180025095e-35 21.393988609313968 0.020897231197245705 120.40500259399415 42.579057648138011 -0.15125563479156048 0.0043674650043562507 -0.17350582732311173 174.2799987792969 51.291217534468529 0.0061889022965530517 -0.030543279726795648 0.0050058331276348509 25.435000419616703 51.187095957881901 -0.087056463165281192 -1.8126251408836538 22.82499980926514 0.0063950836594912014 0.55158666812337398 0.019364870215991602 52.261353174926818 0.2845119915243256 0.33132906294632553 0.015687556720717807 64750750.000000007 10.635000228881838 0.0043250462275295004 0.034165659765969608 53.534670003454501 80.465000152587905 0.11589821704623036 62193900.000000007 0.0062240027414546513 15.954999923706056 16.44999980926514 142379050.00000003 31.00103235117956 0.11703653263215981 44.384667332053475 64.422119788161567 0.0052626062008854007 24.969999313354496 98.909999847412124 0.14561865760040638 0.0053658643241369505 0.010849805464199053 18.964148981143619 37.176105446465428 0.12543105636490634 51.286761108342652 59.477159870997191 0.013387485935148503
decision_type=2 2 2 2 2 2 2 2 2 2 2 2 2 2 2 2 2 2 2 2 2 2 2 2 2 2 2 2 2 2 2 2 2 2 2 2 2 2 2 2 2 2 2 2 2 2 2 2 2 2 2 2 2 2 2 2 2 2 2 2 2 2
left_child=9 2 5 6 22 8 33 10 14 35 11 45 21 -8 15 28 -6 25 19 -11 -21 -13 57 -17 -15 46 47 -22 -2 38 31 43 -23 61 -10 -1 60 -14 39 -26 -12 42 -42 -31 -45 -3 -18 52 -46 -50 -41 -33 -27 54 -7 56 -56 -5 -39 -35 -16 -4
right_child=1 7 3 4 16 53 13 -9 34 18 40 12 37 24 36 23 17 -19 -20 20 27 32 -24 -25 29 26 -28 -29 -30 30 -32 51 -34 59 -36 -37 -38 58 -40 50 41 -43 -44 44 48 -47 -48 -49 49 -51 -52 -53 -54 -55 55 -57 -58 -59 -60 -61 -62 -63
leaf_value=0.033986374548016646 -0.021821186560552343 0.0061982602464369565 0.045781117090369222 0.012670361102433619 0.043285463095872334 -0.022936142216328309 0.0034948201905059132 -0.017481082549183177 0.01078366912738014 -0.01874259676445475 -0.020741784885633184 -0.011805799411586156 0.005978758913585379 0.045368566922807399 -0.016574219867264151 0.00050420271612749848 0.014827393816913833 -0.011661773022707227 -0.017463229530493209 -0.016119746883175693 0.034274363369389112 0.036952704142336201 0.00838790459725231 0.047009159025376689 0.053296506179922758 0.046172266624946418 -0.024096874616638338 -0.008832225245897881 0.020586569961595885 0.047823099762833214 0.043088968856564797 0.020362227234980337 -0.0095550730872076689 -0.013233903907318699 0.048446480801414352 -0.024333601963356183 0.024623286874644847 0.045675171351006613 0.0063033574817335826 0.003832684623233466 -0.010175501587439443 -0.019042352784362865 0.04317911765997081 -0.0096583352174197008 0.048203275817816083 -0.019128773376564007 0.054379097744123604 0.001634852588306962 0.0057273370181365598 0.052959670173135021 0.040005300617784338 -0.015554072777427926 0.005576368582723811 0.0081929570478868254 -0.0066552429332164672 -0.013838277120819685 0.031727528859176388 -0.017688207249428475 0.0090968156361792667 0.015852137590584407 0.0035034103323856253 0.006488543331035942
leaf_weight=1.8937287628650654 8.9750326722860319 13.0545107871294 6.1230022162199003 5.7236377447843543 11.751842454075812 41.55096934735775 10.854128837585447 141.6036375015974 8.0819316804409045 16.554277405142784 40.87114991247654 22.67188723385334 10.240715950727465 42.795190006494522 30.700850456953049 5.1154305487871197 5.8224279284477189 12.380779743194578 60.207804620265961 16.047927767038345 18.270608261227611 8.3137504011392576 22.244794905185699 11.875505998730658 7.6275295317173031 8.4543352425098508 5.7892806977033606 5.0621086657047263 6.9024681895971289 14.775954782962797 63.75675667822361 9.9095835536718351 5.0855534672737113 13.517249107360842 11.053220853209494 148.48033553361893 6.0250726193189612 13.925229430198671 18.87366446852684 9.1182607263326627 8.9628154039382952 11.804970890283583 6.1779336780309668 9.1983825564384443 14.946872383356096 25.391880616545677 8.5837234407663328 9.8617842346429807 9.0242692530155164 4.7541259676218024 6.1197277605533591 5.8779009431600562 4.3761572390794745 10.133984088897703 10.761679098010065 45.629091858863831 5.4119156748056403 44.61063888669014 4.4485604912042609 8.6444571018218976 15.651261538267134 4.7880380302667618
leaf_count=8 20 43 28 20 53 93 34 358 27 37 98 60 34 196 76 15 21 32 139 37 76 36 74 55 37 39 13 13 26 69 287 37 14 33 52 300 23 64 61 29 25 29 28 25 70 63 42 30 29 23 27 15 14 33 30 115 22 107 15 30 49 15
internal_value=1.59521e-05 0.00494955 0.0123835 0.0205653 0.00486257 -0.00264956 0.0289737 -0.00975346 0.00789493 -0.0172131 -0.00335237 0.00314058 0.0112652 0.0319992 0.00236301 0.0154278 0.0180361 0.0126673 -0.00894484 0.00022428 0.00819731 -0.000250533 -0.00730203 0.033008 0.0334264 0.0196906 0.0102304 0.0249222 -0.00338515 0.030489 0.0340228 0.0255829 0.0193012 0.00814968 0.0325392 -0.0235992 -0.00583561 0.0257817 0.0192926 0.0300142 -0.0132265 -0.0018273 0.011595 0.0311528 0.0246577 -0.010529 0.0383938 0.018988 0.0356463 0.0220245 0.01836 0.00699009 0.032326 -0.0123479 -0.014362 -0.00859741 0.00618818 -0.0142361 0.036819 -0.00188852 -0.0097948 0.0285386
internal_weight=1197.24 930.726 618.173 400.304 139.599 217.868 260.705 312.553 104.381 266.517 170.949 103.132 64.6857 227.632 85.2456 32.8684 67.0203 55.2685 116.143 55.9349 39.3806 36.0712 72.5791 16.9909 216.778 42.8877 28.4816 23.3327 15.8775 173.983 132.244 68.4871 13.3993 33.0727 19.1352 150.374 52.3772 28.6145 41.7392 22.8655 67.8169 26.9457 15.1407 52.6996 37.9237 38.4464 14.4062 22.6923 28.7253 13.7784 15.238 15.7875 12.8305 113.488 103.354 61.8027 16.1736 50.3343 18.3738 22.1617 46.3521 10.911
internal_count=3603 2993 2126 1490 445 636 1045 867 343 610 509 329 223 939 264 116 244 191 302 163 126 110 201 70 905 159 96 89 46 709 555 268 50 106 79 308 148 113 154 93 180 82 53 216 147 106 63 83 122 52 56 52 53 293 260 167 52 127 79 63 125 43
is_linear=0
shrinkage=0.03


Tree=11
num_leaves=63
num_cat=0
split_feature=19 29 9 29 9 54 29 29 29 18 37 81 56 81 87 19 60 66 37 67 67 70 54 56 44 36 54 56 58 54 54 59 18 80 45 24 27 46 31 4 37 56 5 56 0 37 83 89 45 56 81 67 56 28 46 8 43 54 55 17 81 24
split_gain=360.839 183.28 69.1947 58.687 24.6081 23.1701 21.554 19.2622 18.47 17.347 15.7268 15.6407 15.1746 14.2972 23.4486 13.475 10.6499 14.464 10.7386 13.1748 10.1664 9.70899 10.3731 9.41135 9.05897 8.89395 8.53067 8.67094 7.74345 7.07472 6.79689 12.1977 6.73071 8.21823 8.69007 6.07775 5.5693 5.29933 5.29835 5.2532 6.97247 5.19534 14.4415 5.02415 4.95294 4.93254 12.5623 4.62004 4.61363 4.12329 3.81601 3.80615 3.80555 3.64693 3.62257 3.57628 3.43942 3.41532 3.27915 9.52798 3.21405 3.63808
threshold=1.0000000180025095e-35 1.0000000180025095e-35 1.0000000180025095e-35 -1.0000000180025095e-35 -1.0000000180025095e-35 52.970860470170514 1.0000000180025095e-35 -1.0000000180025095e-35 -1.0000000180025095e-35 0.043547393180888454 0.0040186195883121509 77.399092246387085 0.08282035436780906 50.464518599973921 20.931274275011383 -1.0000000180025095e-35 2.3174999952316289 0.16974713082932427 0.0056332826527355009 83.36999893188478 97.549999237060561 81.604999542236342 55.855982814801209 0.035816823762050302 64.015178574124334 2.0693040072435882 53.0492605623323 0.06064041183468976 1.6545000076293948 67.588029330169562 48.260176468586259 1.5925000309944155 0.021991950681017055 13838400.000000002 0.18855444766915494 9014750.0000000019 0.016875940165149355 0.010307059381797103 175.09400243116349 133394800.00000001 0.0034971657126557005 0.063716609878901515 34.457001795442956 0.11313664322622362 124.96753311157228 0.0062240027414546513 0.013400056397445003 61382350.000000007 -1.6595416512575694 0.072833379868270362 57.762806460741722 92.645000457763686 0.057906734936804059 0.092492375448946118 0.0063809997520582508 1.0000000180025095e-35 10093600.000000002 36.711473937345545 -0.20846792042768666 0.013161530546863452 69.681098064809717 14211600.000000002
decision_type=2 2 2 2 2 2 2 2 2 2 2 2 2 2 2 2 2 2 2 2 2 2 2 2 2 2 2 2 2 2 2 2 2 2 2 2 2 2 2 2 2 2 2 2 2 2 2 2 2 2 2 2 2 2 2 2 2 2 2 2 2 2
left_child=1 2 7 30 21 12 13 -1 50 11 39 20 16 35 24 28 17 25 -18 56 26 -5 -23 -12 32 37 27 -10 -7 41 -2 -32 -15 -34 -35 -6 -29 -3 54 40 -9 42 -25 55 58 -16 -47 -40 -8 -28 -4 -31 -11 -14 -17 -37 -20 -13 -44 -60 -50 -62
right_child=3 5 8 4 6 15 48 10 9 52 23 57 53 14 45 38 18 -19 19 -21 -22 22 -24 29 -26 -27 49 36 -30 51 31 -33 33 34 -36 43 -38 -39 47 -41 -42 -43 44 -45 -46 46 -48 -49 60 -51 -52 -53 -54 -55 -56 -57 -58 -59 59 -61 61 -63
leaf_value=-0.028236654886179623 -0.026469830723657016 -0.01841397253248209 -0.0056032439163289909 -0.018124312794299494 -0.011854831378348587 -0.022391078591265906 0.019343459464063701 -0.0016774739682888752 0.027765498971630654 0.0038513834869461729 0.014467247151461823 -0.029095286000609871 0.0013897418367210478 0.028560690998771364 0.04250173857358109 0.023406099617724239 0.044259869559341081 -0.029539170577938808 0.0033864375210170745 0.0359404224862779 -0.015765415793139757 -0.0037632570940191131 0.041492546402850307 0.017525966213993018 -0.02182642156510051 0.03647719307666749 0.048957420697884502 -0.023340343227633318 0.020197144603597079 0.010536315527031263 0.043018867756525941 -0.013550893105668633 -0.024300837771187439 0.037649321346457355 -0.013795461955119695 -0.0033522538475607949 0.013694483052204215 0.022055699191839737 0.013584444708597942 -0.016379855761300757 0.03761680136481857 -0.023879073872851216 -0.024077232397176521 0.020443829398976415 0.0019769639659259499 -0.0052006892637817279 0.044663162220317881 0.037303140928791494 0.04713285533931752 0.023872739185956008 -0.028821209436086525 -0.017708329858848942 -0.021829893964027548 -0.026106612724603368 0.04882785550575635 0.043682519295337917 -0.030156787279312917 0.002904589103692329 -0.024506528921209584 0.013711468514066634 0.047697032272348623 0.019830628670636653
leaf_weight=225.31294332444668 14.773081064224241 7.3188412636518532 10.646573662757875 10.649677455425264 2.2393914163112631 5.7311519533395794 6.7240128815174094 8.9665893316268974 21.621687442064285 7.5811549574136761 7.5412649214267722 7.1753510087728483 6.7003470510244396 11.478565588593485 24.586732476949692 6.1833761483430854 15.112824365496634 9.6294196844100934 6.3041850626468676 10.159797072410582 6.1332836747169486 9.515473812818529 8.7497294545173627 10.674950450658796 10.583929061889647 9.4611832797527295 14.203525856137277 6.320943981409072 11.658862933516501 10.468334197998049 4.6188943833112743 13.332404419779776 7.7948203980922726 6.7867985069751722 5.234381377696991 1.4975023716688145 8.6629148423671705 4.836461141705513 13.273381173610689 6.1497535258531562 7.4333771765232077 173.99397161602974 75.814688920974731 11.483167707920073 9.2880619317293149 8.3536239117383975 9.9791642725467664 16.677858754992485 92.929611638188362 10.084923356771467 15.863978788256643 7.2801366448402396 16.486102312803268 12.330462992191313 27.39892041683197 51.153973832726479 4.8814804404973984 5.1607393473386765 17.674833431839946 8.7909786701202375 7.9514520466327694 8.9766689985990507
leaf_count=522 40 29 26 35 6 13 20 26 59 25 19 38 27 35 59 19 32 35 25 28 29 30 20 24 46 26 31 29 29 28 10 34 37 18 24 4 31 14 44 19 20 724 284 33 30 33 23 40 199 30 47 22 72 59 60 120 25 17 52 27 17 24
internal_value=-8.67529e-07 -0.0101562 -0.0169099 0.0267288 0.0309344 0.0180147 0.0337738 -0.0214179 0.00284376 0.00856996 -0.0169528 0.0153356 0.00724227 0.026299 0.0181366 0.0295607 0.013895 0.00104253 0.0249101 0.0112102 0.0210491 0.00464195 0.017916 -0.0186513 0.00216611 0.0146657 0.0247571 0.0156107 0.00616153 -0.0194467 -0.0113985 0.00100459 0.0102805 -0.000308489 0.0152487 0.0367271 -0.00192867 -0.00231154 0.0359654 0.00726601 0.0161329 -0.020549 -0.0158092 0.0384235 -0.0189987 0.0337197 0.0219419 0.0267918 0.0434663 0.0385419 -0.0194969 -0.00104918 -0.0137403 -0.0164257 0.044147 0.0423448 -0.011252 -0.0157083 -0.0209035 -0.0118119 0.0449428 0.03292
internal_weight=1196.38 866.99 699.331 329.393 296.669 167.659 267.754 569.39 129.941 103.431 344.077 79.3634 86.735 151.172 84.798 80.9236 67.7042 31.2459 36.4583 21.3455 67.0273 28.9149 18.2652 321.527 41.8785 21.6165 60.894 36.6055 17.39 313.986 32.7244 17.9513 31.2946 19.816 12.0212 66.374 14.9839 12.1553 63.5335 22.5497 16.4 296.237 122.244 64.1346 111.569 42.9195 18.3328 29.9512 116.582 24.2884 26.5106 17.7485 24.0673 19.0308 33.5823 52.6515 11.1857 12.3361 102.281 26.4658 109.858 16.9281
internal_count=3603 2736 2231 867 783 505 698 1797 434 361 1275 264 300 438 275 205 214 104 110 78 209 85 50 1210 160 69 180 119 42 1191 84 44 114 79 42 163 60 43 163 65 46 1141 417 157 393 115 56 84 260 61 73 50 97 86 79 124 50 55 363 79 240 41
is_linear=0
shrinkage=0.03


Tree=12
num_leaves=63
num_cat=0
split_feature=29 19 19 29 5 69 56 26 4 73 73 83 45 46 3 60 43 47 25 80 37 56 47 70 82 77 82 86 24 14 26 64 73 17 47 5 4 60 61 66 52 66 24 55 56 67 56 46 7 20 25 80 43 37 46 55 80 65 14 4 17 11
split_gain=632.834 235.107 33.2995 18.588 17.5452 12.3922 10.8589 10.4562 13.6455 9.39252 9.93728 7.73986 7.6411 10.106 7.59427 6.76295 7.61237 6.40406 6.16095 7.26415 9.4505 6.3451 8.74747 8.77135 8.46236 7.52383 9.01186 6.12928 7.02673 8.19286 6.11833 5.89327 5.82296 9.46539 5.74367 6.21634 5.52186 5.41964 9.71704 5.07889 4.5435 4.15903 4.30162 3.90758 4.02267 4.11252 3.79352 5.70039 4.38443 4.58242 3.51754 3.22477 3.16186 2.84652 2.69539 6.17552 2.55184 2.75299 2.26748 3.69924 2.17944 2.00926
threshold=-1.0000000180025095e-35 -1.0000000180025095e-35 -1.0000000180025095e-35 1.0000000180025095e-35 71.68129051436047 73.704998016357436 0.091052773296591269 0.19446707772167923 941785600.00000012 0.78010206464053777 0.86530612187762312 0.013932756397067753 -0.60980488739014749 0.0067873593789543009 146.37623596913144 2.6184999942779545 9846850.0000000019 0.097571414911174562 44.624429836429805 19025600.000000004 0.0075611789430678009 0.065417666065922656 0.10959002408242341 80.465000152587905 0.63338160575095881 10.644114169905388 0.13787739826637593 29.503111843027941 12129450.000000002 55544500.000000007 0.60031562660754656 -0.094859001855350983 -0.094538406940244998 0.011492599584134752 0.11196376565847506 52.468744933009297 79811200.000000015 2.279500007629395 1.9514999985694887 0.38859703461111805 11.500000000000002 0.10072946734932137 9094150.0000000019 -1.2269106701675179 0.035816823762050302 73.085002899169936 0.056292136300487357 0.0095945605994470027 0.019588225147350154 26.809634208679203 30.743153203698935 22320400.000000004 4280850.0000000009 0.0044096479960616013 0.011808225292096202 -0.27492785005767922 17657600.000000004 0.023204863011616454 60669400.000000007 462582400.00000006 0.0076872030875548012 20.228514691931871
decision_type=2 2 2 2 2 2 2 2 2 2 2 2 2 2 2 2 2 2 2 2 2 2 2 2 2 2 2 2 2 2 2 2 2 2 2 2 2 2 2 2 2 2 2 2 2 2 2 2 2 2 2 2 2 2 2 2 2 2 2 2 2 2
left_child=2 3 61 4 31 11 12 39 9 14 -11 -3 36 30 18 16 32 -17 19 -9 -21 22 23 25 37 26 -20 28 -5 -30 -14 -2 -15 -34 -8 -36 -4 38 -25 46 -33 -42 -43 -44 -45 -46 47 53 49 -49 -19 -6 -24 -7 -23 -56 57 -47 60 -60 -54 -1
right_child=1 5 6 27 51 7 34 8 -10 10 -12 -13 13 15 -16 17 -18 50 21 20 -22 54 52 24 -26 -27 -28 -29 29 -31 -32 40 33 -35 35 -37 -38 -39 -40 -41 41 42 43 44 45 56 -48 48 -50 -51 -52 -53 58 -55 55 -57 -58 -59 59 -61 -62 -63
leaf_value=0.038401108645321411 -0.029645211799956984 0.021196322718840643 0.0091275891676696752 0.019778903690090482 -0.012497163990907681 -0.0056818261667422165 0.025075201927469166 -0.022068274842461037 0.016367835424835303 0.029852905476024944 -0.017405635272488302 -0.021094110579315237 -0.021797959697848687 0.041933661988091411 0.011826540985410553 -0.0014397496988992232 -0.0012290253218257574 0.016017006537936241 -0.023480941470427594 0.028597655699426561 -0.016511207306319775 -0.028721702322971783 -0.007381915838466261 -0.028782112770493092 0.016698314565765312 0.034594302857077479 0.025381507499267698 0.029024842428374015 -0.029621302538108765 0.015210304577312095 0.021740239758387597 -0.029111075167818325 0.033304709233856734 -0.01929341978331214 0.010654478930301156 -0.029494465716790659 0.047054733956856741 -0.026073840716352222 0.016444793473936813 0.0028878883659674485 0.015781325858778922 -0.030427076651179275 0.0050443530690789766 -0.031018046573843217 -0.0028987220959214074 0.025455883128637342 -0.025970516206313621 -0.028901290739618599 0.015074084146930764 0.0065076301219163619 0.044886843511529273 0.017338297804332423 -0.013312698731364701 -0.027300732415477702 -0.028569827255932378 0.01368916143559344 0.047647650567664311 0.044480460804240528 -0.028813112255193049 0.006357373101219828 -0.026422723207394697 0.047552184214184452
leaf_weight=25.714202269911766 1.2377833575010289 10.73814630508423 3.9116094112396231 8.0232547223568016 8.5276429206132871 6.4556478708982459 12.605178490281107 14.714532867074015 10.867630213499067 7.5224267244339016 8.5629217773675901 6.1116126030683509 5.872437506914137 14.543758034706114 7.1704300194978705 3.3840048909187308 10.447272941470144 4.2812242209911338 8.9333923608064669 8.6603140234947222 8.07970944046974 88.09308123588562 11.653500303626059 8.3517491817474383 6.4873337447643271 6.2120197713375083 5.4815458953380576 6.7735490649938574 10.863461986184122 5.539360597729682 5.7485630810260773 0.94532126188278098 8.6262104511261004 4.7885374426841727 11.044238343834879 5.0614034384489051 29.585658147931099 36.695236295461655 8.759814187884329 6.2276739031076422 7.5451724827289572 0.7918800413608541 2.7940414845943442 0.68764863908290763 1.7991984039545048 12.417601406574251 275.80526031553745 8.1028565764427203 6.723098784685134 5.5372005999088278 33.675638765096664 5.2786607593297949 12.852303862571715 36.320208594202995 9.3962643146514875 4.6536896079778662 42.540665000677109 15.256341055035589 5.1872500926256162 5.5941974520683289 101.87218579649925 134.77223169803619
leaf_count=53 5 27 13 22 29 17 34 45 29 19 30 26 25 30 22 10 33 12 27 21 25 354 35 35 16 13 15 17 38 14 17 5 20 20 34 25 56 129 27 19 21 4 10 2 7 31 1010 32 20 15 66 14 35 116 41 15 77 30 25 17 341 231
internal_value=-2.20256e-05 -0.0130842 0.03653 0.0239861 0.0303033 -0.019579 0.026544 -0.0201654 -0.0167715 -0.0177321 0.00469515 0.00585707 0.0303692 0.0258757 -0.0187374 0.0296844 0.0206203 0.038105 -0.0193605 -0.0066911 0.00682549 -0.020605 -0.0177149 -0.0098926 -0.0156696 0.00699405 -0.00490009 0.00377434 -0.00322784 -0.0144813 -0.000260908 0.0353422 0.0287848 0.0145292 0.00990792 -0.00196284 0.0426258 -0.0195721 -0.00562939 -0.0239587 0.0362911 0.0370286 0.03913 0.0398596 0.0411976 0.0418872 -0.024452 -0.0178187 -0.0047539 -0.014527 0.0416306 -0.00108996 -0.0223299 -0.024038 -0.0267755 -0.0145726 0.0430348 0.0359439 -0.0237179 -0.0105641 -0.024954 0.0460859
internal_weight=1192.91 878.845 314.062 131.022 99.822 747.823 153.576 730.973 385.802 374.934 16.0853 16.8498 124.865 91.3676 358.849 79.7466 38.4058 41.3409 351.678 31.4546 16.74 320.224 218.081 80.9211 60.2941 20.627 14.4149 31.1996 24.4261 16.4028 11.621 86.0157 27.9585 13.4147 28.7108 16.1056 33.4973 53.8068 17.1116 345.172 84.7779 83.8325 76.2874 75.4955 72.7015 72.0138 338.944 63.139 20.3632 13.6401 37.9569 13.8063 137.159 42.7759 102.143 14.05 70.2146 27.6739 125.506 10.7814 114.724 160.486
internal_count=3603 2924 679 326 235 2598 395 2545 1316 1287 49 53 302 233 1238 191 103 88 1216 91 46 1125 715 262 207 55 42 91 74 52 42 192 70 40 93 59 69 191 62 1229 187 182 161 157 147 145 1210 200 67 47 78 43 453 133 410 56 138 61 418 42 376 284
is_linear=0
shrinkage=0.03


Tree=13
num_leaves=63
num_cat=0
split_feature=54 29 37 9 9 9 50 29 29 56 35 56 7 52 41 29 80 56 56 73 26 28 56 56 81 46 47 29 56 15 16 35 84 63 46 36 3 16 49 9 45 7 55 49 58 63 73 37 15 68 43 45 15 15 84 64 67 67 35 75 45 21
split_gain=104.888 84.7216 72.0453 30.8456 30.4924 25.9796 22.5363 18.0951 20.0831 26.7534 12.73 12.6755 12.5401 14.6335 12.4667 12.2191 9.49999 9.19923 7.85603 8.23661 8.10619 7.39839 7.37651 7.28967 7.87062 10.2128 7.27324 7.05435 7.01278 10.9716 7.5913 8.65036 6.81096 6.80471 6.67126 6.50544 5.81284 10.9202 7.08522 5.49086 5.43886 5.38822 5.24063 6.00771 9.37301 5.09939 5.09673 7.18634 5.05545 5.31199 10.3392 4.98101 4.88518 4.88187 4.84016 5.43106 4.80174 12.1805 4.7198 4.94286 4.42156 4.38249
threshold=53.186822284275017 -1.0000000180025095e-35 0.0063431030852144502 -1.0000000180025095e-35 1.0000000180025095e-35 -1.0000000180025095e-35 15.50500011444092 -1.0000000180025095e-35 1.0000000180025095e-35 0.15427429690398178 52.545783080531784 0.090007086462907351 0.008490327721149651 12.204999923706056 166.60500335693362 1.0000000180025095e-35 21679900.000000004 0.092220311160643512 0.055830667961792459 1.0000000180025095e-35 0.78872230960416101 0.10271754623682706 0.096472642437318012 0.082364272122991466 68.952722861824967 0.0092886239626616511 0.11681212175648877 1.0000000180025095e-35 0.088292938505477966 58.805872105250664 -0.15285359408690444 40.242468101130505 0.02803143967647265 52.388301299351873 0.0092187199056907518 0.50051173409161021 28.72316307961545 0.58947646976493762 14.025000095367433 1.0000000180025095e-35 0.62341961672762392 0.016459053942949557 -0.89693771043729231 23.914999961853031 2.7875000238418584 45.474561468118303 -0.29107038876050234 0.004543355496327851 63.10787440154656 97.805000305175795 8774900.0000000019 -1.7287042542669864 59.682821920765427 83.269678719825166 0.034534319447183957 -0.020716973292068598 81.545001983642592 81.020000457763686 60.13465722105817 1.1069442921433295 -0.60980488739014749 15.106557512922272
decision_type=2 2 2 2 2 2 2 2 2 2 2 2 2 2 2 2 2 2 2 2 2 2 2 2 2 2 2 2 2 2 2 2 2 2 2 2 2 2 2 2 2 2 2 2 2 2 2 2 2 2 2 2 2 2 2 2 2 2 2 2 2 2
left_child=1 3 11 -1 5 18 45 61 9 28 14 12 13 -3 16 32 35 -18 -4 20 -20 -15 42 24 25 54 -24 56 48 30 31 40 58 41 52 -7 37 38 -35 -10 60 -14 43 44 -5 -6 -44 -48 49 -9 -51 -49 -34 -26 55 -12 57 -27 -8 -60 -30 -2
right_child=7 2 4 22 6 10 15 8 39 -11 23 -13 33 21 -16 -17 17 -19 19 -21 -22 -23 26 -25 53 27 -28 -29 29 -31 -32 -33 34 36 -36 -37 -38 -39 -40 -41 -42 -43 46 -45 -46 -47 47 51 -50 50 -52 -53 -54 -55 -56 -57 -58 -59 59 -61 -62 -63
leaf_value=-0.025906002181572987 0.061088918518761727 0.043243587475030536 -0.012732036506395801 0.04562001370270611 0.016350957290700251 0.030978361384953201 -0.0083307073142920001 -0.0072774985994593618 -0.011300921977664542 0.047741389274473474 -0.012150456232355627 0.037247138902089486 -0.016864551637367345 -0.011877774135690827 0.052864188787655211 -0.015815828250958328 -0.017664374938823751 0.02650747573744152 0.044759077816104942 0.00057767965234506728 -0.0016344873244371822 0.026592796417956199 0.0033498835721366212 0.045969704487264541 0.045785600299341693 0.045361236327538017 0.05158724592294197 0.0034303837860585724 0.0012031178904445886 0.040204430347447306 -0.010384158473311688 0.046437100797847811 -0.010142231483769705 0.016610619149646601 0.034254973679576826 -0.0040015701818464922 -0.0079496069850801907 0.037247733288329532 -0.015617380104157044 -0.023173017085878402 -0.014277626563396848 0.0068166212771748344 0.015002685466194321 -0.014771913821080434 -0.0048569341183646812 0.051820576802747667 0.018827074784344335 0.033439738625300475 -0.01770097389544301 0.033141627147865622 -0.016464986848457156 -0.016027729481756181 0.0284694583589769 0.012274152573660621 0.030762627833952349 0.022060536885096262 0.051411724657272131 -0.010704444676441336 0.026689816858227539 -0.0087601841709019305 0.037774415130768874 -0.021514019553699203
leaf_weight=73.468128725886345 0.58091700077056785 10.232549205422403 13.541621595621107 7.0025323778390902 5.5008023828268078 24.005711570382122 22.577554434537888 88.435267001390457 85.863556712865829 9.4282575100660306 10.604532018303875 7.157095029950141 63.089591324329376 15.025547087192537 8.4727481007575971 25.919754862785339 12.815681710839273 6.3437015265226355 10.796517074108122 18.255344942212105 4.9406941235065451 6.421984151005744 7.2615537047386152 44.885051757097244 34.806653663516045 11.581848725676538 4.5923568457365036 5.6023657172918311 7.2220656871795672 6.8337164521217337 29.999068200588226 5.1753143817186347 7.9052700847387332 10.851979538798334 14.180434882640837 5.9762110114097586 45.255366399884224 8.7941658645868284 14.13786059617996 59.258891403675079 9.1564062386751157 10.020812064409254 8.1363694816827756 5.832110956311225 6.2800463885068893 10.830055013298987 6.7130334675312033 1.902780845761298 34.484021902084351 8.7897271513938886 6.6363855451345435 49.23407943546772 4.7038550078868866 4.407845050096511 7.0521778911352149 6.8896772116422662 16.29924276471138 4.9901003688573828 9.4033423364162427 5.6769578009843817 5.0599447637796438 117.49109260737896
leaf_count=144 3 46 33 32 20 98 64 247 235 44 28 31 157 40 41 68 32 25 49 54 14 25 22 206 160 53 22 18 22 30 80 24 22 39 60 17 126 38 36 142 23 33 28 14 17 52 24 8 84 37 16 114 19 15 29 26 78 13 37 16 22 251
internal_value=2.40072e-05 0.00723737 0.0129645 -0.0112441 0.0208848 0.0265712 0.0074403 -0.0109291 -0.00755656 -0.00165316 0.0312101 -0.00192173 -0.0034467 0.0137247 0.0192561 0.00157914 0.0134615 -0.00303901 0.00659105 0.0142888 0.0301938 -0.000358621 -0.000134011 0.0358914 0.0314666 0.0249004 0.0220377 0.0345469 -0.00396101 0.00429733 -3.70019e-05 0.0116263 0.00857513 -0.00702208 0.0201381 0.0240059 -0.000920274 0.00849587 -0.00162219 -0.0161487 0.00322289 -0.0136187 -0.00322235 0.0106098 0.0217543 0.0398732 -0.0072292 -0.010356 -0.00774836 -0.0044439 0.0118006 -0.0141871 0.00426192 0.0420188 0.00978081 0.00132273 0.0398502 0.0284789 0.000349337 0.0133447 0.0162698 -0.0211076
internal_weight=1194.79 720.376 549.953 170.423 358.966 252.268 106.698 474.415 356.343 211.22 204.734 190.987 183.83 31.6801 57.6141 90.3672 49.1413 19.1594 47.5342 33.9926 15.7372 21.4475 96.9549 147.119 102.234 63.0199 11.8539 38.4736 201.792 63.4465 56.6128 26.6137 64.4474 152.15 26.7896 29.9819 79.0394 33.784 24.9898 145.122 21.4384 73.1104 85.101 19.1147 13.2826 16.3309 65.9863 57.8499 138.345 103.861 15.4261 51.1369 12.6091 39.2145 24.5464 17.4942 32.8712 16.5719 37.6579 15.0803 12.282 118.072
internal_count=3603 2343 1918 425 1347 989 358 1260 1006 629 839 571 540 111 213 286 172 57 150 117 63 65 281 626 420 245 44 162 585 201 171 91 218 429 101 115 239 113 75 377 67 190 237 63 49 72 174 146 384 300 53 122 41 175 83 54 144 66 117 53 44 254
is_linear=0
shrinkage=0.03


Tree=14
num_leaves=63
num_cat=0
split_feature=19 29 9 29 9 9 29 29 29 18 54 37 15 81 87 68 54 12 70 6 56 44 54 54 58 18 80 45 15 64 19 56 56 54 20 81 15 56 5 15 61 27 63 26 14 5 37 83 43 68 45 64 80 16 81 54 83 43 18 66 49 56
split_gain=339.203 175.228 66.1563 54.909 22.4549 21.9258 19.9245 18.9297 17.9245 16.3912 16.2508 15.0689 15.0272 13.2206 21.7851 9.93912 10.6894 9.74347 9.26402 12.5024 9.03714 8.70278 6.88037 6.597 10.491 6.26501 7.9005 8.14088 6.15325 6.13218 5.82814 5.75865 5.60731 5.51002 8.49951 5.46226 5.15025 5.0401 13.8036 4.91939 6.25166 4.70052 4.57889 8.48353 6.43626 5.37655 4.53164 11.6315 4.438 4.64459 4.31133 3.94424 3.91812 3.70071 3.69526 3.34489 3.34763 5.73644 3.17101 3.09514 2.65806 2.39895
threshold=1.0000000180025095e-35 1.0000000180025095e-35 1.0000000180025095e-35 -1.0000000180025095e-35 -1.0000000180025095e-35 1.0000000180025095e-35 1.0000000180025095e-35 -1.0000000180025095e-35 -1.0000000180025095e-35 0.043547393180888454 46.78482805823041 0.0040186195883121509 76.019321597007789 50.464518599973921 20.931274275011383 97.68500137329103 49.440381356860591 226.94064852579291 81.604999542236342 0.42160063706423762 0.035816823762050302 64.015178574124334 67.588029330169562 48.260176468586259 1.563499987125397 0.021991950681017055 13838400.000000002 0.18855444766915494 42.760002471891006 0.013674334384574853 -1.0000000180025095e-35 0.08282035436780906 0.057906734936804059 55.144063785048132 70.778694152832045 55.999941964383829 72.168423678973284 0.063716609878901515 34.457001795442956 69.274785959899759 2.3445000648498535 0.012863580512152603 55.777163621908294 0.49942797771999642 53933900.000000007 69.355747181299904 0.0062240027414546513 0.013400056397445003 6591600.0000000009 75.434997558593764 -1.6595416512575694 0.013674334384574853 14490000.000000002 0.34411845797916385 57.762806460741722 55.716829996390324 0.013323037734094751 10093600.000000002 -0.0045595950322982496 0.27941162795734248 14.425000190734863 0.060431967930260656
decision_type=2 2 2 2 2 2 2 2 2 2 2 2 2 2 2 2 2 2 2 2 2 2 2 2 2 2 2 2 2 2 2 2 2 2 2 2 2 2 2 2 2 2 2 2 2 2 2 2 2 2 2 2 2 2 2 2 2 2 2 2 2 2
left_child=1 2 7 23 18 10 13 -1 54 12 31 29 15 48 21 16 32 30 -5 -20 -13 25 37 -2 -25 -15 -27 -28 -18 36 -12 39 52 34 41 -34 -9 38 -22 40 -3 -32 43 -40 45 -45 -16 -48 -6 -50 -8 -11 -10 -24 -4 56 57 -7 -51 -52 -60 -61
right_child=3 5 8 4 6 55 50 11 9 51 17 20 -14 14 46 -17 28 -19 19 -21 22 -23 53 24 -26 26 27 -29 -30 -31 33 -33 35 -35 -36 -37 -38 -39 42 -41 -42 -43 -44 44 -46 -47 47 -49 49 58 59 -53 -54 -55 -56 -57 -58 -59 60 61 -62 -63
leaf_value=-0.027888662377637801 -0.026195827822033581 -0.0080440001778697562 -0.0057731682341077362 -0.017761367057459135 0.019649614213720214 0.030761707009584457 0.018493091452383474 0.0095555125918481993 0.031957302224925592 -0.023353688310085614 0.0056347628808606975 0.014060136373473121 -0.02409542402443595 0.027434169806472872 0.040689969381423774 -0.016289058932348884 0.018927592982425561 -0.0073344489132816356 0.035489762029221439 -0.01663371806397396 0.016936561920180764 -0.021594253884573623 -0.012784607584729294 0.038443707097911423 -0.013079996791763243 -0.024015479558393039 0.036270565730944365 -0.013491006455896374 0.046745755949785528 0.024770954456948404 -0.014183500670452383 -0.022166207403938487 0.016802865074240624 0.035856889950651887 0.036815628093275536 -0.019177265198086785 -0.029095850571586146 -0.023504390185757285 -0.022832267287932976 -0.013561920060406411 0.027656917960625436 0.021752136271928801 -0.025422792238137017 -0.0065647883779715007 -0.02890638498885172 0.024315156896792256 -0.0051440751708996457 0.04268669789374905 -0.031778067535987303 0.010442325162223157 0.045310634925170949 0.0015554626657820758 0.0043291421606038282 0.014940450494005613 -0.028636597604587973 0.043248560643930734 0.042915369336482947 -0.0067422390534299711 0.023379218697650299 0.041726509900821614 0.044524943260381922 0.019660597439344708
leaf_weight=221.80834731459618 14.623374372720717 7.8092342019081178 10.681653723120691 10.552351698279383 13.193182125687597 12.881707593798643 6.786303535103797 7.3643859475851077 12.738639086484911 14.447966679930689 14.093482628464697 7.5775299072265616 8.0297543704509717 11.611651584506037 24.948925524950027 6.4687304496765128 11.766201555728914 11.239269718527792 12.014114424586298 6.3204346299171439 10.751166522502897 10.513344839215277 10.141843155026438 4.8872778117656734 13.063935503363608 7.7238791584968594 6.8706665486097318 5.1969464719295502 18.265752971172333 9.8807131201028806 7.8543252944946307 12.055605679750441 7.182260960340499 30.041570886969566 10.492342695593832 8.0577524900436384 5.3616373091936111 171.65588539838791 34.780305489897728 10.694543570280073 10.154966846108435 5.6199941635131836 49.725215658545494 11.066014692187315 5.522146835923194 9.3723339289426786 8.3430739790201205 10.133386403322218 0.82040774822235008 3.0482211112976065 93.459067210555077 9.4720218479633314 7.2483890801668158 7.5649243742227545 15.732934534549711 21.858713492751122 8.5006267577409726 5.1332218497991553 6.089656949043273 9.7468413710594195 44.053430035710335 8.1353904604911786
leaf_count=522 40 29 26 35 36 36 20 25 36 60 39 19 37 35 59 31 36 36 30 20 24 46 32 11 33 37 18 24 40 23 28 57 23 78 27 37 17 724 131 39 31 18 179 32 20 31 33 23 4 7 196 37 24 18 47 46 20 21 18 21 98 23
internal_value=-2.01899e-06 -0.00993596 -0.0166093 0.0257527 0.029775 0.0175082 0.0324583 -0.0210678 0.00267077 0.00829159 0.0106374 -0.0166279 0.0148241 0.0252958 0.0174585 0.019181 0.022697 0.0185441 0.0046326 0.0175213 -0.0183096 0.00203086 -0.0190993 -0.0112377 0.000947504 0.00994022 -0.000323459 0.0148406 0.0358469 0.00703878 0.022815 -0.0047705 0.0114863 0.0272981 0.01657 -0.00222067 -0.0067288 -0.0201972 -0.015514 0.00254718 0.0121373 0.000804868 -0.0186722 -0.0131459 -0.000168779 0.00759571 0.0323501 0.0210886 0.0352482 0.0390583 0.0417078 -0.01349 0.0219378 -0.000939534 -0.019391 0.0345601 0.0273976 0.0200752 0.0401509 0.0431227 0.0419569 0.0316878
internal_weight=1193.23 861.094 692.665 332.136 299.561 168.43 270.674 562.572 130.092 103.677 120.055 340.764 79.7575 152.547 85.3419 71.7277 65.259 79.341 28.8869 18.3345 318.157 41.9165 310.58 32.5746 17.9512 31.4031 19.7915 12.0676 30.032 22.6067 68.1017 40.7144 35.227 54.0082 23.9667 15.24 12.726 292.873 121.217 28.6587 17.9642 13.4743 110.466 60.7408 25.9605 20.4383 43.4254 18.4765 67.2049 54.0117 118.128 23.92 19.987 17.7068 26.4146 48.3743 26.5156 18.0149 53.1913 111.341 50.1431 17.8822
internal_count=3603 2736 2231 867 783 505 698 1797 434 361 382 1275 264 438 275 227 196 226 85 50 1210 160 1191 84 44 114 79 42 76 65 190 156 120 151 73 60 42 1141 417 99 60 46 393 214 83 63 115 56 163 127 260 97 60 50 73 123 77 57 123 240 116 44
is_linear=0
shrinkage=0.03


Tree=15
num_leaves=63
num_cat=0
split_feature=29 19 9 19 9 29 5 8 39 85 68 75 4 73 17 9 47 56 43 27 55 80 54 56 73 74 56 6 43 74 72 46 3 45 66 49 51 89 24 3 75 47 74 66 46 80 47 16 4 63 65 55 16 10 52 34 43 43 14 52 69 70
split_gain=590.67 224.442 41.628 30.8082 17.3846 17.3454 16.4613 13.8416 15.2172 11.9521 10.8881 8.84777 8.72712 8.02318 7.47562 7.34098 9.64233 11.1463 8.15558 7.33115 7.02359 6.8546 6.82072 7.42094 5.97098 5.94927 5.90292 5.9555 5.82306 5.45507 8.29604 5.4342 5.08565 5.05511 5.00961 5.56108 4.14101 4.06348 4.01811 3.77021 3.75546 3.54349 3.47025 5.75371 3.34699 3.05494 3.04904 2.34804 2.24296 2.9956 1.89442 7.19921 2.28213 1.78592 4.27916 1.64629 1.6824 6.66897 2.15314 1.61477 2.45939 1.52607
threshold=-1.0000000180025095e-35 -1.0000000180025095e-35 -1.0000000180025095e-35 -1.0000000180025095e-35 -1.0000000180025095e-35 1.0000000180025095e-35 71.68129051436047 0.12225262509450506 122.12500000000001 34.488544464111335 74.324996948242202 1.0876892529420805 401289000.00000006 0.043070830408801407 0.020446996092860003 1.0000000180025095e-35 0.1154250709484272 0.055609169331880405 8267150.0000000009 0.013579961050762151 -0.57649520766604379 32313100.000000004 50.283409989483594 0.070398875356480109 0.41976262003252179 0.0049253723186808507 0.05412397305627021 0.012731515332148951 6488000.0000000009 0.0039466485010321512 56.170832659174629 0.006224666613730551 16.040729329167569 0.19617901780188163 0.10072946734932137 11.72499990463257 12.045000076293947 27789086.500000004 9094150.0000000019 147.87960190992411 1.0788617345911122 0.08324935444016951 0.0036108157391630505 0.23488015455325142 0.007229539822802551 22320400.000000004 0.11488446843747362 0.81021626057151519 808773000.00000012 39.026297668861197 0.023204863011616454 -0.87259610267593135 0.092232810018625558 20.137395858764652 22.994999885559086 41264000.000000007 12098450.000000002 12486100.000000002 76119250.000000015 10.934999942779543 93.18500137329103 92.735000610351577
decision_type=2 2 2 2 2 2 2 2 2 2 2 2 2 2 2 2 2 2 2 2 2 2 2 2 2 2 2 2 2 2 2 2 2 2 2 2 2 2 2 2 2 2 2 2 2 2 2 2 2 2 2 2 2 2 2 2 2 2 2 2 2 2
left_child=3 5 7 53 44 6 34 8 12 21 14 19 13 -3 -4 16 17 18 31 -10 33 22 23 25 -25 29 -7 -28 -15 30 -6 -12 -22 -20 -2 -36 -24 -19 -37 55 -40 -39 -38 -44 -5 -8 -43 -33 59 -50 51 -42 -53 54 -1 -18 -57 -58 -59 60 -17 -29
right_child=1 2 10 4 9 26 45 -9 11 -11 15 -13 -14 28 -16 48 39 37 20 -21 32 -23 36 24 -26 -27 27 61 -30 -31 -32 47 -34 -35 35 38 42 41 40 -41 50 46 43 -45 -46 -47 -48 -49 49 -51 -52 52 -54 -55 -56 56 57 58 -60 -61 -62 -63
leaf_value=0.018483958814087705 0.011877953125907127 -0.023292204374969878 0.021599199221637846 0.027335552197475355 -0.00048854489910405601 0.022094480167541758 -0.0122823549502974 0.041293042677808943 0.022671657995380349 -0.021434386526001131 0.0036744152396932404 -0.026901389545575697 0.030185130914975284 0.027755806693198087 -0.020958305765250759 -0.0021972485861202688 -0.0090006235431280574 0.0029334631535317779 -0.02874501541511475 -0.021410442620061147 0.02991436526476662 -0.0052840845997689876 0.00062664806131510365 -0.022439591744526411 0.020866519166018123 0.001431470941750066 0.01161500911046214 -0.029671059876149056 -0.0082618604789110872 0.043865066763765927 0.037897337863735246 -0.028637922810486369 -0.0006901506627229381 0.0034913572124453851 -0.029310141218149711 -0.030111692272413754 0.048297425959636736 -0.0012340984735962582 0.023325811321206282 -0.0055336311531204701 -0.030660573326061664 -0.024029847489229851 -0.0045642534689733314 0.035795193689582103 0.045291788687574254 0.016721517131470565 -0.0010731183217535859 -0.0087137953275044106 -0.028198315719398511 -0.0013969854472221045 0.046382722821319833 0.027372077001265781 0.044698481892938652 0.045503955075208317 0.044812506386376391 -0.0284803950379122 0.010778396452855624 -0.028449160074531809 -0.012048955139249187 -0.027592375940865117 -0.028385210515783049 -0.0068931314220645806
leaf_weight=7.8959549367427853 8.2228745073080045 8.6861465722322482 8.6566325426101667 12.751178517937658 10.073355108499529 10.453784480690958 8.4875618964433652 6.9181347489356986 7.6329283565282804 6.2791061103343955 9.1647998839616758 24.989281311631203 13.165341451764105 9.4328006058931368 6.5072794407606116 5.8073389381170255 5.0584210604429236 6.3151809722185126 7.4360445737838772 6.1160117983818054 10.838640674948694 8.0796655714511854 3.2359429895877829 6.8808037191629392 4.9102494567632675 9.3913560658693296 9.6892298012971896 6.6526311933994275 7.0660199522972098 12.752012923359869 10.196287810802458 19.206771492958072 8.8988826572895032 10.645989671349524 1.1392636746168125 0.78407810628414054 13.168244898319243 7.1587466895580283 12.813531830906866 8.6346942186355573 1.3936498165130533 112.80127727985382 3.8345419764518764 18.59777520596981 34.949391677975655 5.3151271641254416 5.4589582383632651 7.3646095246076575 7.6555020064115507 7.3633778840303421 31.354960441589355 10.163784146308908 20.932243302464485 135.91133627295494 18.745954766869545 110.86130224168301 5.0583883821964255 39.215919837355614 8.8262697756290418 228.75555092096329 7.265248715877533 4.3967598229646683
leaf_count=21 23 37 20 30 35 25 29 13 19 28 25 89 34 24 26 16 16 23 33 27 25 29 11 28 15 34 24 26 25 26 23 67 29 36 6 4 23 27 34 37 7 453 11 39 63 14 22 23 21 19 56 26 36 230 33 447 19 163 31 725 27 16
internal_value=-3.16799e-05 -0.012806 -0.0192383 0.0349856 0.025421 0.0232584 0.0293183 0.000643326 -0.00300469 0.0187274 -0.0217884 -0.0162667 0.0103914 4.43526e-05 0.00333653 -0.0223839 -0.0197521 -0.0153237 -0.00596869 0.00306239 0.00374169 0.0212212 0.023523 0.0166475 -0.00440526 0.0225002 0.00371287 -0.00555281 0.0123304 0.0284922 0.0188208 -0.0162452 0.016116 -0.00976551 0.0341572 0.0364886 0.0331191 -0.0205472 0.0374565 -0.0248694 0.0381476 -0.0217295 0.0360725 0.0288962 0.0404918 -0.00111357 -0.0229702 -0.0231157 -0.0263077 -0.0150583 0.0411224 0.0360457 0.0390353 0.0441117 0.0370094 -0.0258572 -0.0263772 -0.0219863 -0.0254361 -0.0270063 -0.0167515 -0.0206073
internal_weight=1188.42 870.762 738.962 317.653 155.1 131.799 100.607 84.0067 77.0885 107.399 654.956 38.7382 38.3503 25.185 15.1639 639.792 382.945 205.29 73.5557 13.7489 37.8196 101.12 93.0406 54.2041 11.7911 42.413 31.1924 20.7386 16.4988 33.0217 20.2696 35.7362 19.7375 18.082 86.8044 78.5815 38.8365 131.734 77.4422 177.655 76.6582 125.419 35.6006 22.4323 47.7006 13.8027 118.26 26.5714 256.847 15.0189 63.8446 32.4897 31.096 162.553 26.6419 169.02 163.962 53.1006 48.0422 241.828 13.0726 11.0494
internal_count=3603 2924 2598 679 395 326 235 268 255 302 2330 135 120 86 46 2284 1476 763 238 46 123 274 245 161 43 118 91 66 49 84 58 115 54 69 192 169 84 525 163 713 159 502 73 50 93 43 475 90 808 40 125 69 62 284 54 676 660 213 194 768 43 42
is_linear=0
shrinkage=0.03


Tree=16
num_leaves=63
num_cat=0
split_feature=19 19 37 54 57 0 29 29 29 56 55 7 88 81 9 29 72 37 70 8 57 29 45 26 40 80 51 8 20 55 54 56 80 44 56 65 35 54 54 9 72 8 45 75 35 37 31 16 45 8 54 72 84 16 16 55 74 74 46 45 75 8
split_gain=103.411 100.385 74.7436 50.0159 22.6439 22.1246 19.8741 19.6804 19.2502 15.3895 14.9688 14.4074 13.5724 17.7661 12.7936 12.1424 10.5534 10.2127 11.3087 8.95072 8.27194 8.27087 8.18896 7.48593 7.46094 8.36312 7.1614 7.12771 10.4018 6.74808 6.40746 6.10321 6.04382 5.94881 5.868 5.59736 7.26642 5.54275 5.27941 5.22259 6.57763 4.78935 4.71947 5.92467 4.64068 4.49426 5.53771 5.54148 4.45571 4.40444 4.39446 4.26154 4.10798 4.14385 4.06104 4.03195 4.51399 3.9787 3.9323 3.90071 7.07385 3.86807
threshold=-1.0000000180025095e-35 1.0000000180025095e-35 0.0064033428479336012 53.186822284275017 2.5866354968977499 21.551394462585453 -1.0000000180025095e-35 1.0000000180025095e-35 -1.0000000180025095e-35 0.05123923267359496 -0.80376047149606566 0.0081808751370556019 21.168544594840139 50.464518599973921 -1.0000000180025095e-35 1.0000000180025095e-35 37.957296289573016 0.0043674650043562507 80.514999389648452 0.083753834569836053 3.236126175449701 -1.0000000180025095e-35 0.12077425435384721 0.045539897630472809 120.02999877929689 12779600.000000002 11.215000152587892 0.06168725191724906 89.089958190917983 -0.34163016477983005 33.808198343036025 0.072198063836744222 10993000.000000002 40.998569150478708 0.059471939422827608 0.027687888316041052 70.332639155362315 32.716147222199133 49.936982181974109 1.0000000180025095e-35 79.461915485230591 0.13864860090531672 1.0367177854537888 1.1064754479856258 70.876961012532291 0.0051157907267261006 175.2711061371339 1.7637848339376421 -2.5268553254348869 0.093432128093308822 47.641112167023437 37.176105446465428 0.024630882121444004 0.056968338417153305 0.90458367890709479 -1.4346682866944407 0.0045360903089297503 0.0050203488652026508 0.007509078182865201 -0.087500602570372579 1.1033136010729596 0.069490151329385921
decision_type=2 2 2 2 2 2 2 2 2 2 2 2 2 2 2 2 2 2 2 2 2 2 2 2 2 2 2 2 2 2 2 2 2 2 2 2 2 2 2 2 2 2 2 2 2 2 2 2 2 2 2 2 2 2 2 2 2 2 2 2 2 2
left_child=6 2 4 8 11 20 -1 12 14 16 23 33 13 52 -4 21 -10 50 -19 22 51 -7 -16 -8 25 -15 -12 -18 -29 -26 -11 -31 34 -2 -28 45 -37 -14 44 40 55 -23 43 61 49 -6 -47 -48 -9 -20 54 -5 59 -54 -13 56 -32 -27 -17 60 -3 -41
right_child=1 7 3 5 35 15 10 48 9 30 26 17 37 24 19 58 27 18 38 -21 -22 41 -24 -25 29 57 32 28 -30 31 39 -33 -34 -35 -36 36 -38 -39 -40 42 -42 -43 -44 -45 -46 46 47 -49 -50 -51 -52 -53 53 -55 -56 -57 -58 -59 -60 -61 -62 -63
leaf_value=-0.024369466910581696 0.013259254765531688 0.024076678873092949 -0.021870294883617157 0.010933723274363132 -0.023331391314123415 0.0019604605522237657 0.0016457253912734789 0.017313645506529751 0.035274976895561881 0.043643557984061207 0.025419649690690712 -0.0087132433714797054 0.013695487906162582 0.028507675397500362 -0.0129792820859381 0.016549318029397454 -0.013136872189392534 -0.014885863316763878 -0.0054182788826781358 0.038770789945659009 0.0081749578576524335 0.035352932975211172 0.027945916161673207 0.040768000944509011 0.040292975722916582 -0.017662508288813727 -0.010813617912139212 0.043485859310311896 -0.0103002181818203 -0.0063518529598908038 0.0028715470566268268 0.031671129153217951 -0.01683089539883861 0.050158060956329166 0.029457057147771654 -0.010601991539253335 0.028671008013637731 -0.01461762303093026 0.053041612766221553 0.015623702779879126 0.0065040068930520625 0.0025357431478104063 0.039021207284199493 -0.00073092668518188683 0.032584921867006358 -0.015481744244106406 0.0253523680771446 -0.010218193777769115 -0.019864663646575593 0.026110583885400673 -0.014526690673005745 -0.017027289887432111 0.019981679670527646 -0.012988990744023614 0.018404047535700775 0.038013488614474684 0.040132831688093513 0.01129347989110226 -0.013599658898092084 -0.022145942107827367 -0.020103257271996113 0.051090187710013266
leaf_weight=139.38608042895794 7.0753427594900122 5.5771318674087507 9.9848829656839353 5.5295999348163596 35.36297544836998 11.081729277968405 11.115601092576982 2.9765851050615302 13.013728529214857 45.23799429833889 4.3592705428600302 10.621399298310282 6.7676558941602698 8.5157647877931613 10.330459490418439 5.6978706419467953 13.353270009160044 9.5914259999990445 9.8140352517366498 11.034227609634398 22.276613801717758 33.399126172065735 7.6656426638364783 7.2880418747663489 14.480048835277559 12.020701944828035 8.5285211503505689 6.8508351147174817 6.1329807490110397 8.0061787962913495 6.5962395519018155 7.2306718230247489 85.723159328103065 8.8521195501089078 5.2680959850549689 12.157746106386186 6.5107481181621543 77.308024108409882 4.3361491113901129 7.4706821441650408 7.3742485940456381 4.5472825467586508 8.9067488312721235 12.679660305380819 10.933544114232062 42.133706033229828 6.9674263596534756 9.076837480068205 114.58081315457821 6.7168463170528403 27.417215511202812 43.481241345405579 7.3821562677621824 6.4094861745834351 9.3419822007417661 89.934179052710533 5.2589582651853561 6.6242878735065451 12.295333221554754 22.767728567123413 7.8565569072961807 4.3961899429559708
leaf_count=284 24 22 21 19 79 33 33 11 55 205 17 29 24 34 25 21 34 24 27 48 74 141 30 32 64 29 22 31 17 22 21 30 201 42 21 32 26 202 21 27 24 14 39 39 45 105 27 24 288 26 71 106 28 17 34 389 23 23 33 54 19 21
internal_value=3.49911e-05 0.00472295 0.0116677 0.0192863 -0.00254065 0.00465118 -0.0166255 -0.00926638 0.0268896 0.0302325 -0.00779845 0.00749393 -0.00332104 0.00377309 0.0074221 0.0170259 0.0131734 0.00278009 0.0136667 0.0174971 -0.00698297 0.0247616 0.00445327 0.0171386 0.0152407 0.00387545 -0.0122164 0.00225246 0.0180797 0.0256283 0.033806 0.011692 -0.013865 0.0337668 0.00456332 -0.0119037 0.0030947 -0.0123386 0.0222785 0.0306856 0.0338636 0.0314203 0.0203151 0.0135275 0.0174216 -0.014897 -0.00977022 0.00522878 -0.0189233 0.00739256 -0.00673056 -0.0138726 -0.00927371 0.00465899 0.00397645 0.0358457 0.0194006 -0.00737488 -0.00405244 -0.0145816 -0.00176151 0.0287626
internal_weight=1191.61 929.943 621.439 404.53 216.909 138.309 261.669 308.504 266.221 227.206 122.283 104.7 190.946 106.871 39.0152 67.0213 39.3508 88.7726 41.392 29.0303 71.2875 49.0281 17.9961 18.4036 56.8777 27.1608 103.879 26.3371 12.9838 29.7169 187.855 15.2369 99.5198 15.9275 13.7966 112.209 18.6685 84.0757 31.8006 142.617 109.164 37.9464 33.4533 24.5465 27.4644 93.5409 58.178 16.0443 117.557 16.5309 47.3806 49.0108 49.9931 13.7916 19.9634 101.789 11.8552 18.645 17.9932 36.2014 13.4337 11.8669
internal_count=3603 2993 2126 1490 636 441 610 867 1049 925 326 343 568 342 124 242 137 277 143 103 199 188 55 65 202 86 261 82 48 116 788 52 244 66 43 293 58 226 119 583 457 155 126 87 98 235 156 51 299 53 134 125 140 45 63 433 44 52 54 95 41 48
is_linear=0
shrinkage=0.03


Tree=17
num_leaves=63
num_cat=0
split_feature=19 29 9 29 9 9 29 29 29 18 54 37 15 55 20 35 65 68 54 56 64 50 64 73 56 26 54 58 44 18 16 65 80 64 54 15 25 56 56 5 15 51 63 26 5 5 45 45 56 26 64 64 81 8 46 83 18 54 7 43 66 66
split_gain=319.51 166.073 63.68 51.0778 21.0984 20.1483 18.4298 18.1551 16.8506 15.525 15.0894 14.3288 14.2512 12.2458 12.1176 10.3149 10.3126 9.10085 10.6463 9.04845 8.8765 7.8813 8.17223 6.92433 9.38709 6.6689 6.36986 9.97233 6.30361 6.2358 6.03373 5.85765 7.85826 5.80958 5.74514 5.71263 5.54737 9.48007 5.26902 13.0583 4.97233 4.88156 4.87719 9.08097 6.85521 7.51832 4.16862 4.07021 4.04692 5.88133 3.79812 3.71296 3.6107 3.27786 6.32842 5.17984 3.07398 3.073 3.11764 3.72774 2.84438 2.33949
threshold=1.0000000180025095e-35 1.0000000180025095e-35 1.0000000180025095e-35 -1.0000000180025095e-35 -1.0000000180025095e-35 1.0000000180025095e-35 -1.0000000180025095e-35 1.0000000180025095e-35 -1.0000000180025095e-35 0.043547393180888454 46.78482805823041 0.0040186195883121509 77.046738769877251 -0.20846792042768666 50.938331604003913 55.20474556557479 0.020917401172198206 97.68500137329103 49.440381356860591 0.035041137106857655 0.00099590616754015033 19.744999885559086 0.014112147282601401 0.39352162755886871 0.064829949198697667 0.26344692149419485 48.260176468586259 1.6974999904632571 39.319918466986387 0.021991950681017055 0.20320731622816268 0.013964890328932751 23533600.000000004 0.013674334384574853 67.588029330169562 42.760002471891006 68.636954826353914 0.051724265060205409 0.063716609878901515 34.457001795442956 72.168423678973284 18.164999961853031 55.777163621908294 0.49942797771999642 67.035799270341826 74.895330114947754 1.2857953763865668 -1.6595416512575694 0.11313664322622362 -0.16678657072315409 0.013674334384574853 -0.014607996076319197 57.762806460741722 0.066176609101164366 0.0071398591880472003 0.012479648581699801 0.022823755357757002 55.716829996390324 0.011757431634632852 10129550.000000002 0.27941162795734248 0.32194368294660008
decision_type=2 2 2 2 2 2 2 2 2 2 2 2 2 2 2 2 2 2 2 2 2 2 2 2 2 2 2 2 2 2 2 2 2 2 2 2 2 2 2 2 2 2 2 2 2 2 2 2 2 2 2 2 2 2 2 2 2 2 2 2 2 2
left_child=1 2 6 26 20 10 -1 13 52 12 31 33 17 14 15 -6 28 18 36 -13 25 30 -23 24 -16 -5 -2 -28 -12 -17 -18 -3 46 40 38 -20 37 -10 39 -21 -8 -39 43 61 -45 -46 -33 -9 53 -50 -11 -30 -4 -15 -55 -56 -36 58 -7 -60 -49 -41
right_child=3 5 8 4 7 57 11 47 9 50 16 19 -14 48 23 29 21 -19 35 34 -22 22 -24 -25 -26 -27 27 -29 51 -31 -32 32 -34 -35 56 -37 -38 41 -40 42 -42 -43 -44 44 45 -47 -48 60 49 -51 -52 -53 -54 54 55 -57 -58 -59 59 -61 -62 -63
leaf_value=-0.02752616332113917 -0.025822338755838795 0.016998597514768305 -0.0055089989288830384 0.008455519194304496 0.025030211454849401 0.0062404202749051464 0.0091398305542785899 0.017598210934927007 0.038180430426301058 -0.023038500777524867 0.0070434206143316185 0.018529557500440823 -0.028900719154591453 0.043313985923663763 0.031983743261621157 0.010964297386150462 0.010920650218291566 -0.016062522367789829 0.018193430467132007 0.016517461219966896 0.023705221887324719 0.031883703584432863 -0.0035689356103758363 0.046934494071318153 -0.011500655067242327 -0.029505616736070744 0.032575387845394661 -0.014875746202370419 0.019081794399862007 -0.020640648194512081 -0.024797905718010122 -0.022864932201741923 0.026184440418638568 0.023827249929428741 0.0090105765020747023 0.044863585432662494 -0.0087218891012426428 -0.017083931342620019 -0.0231572526669649 -0.025765655911069274 -0.028893677280445725 0.016849955437659454 -0.025086145058112373 -0.01544092591079993 0.032151493113016204 -0.013171971329822585 0.005610936156771616 0.043499755069473067 0.031255347492601011 -0.0074234553065779486 0.0014463361917483385 0.042744445923443161 -0.028235305373368588 0.039123715160589309 -0.0013200053520360231 0.032785094175420804 -0.01526502930346613 0.041365337721035546 0.041983085860421147 0.016430567392776686 0.030505045045142305 -0.0036140783634732053
leaf_weight=217.91746413707733 14.412473782896994 8.8195509761571866 10.624522477388384 8.6126285642385536 12.66930317878723 5.5484813749790218 7.4025069177150744 6.8497471809387198 11.493115171790125 14.291720837354662 8.8796002119779569 5.9887149631977072 6.3197614401578894 27.197215244174004 13.836751490831377 9.1268481314182299 7.9968363493680981 6.4293005764484397 11.85512398183346 10.80344983935356 12.281756117939947 15.363549947738649 9.4518096446990949 11.635777264833449 6.5986601263284674 8.0654487609863263 5.9838391244411495 11.939397662878035 8.3860184103250521 14.616681501269339 9.0998686850070936 21.345226645469673 4.4792992472648612 9.9757556766271573 9.7862717658281344 18.519837185740471 9.9084517955780012 6.6939976811408988 169.36511005461216 29.384131535887718 5.3147762268781662 8.8721789419651014 49.058198735117912 12.366376906633379 8.796734154224394 5.2657020241022101 5.9072593897581092 94.569210261106491 10.6866587549448 5.2892734706401816 9.4866822361946088 20.699097722768784 15.428587600588797 25.862908765673637 8.3028310388326663 7.7480684071779242 9.0232893824577314 22.162550821900368 12.519684225320818 8.7152079194784147 18.054046958684921 5.0247120261192313
leaf_count=522 40 24 26 26 34 20 25 20 29 60 27 16 32 58 37 31 28 31 36 24 34 37 30 24 29 25 13 31 27 67 31 95 14 23 26 40 36 30 724 116 17 30 179 37 24 23 23 196 29 18 37 46 47 59 32 20 26 46 29 28 44 15
internal_value=-3.40334e-06 -0.00972912 -0.0163027 0.0248613 0.0286982 0.0168716 -0.0207251 0.0312806 0.0026051 0.00801601 0.0102752 -0.0163345 0.0143356 0.0244574 0.0150147 0.0031716 0.0178415 0.0180395 0.0212952 -0.0179939 0.00435051 0.00758223 0.0183803 0.0284611 0.0179425 -0.00990233 -0.0109738 0.000966256 0.0291675 -0.00849193 -0.00809086 -0.0046288 -0.0106399 0.00668879 -0.018702 0.0344544 0.0104829 0.0175152 -0.0197439 -0.0149543 -0.00675504 0.0022572 -0.0180482 -0.0123729 0.000852106 0.01518 -0.0166925 0.0400511 0.0320576 0.0184497 -0.01327 0.0359219 -0.0189675 0.0352033 0.0299404 0.0151432 -0.00263487 0.0331018 0.0262639 0.0314958 0.0414166 -0.0225309
internal_weight=1189.11 854.771 685.396 334.34 302.004 169.374 555.473 273.044 129.923 103.87 120.428 337.556 80.0918 153.571 68.484 36.4128 79.8768 73.772 67.3427 314.863 28.9598 41.9121 24.8154 32.0712 20.4354 16.6781 32.3357 17.9232 37.9647 23.7435 17.0967 40.5513 31.7318 22.693 308.874 30.375 36.9677 27.0593 290.064 120.699 12.7173 15.5662 109.896 60.8377 26.4288 14.0624 27.2525 119.473 85.087 15.9759 23.7784 29.0851 26.0531 69.111 41.9138 16.0509 18.8096 48.9459 26.7834 21.2349 112.623 34.4088
internal_count=3603 2736 2231 867 783 505 1797 698 434 361 382 1275 264 438 222 132 226 232 201 1210 85 126 67 90 66 51 84 44 100 98 59 156 132 65 1194 76 125 89 1142 418 42 60 394 215 84 47 118 260 216 47 97 73 73 169 111 52 52 123 77 57 240 131
is_linear=0
shrinkage=0.03


Tree=18
num_leaves=63
num_cat=0
split_feature=29 19 19 29 5 15 47 69 56 37 73 33 43 79 85 83 45 24 28 74 66 55 44 7 59 3 74 38 24 36 65 7 60 4 66 49 73 80 26 56 74 24 75 37 26 75 50 15 14 29 47 80 28 45 69 65 55 15 11 50 47 72
split_gain=552.882 213.539 28.1179 16.0579 15.4975 11.7123 12.5717 12.2432 9.66916 7.72439 10.7859 10.4556 9.24697 7.82607 18.0859 7.11219 6.78661 6.90298 8.02942 7.78478 6.71733 6.11151 6.23091 5.99785 8.51315 5.81057 5.73331 8.01429 5.41669 6.61179 4.97504 4.91141 4.87411 4.76975 4.66305 5.21267 4.14892 4.15615 3.88968 3.83096 4.01345 3.81518 3.51347 2.93854 6.19103 3.88457 8.98381 5.88813 3.83852 4.87093 4.75907 2.88682 2.77469 2.42595 1.97181 1.79347 6.74521 2.43579 1.77328 4.57516 1.69408 1.65599
threshold=-1.0000000180025095e-35 -1.0000000180025095e-35 -1.0000000180025095e-35 1.0000000180025095e-35 71.68129051436047 84.941654581866544 0.10890638936120788 73.704998016357436 0.091052773296591269 0.0077481552455365508 0.78010206464053777 415.71963628522536 5146150.0000000009 8.7288421903807123 8.9572496414184588 0.013932756397067753 -0.60980488739014749 37109850.000000007 0.11269405746681072 0.0048446139684277514 0.39611567925823038 -1.4078722591115047 30.090026987330031 0.021732533111237753 2.0304999351501469 25.545850910648731 0.0037094033255521508 0.12118452931302666 37109850.000000007 1.2145413432974836 0.013394555958057353 0.014588602757090003 2.9555000066757207 79811200.000000015 0.10072946734932137 11.72499990463257 0.14606516360863253 19025600.000000004 0.019621619008056205 0.047864091030299712 0.0061596223237667504 9094150.0000000019 1.0788617345911122 0.0034971657126557005 0.53931881915043622 1.1388649761676362 17.98499965667725 71.877512154191962 43944600.000000007 1.0000000180025095e-35 0.11271764583484106 22320400.000000004 0.10139373322429555 1.8502251108833434 93.985000610351577 0.023204863011616454 -0.87259610267593135 34.931711164321221 20.228514691931871 23.095000267028812 0.12191667640223876 64.629972239553254
decision_type=2 2 2 2 2 2 2 2 2 2 2 2 2 2 2 2 2 2 2 2 2 2 2 2 2 2 2 2 2 2 2 2 2 2 2 2 2 2 2 2 2 2 2 2 2 2 2 2 2 2 2 2 2 2 2 2 2 2 2 2 2 2
left_child=2 3 58 4 34 7 -7 15 16 10 11 23 -12 14 39 -3 33 18 19 21 -15 -18 -23 28 52 -5 -10 -28 43 -30 -24 -20 -21 -4 -2 -36 37 -27 -32 40 -11 -37 -43 44 -9 48 47 60 53 50 -50 -6 -25 -45 -8 56 -44 -58 59 -1 -47 -41
right_child=1 5 8 25 51 6 54 9 26 13 12 -13 -14 20 -16 -17 17 -19 31 32 -22 22 30 24 -26 36 27 -29 29 -31 38 -33 -34 -35 35 41 -38 -39 -40 61 -42 42 55 45 -46 46 -48 -49 49 -51 -52 -53 -54 -55 -56 -57 57 -59 -60 -61 -62 -63
leaf_value=0.015014866224088536 0.011474536251579161 0.020145375603436322 0.0084389959080567838 -0.012852647130204549 -0.012163681154615186 0.025570562433612123 -0.0284347876901309 0.0117488153249359 0.025306425458198143 -0.021930439404762917 0.032458089617158702 0.017210689193308752 -0.015402908328181359 -0.026379402474556845 0.018046307382070897 -0.020580501110942354 -0.029205800568361348 0.039743509430162693 0.014803494902674847 -0.014660867157468395 0.0070054527052387959 -0.030964640096116477 0.011014198321892408 -0.028271392283482917 0.026220263394620184 -0.010154398327369958 0.012825503074584041 -0.029847950693056666 -0.019261105726213052 0.017712757362167382 0.022604172490382476 -0.021477504227130052 0.022210181420932572 0.043497453417135228 -0.028983909853753927 -0.029946576746831551 0.034134282519909964 0.023996115898418557 0.044401430614357661 -0.028155210475396004 0.010288108208686945 0.022462969813022017 -0.030287746828461446 -0.026879639171068333 -0.023788724304933388 -0.026795587948071218 0.019232434093985083 0.0019008710969060348 0.0076040075673557304 -0.028167790607995936 -0.018622107038077228 0.015976229386505312 0.00040803009603210982 -0.013613949532060573 -0.005534276245565465 0.044697301207705459 0.013298570316351092 0.040417043922690493 0.043629990420801484 0.042914701151844627 -0.0074975139168008175 -0.014979447656308811
leaf_weight=7.3374282568693188 8.2578315287828428 10.848757803440096 3.9469834566116324 11.882101356983187 8.4624370187520963 10.859242022037508 7.2345333099365217 7.4094052314758327 11.504727438092234 7.773754879832266 7.1949836015701276 7.3627992272377005 7.3388832211494446 269.38806593418121 12.565148055553435 5.9901752471923819 1.5161730349063862 19.439250990748405 7.6424355655908567 6.466310039162634 5.5357212722301474 1.3708578795194615 7.1173292696475974 7.5186811834573763 6.210038110613822 7.5819338560104388 11.431214258074762 6.060996785759925 10.568540811538698 7.4010954946279517 10.163916021585463 5.9901212751865387 6.4407921731472015 30.340609073638916 1.123978167772292 0.77966094017028709 6.1575780212879172 5.5587397068738937 26.785373583436012 38.746834769845009 6.2996699213981628 12.90879003703594 1.3774091303348459 150.73540438711643 10.905911669135092 33.204274669289589 6.2244258821010581 9.5886105448007566 10.914950773119928 16.826748535037041 14.499698653817175 5.3588107377290717 5.0924961119890213 13.519741043448446 6.3576599061489105 31.701648384332657 3.334814205765734 28.090346947312355 137.96062840521336 18.95634089410305 4.6697933077812186 11.028799235820768
leaf_count=20 23 27 13 38 29 28 24 19 30 25 16 21 24 1096 37 26 8 39 20 29 17 4 22 26 15 26 33 30 32 19 24 22 16 56 6 4 12 15 49 147 19 34 7 515 35 124 14 30 32 55 49 14 17 39 22 56 9 53 231 33 14 34
internal_value=-4.2494e-05 -0.0125455 0.0336031 0.0224798 0.0282696 -0.018908 0.00150418 -0.0196156 0.0244911 -0.0202337 -0.0169902 -0.018129 0.00829066 -0.0233466 -0.0148539 0.00565781 0.0280544 0.0238456 0.0196406 0.0243727 -0.0257072 0.0300449 0.032022 -0.0189542 -0.00253208 0.00365186 0.0088577 -0.00196072 -0.0199968 -0.0040328 0.0339814 -0.00113831 0.00373821 0.0394617 0.0329289 0.0351626 0.0138138 0.00429188 0.0384055 -0.0213284 -0.00750849 0.0360847 0.0367497 -0.0210268 -0.00941212 -0.0218444 -0.0146553 -0.0190995 -0.0237135 -0.0156479 -0.00735865 -0.0012532 -0.0166904 -0.0257877 -0.0177232 0.0396088 0.0346911 0.0375393 0.0422692 0.0351291 -0.0244162 -0.0252359
internal_weight=1182.86 862.391 320.471 132.576 101.396 729.815 24.4514 705.363 156.217 688.524 337.186 322.653 14.5339 351.338 76.4142 16.8389 127.22 92.9326 73.4933 59.8608 274.924 46.9536 45.4375 315.29 18.8212 31.1804 28.9969 17.4922 296.469 17.9696 44.0666 13.6326 12.9071 34.2876 87.5745 79.3166 19.2983 13.1407 36.9493 63.8491 14.0734 78.1927 77.413 278.499 18.3153 260.184 53.6871 47.4627 206.497 42.2414 25.4146 13.8212 12.6112 164.255 13.5922 64.5042 32.8026 31.4252 164.254 26.2938 37.8741 49.7756
internal_count=3603 2924 679 326 235 2598 74 2524 395 2471 1096 1056 40 1375 262 53 302 233 194 152 1113 107 99 1035 58 91 93 63 977 51 95 42 45 69 192 169 53 41 73 225 44 163 159 926 54 872 182 168 690 136 81 43 43 554 46 125 69 62 284 53 138 181
is_linear=0
shrinkage=0.03


Tree=19
num_leaves=63
num_cat=0
split_feature=19 19 37 54 49 0 29 29 29 55 56 73 88 81 9 56 29 72 40 72 8 49 29 51 8 21 28 34 34 54 73 25 65 35 66 29 28 36 67 8 84 56 13 38 47 55 39 50 55 35 8 38 37 31 25 7 5 9 17 17 72 64
split_gain=97.4714 93.7122 70.0307 46.5718 21.5577 20.7567 19.3501 18.8154 17.7238 14.2197 14.1354 13.6902 12.9407 16.6763 12.0378 11.9181 11.2343 9.93086 8.57321 8.36993 8.35779 7.93075 7.59846 6.82993 6.76271 9.73079 6.31823 7.92189 6.26422 5.95637 5.94998 5.42573 5.34763 6.81208 5.3064 5.05237 5.82314 5.94309 6.0392 5.01499 4.96051 4.93382 5.02208 8.61147 6.42684 7.13081 5.82078 7.05048 4.71567 4.66746 4.62886 4.6281 4.3744 5.32831 5.69488 4.29407 4.75566 4.21123 5.78772 8.38237 4.07737 3.90528
threshold=-1.0000000180025095e-35 1.0000000180025095e-35 0.0064033428479336012 53.186822284275017 13.284999847412111 21.551394462585453 -1.0000000180025095e-35 1.0000000180025095e-35 -1.0000000180025095e-35 -0.80376047149606566 0.05123923267359496 0.21657774274187605 21.168544594840139 51.46704125897616 -1.0000000180025095e-35 0.068061800462355757 1.0000000180025095e-35 37.957296289573016 120.02999877929689 63.606263827464581 0.083753834569836053 25.435000419616703 -1.0000000180025095e-35 11.215000152587892 0.06168725191724906 89.298984056144178 0.12372138514156636 73532800.000000015 64750750.000000007 33.808198343036025 0.56082328514814617 38.52252360657446 0.027687888316041052 70.332639155362315 0.20968020380745972 1.0000000180025095e-35 0.091568623744185659 1.7702399980286716 97.145000457763686 0.077072715826227364 0.024630882121444004 0.092220311160643512 46.60342065609349 0.13825357116951367 0.11148258316596046 0.17461627719485853 118.9650001525879 25.855000495910648 -0.34163016477983005 50.235131097206853 0.081531380652858768 0.12707465057480014 0.0051157907267261006 175.2711061371339 58.207227105112203 0.020468083382171254 65.360165316917232 -1.0000000180025095e-35 0.012348679754570602 0.016343853670241156 37.176105446465428 -0.030091510389618398
decision_type=2 2 2 2 2 2 2 2 2 2 2 2 2 2 2 2 2 2 2 2 2 2 2 2 2 2 2 2 2 2 2 2 2 2 2 2 2 2 2 2 2 2 2 2 2 2 2 2 2 2 2 2 2 2 2 2 2 2 2 2 2 2
left_child=6 2 4 8 11 21 -1 12 14 34 17 15 13 40 -4 19 22 -10 55 35 -16 60 -7 -11 -19 -26 -14 -28 -13 -12 -24 -18 52 -34 -8 36 -2 38 51 48 -3 42 44 -44 45 46 47 -31 -20 50 -43 -38 -6 -54 -55 56 -15 -25 -59 -60 -5 -46
right_child=1 7 3 5 32 16 9 -9 10 23 29 28 26 18 20 -17 31 24 39 -21 -22 -23 30 57 25 -27 27 -29 -30 41 -32 -33 33 -35 -36 -37 37 -39 -40 -41 -42 49 43 -45 61 -47 -48 -49 -50 -51 -52 -53 53 54 -56 -57 -58 58 59 -61 -62 -63
leaf_value=-0.023971631962620435 -0.010483877642524484 -0.014075315618784072 -0.021467897649142774 0.010551721134743621 -0.023029772391397949 0.0019045281711141681 0.033317466269993733 -0.018527828724783851 0.03404690944050915 0.024749953063572666 0.041913410813861962 0.0097958862821823974 -0.016428278890378522 0.011615179721540358 0.0042606570462462188 0.032942988757040499 -0.01578695643131231 -0.012942345438893081 0.034069232424261783 -0.023040508793197436 0.037304917810141967 0.0079543023362614734 0.036838881388456965 -0.02046058924662008 0.041819982383046322 -0.010126392157236172 0.019204365399277997 -0.021288185074631212 0.044205330680950561 0.048874758478906481 0.009375957855193481 0.019028182093057008 -0.010427055432959197 0.027479441027917651 0.0011479997774275217 -0.012219503563870006 0.018515882843235583 -0.002518109285745813 0.001712734760073881 0.042611098360018425 0.0062868713636694577 0.042665804122461022 0.0042826841486997089 0.037336595671851894 0.026412989821357133 -0.011249296938491107 0.0067432023991885913 0.0092982196774833905 0.0020421509668260623 0.045903116351155314 0.011137309481720561 0.052743384477709696 -0.015230337021795772 0.021123358512617846 -0.014804890995819541 0.024942834156662142 -0.017718043100176124 -0.016214620678601591 0.025969483131414253 -0.011155366217687646 -0.016753638469048308 0.046561963265239051
leaf_weight=137.0723612755537 11.816175818443297 37.738967299461365 9.8492598086595518 5.5558270514011374 34.960061997175217 11.089030697941778 8.9371299147605914 116.02988165616989 13.140391379594801 4.3871132284402838 45.724337086081505 8.166302293539049 65.124635741114616 9.545012786984449 18.024219617247585 9.928725987672804 11.836003065109255 13.291884243488314 7.5960907042026546 13.906778961420057 11.150410965085028 22.332272246479988 28.938816785812378 43.648384273052216 6.9236913025379163 6.1091713905334473 11.221794843673708 7.0991597026586524 11.420956939458845 12.744431570172315 9.4084606468677503 6.1075682938098899 12.102407947182657 6.5900672376155844 9.5419393926858884 15.280454292893408 7.4300523698329943 12.546721279621122 7.5536417812108985 11.149852827191351 15.066338449716566 7.7751339524984386 20.275137469172481 10.911274582147596 13.92613537609577 5.282163754105567 8.8362219184637052 5.9391629695892325 9.087781026959421 26.211138799786568 9.0912911444902402 6.8180342465639114 41.84253391623497 8.8992365896701831 7.1693517565727225 6.1843989640474311 10.38791450858116 31.994046926498413 9.0616960376501101 13.824084788560866 43.131106331944466 22.88310219347477
leaf_count=284 31 100 21 19 79 33 37 299 55 17 205 27 167 33 55 41 31 34 32 31 48 74 124 97 31 17 42 17 52 60 31 23 32 26 28 41 27 37 23 50 50 35 65 47 55 14 29 20 28 121 31 33 105 33 18 24 25 77 35 35 106 106
internal_value=4.84159e-05 0.00458136 0.0112615 0.0186013 -0.0025237 0.00446843 -0.0162469 -0.00900699 0.0258974 -0.00752449 0.0290812 0.00724198 -0.00319894 0.00371932 0.00720885 0.00204721 0.0163961 0.0127466 0.0154497 -0.00202377 0.01689 -0.00684803 0.0237762 -0.0118753 0.00211423 0.0174701 -0.0120498 0.00351397 0.0298594 0.0324812 0.0301009 -0.0039367 -0.0117033 0.00293695 0.0167063 0.00273292 0.00768216 0.0139314 0.023398 0.0270341 -0.0082656 0.0294836 0.0258518 0.0158473 0.0303339 0.0206777 0.0268057 0.0362941 0.0166239 0.0379817 0.0256714 0.0348945 -0.0146499 -0.00959117 0.00509319 0.00310407 -0.00367164 -0.0135061 -0.00797482 0.00354433 -0.0136377 0.0389389
internal_weight=1187.62 929.151 622.919 406.488 216.432 138.399 258.467 306.232 268.089 121.394 229.065 104.868 190.202 106.756 39.0239 85.2806 67.3799 39.4651 53.9511 75.3519 29.1746 71.0192 49.4363 102.915 26.3247 13.0329 83.4456 18.321 19.5873 189.6 38.3473 17.9436 111.564 18.6925 18.4791 61.4451 46.1646 34.3484 21.8017 27.8337 52.8053 143.875 100.798 31.1864 69.6112 32.802 27.5198 18.6836 16.6839 43.0776 16.8664 14.2481 92.8712 57.9111 16.0686 26.1173 19.9329 98.5282 54.8798 22.8858 48.6869 36.8092
internal_count=3603 2993 2126 1490 636 441 610 867 1049 326 925 343 568 342 124 264 242 137 192 223 103 199 188 261 82 48 226 59 79 788 155 54 293 58 65 192 151 120 83 110 150 583 396 112 284 123 109 80 60 187 66 60 235 156 51 82 58 244 147 70 125 161
is_linear=0
shrinkage=0.03


Tree=20
num_leaves=63
num_cat=0
split_feature=19 29 9 29 9 9 29 55 29 18 10 54 15 83 17 18 65 9 26 60 68 54 46 54 56 48 64 52 52 38 64 26 54 59 47 17 64 44 65 80 80 54 38 52 39 25 45 38 15 8 67 63 64 81 64 83 29 83 40 54 47 67
split_gain=299.543 157.648 61.1757 47.3073 19.6429 18.7604 17.9637 17.7563 15.921 14.7317 14.1826 14.0236 13.5867 13.2669 12.0171 11.0318 9.70425 8.68603 8.61364 9.96887 8.55938 9.89724 8.39455 7.82588 7.68125 7.55618 7.25037 7.07461 6.4435 9.41042 8.85755 7.45822 6.18717 10.3977 6.16144 6.02202 7.41725 5.8617 5.59494 7.54065 4.94071 4.53823 4.52285 4.68905 4.49563 4.15256 4.0207 3.97906 3.92964 3.80472 3.95295 4.51963 3.70063 3.54146 3.44735 3.39337 3.355 4.21822 4.95719 3.22056 4.22396 3.61388
threshold=1.0000000180025095e-35 1.0000000180025095e-35 1.0000000180025095e-35 -1.0000000180025095e-35 1.0000000180025095e-35 1.0000000180025095e-35 -1.0000000180025095e-35 -0.16992662511166218 -1.0000000180025095e-35 0.043547393180888454 47.816438674926765 46.78482805823041 77.046738769877251 0.0083974994003657519 0.016289434382945403 0.021132079392993854 0.020917401172198206 -1.0000000180025095e-35 1.8225362634767281 2.15149998664856 97.68500137329103 53.0492605623323 0.0098373769294072527 41.890993472124961 0.059827160042635455 1.0000000180025095e-35 -0.018569391866750998 22.23499965667725 11.934999942779543 0.11412126039455202 0.013674334384574853 0.35156080810330975 48.260176468586259 1.5925000309944155 0.11808959610975077 0.016161397570272705 -0.0027826251319426495 39.319918466986387 0.013964890328932751 23533600.000000004 7946200.0000000009 57.889782066823081 0.12584567889703058 17.265000343322757 134.76999664306643 68.636954826353914 1.2857953763865668 0.11266436049746616 40.370414699852923 1.0000000180025095e-35 75.215000152587905 60.930267500354013 0.013674334384574853 57.762806460741722 -0.014607996076319197 0.0074223192995848007 1.0000000180025095e-35 0.0059042625284935505 91.600002288818374 50.585232602525821 0.12575172845180793 91.970001220703139
decision_type=2 2 2 2 2 2 2 2 2 2 2 2 2 2 2 2 2 2 2 2 2 2 2 2 2 2 2 2 2 2 2 2 2 2 2 2 2 2 2 2 2 2 2 2 2 2 2 2 2 2 2 2 2 2 2 2 2 2 2 2 2 2
left_child=1 2 6 32 7 11 -1 10 53 12 15 38 20 14 18 47 37 22 19 -8 21 24 -9 35 45 27 -26 41 30 31 -21 -30 -2 -34 -12 36 -6 -13 -3 46 -15 -18 -7 -44 -17 -10 -40 -5 -23 -19 -51 -52 -11 -4 -39 -31 57 -25 -59 -42 -61 -62
right_child=3 5 8 4 23 42 13 17 9 52 34 16 -14 40 -16 44 25 49 -20 28 -22 48 -24 56 26 -27 -28 -29 29 55 -32 -33 33 -35 -36 -37 -38 54 39 -41 59 -43 43 -45 -46 -47 -48 -49 -50 50 51 -53 -54 -55 -56 -57 -58 58 -60 60 61 -63
leaf_value=-0.027168008626720131 -0.02547958901871461 0.016582852384050273 -0.0052702159382076461 0.030001409383128175 -0.010706967769027551 0.037515527561296447 -0.026177556867859227 0.023934411466233662 0.029803767288533123 -0.022770974902765341 0.035145817740500532 0.0067966121304864052 -0.028634641709881767 0.0027101395599829175 0.022996436222301214 -0.02710151867883176 -0.022731507893948771 -0.032134135605928066 0.020011237718710131 -0.0073257979194616745 -0.015761323027347778 0.017894626087416071 -0.017174977436374174 0.0075588836025454013 0.01553235598080327 0.029540660108587052 -0.024379677606038919 0.016820111888506531 -0.012032555646490421 -0.024433110437495756 0.039324938807923537 0.031298646165670484 0.038855168020667928 -0.012804160844887683 0.0005395942805412749 0.039315471860744862 0.027921452754472196 0.018400922355843168 -0.022533836943516738 0.025499906505401005 -0.024573634458986488 0.0084319830476157695 -0.00030555286095933974 0.034788258096721522 0.0072143463278933314 0.0043041216361199468 0.0054481378040989303 -0.0049300968228227189 0.043847154835573429 -0.0014534439128651971 0.038395755884165501 0.017795018465705411 0.0014467231292285721 -0.027894197292747586 0.041109967558557628 0.0011756066002766427 0.04273780001862932 -0.010351135823210551 0.037124951392801878 -0.020111589129127506 -0.015493686328120074 0.012655483534021787
leaf_weight=213.82056353986263 14.207434311509131 8.8565865457057935 10.571979954838755 7.4110216945409757 8.2639143168926275 35.67831327021122 34.674606189131737 13.622447639703752 18.422569751739506 14.153368428349497 15.457285448908808 8.9052505195140821 6.2370890080928794 8.0205136239528638 10.355870082974432 16.138819307088855 12.13872435688973 0.80556067824363609 7.5520068258047095 9.4969979524612409 6.3757414668798438 7.6088477224111584 6.6542706340551367 5.3323673307895652 8.2731207609176654 10.318396404385565 8.1137492060661298 13.15470866858959 7.4382016211748105 28.278669133782387 5.962946966290473 6.8833099901676178 4.790898501873019 13.080614462494848 6.6106681227684012 9.9149552434682828 9.7543579936027527 8.4435791969299334 21.088606655597694 4.5110094100236884 117.58991798758507 6.4353274106979361 6.8535336256027204 6.852967232465744 4.3652848303318015 8.3540171831846219 5.9186066985130301 4.8591682463884354 16.944424271583557 2.8065167218446723 56.172666281461716 11.556621521711348 9.4840188771486265 15.151875793933867 20.928512871265411 5.5749969482421866 66.649901360273361 2.0520892292261115 55.861307755112648 75.510970428586006 9.6091558486223239 7.1656879484653464
leaf_count=522 40 24 26 20 34 83 121 35 51 60 38 27 32 27 27 64 45 2 18 35 31 24 22 19 27 27 39 36 22 85 15 19 10 34 22 23 27 27 95 14 551 18 25 15 16 26 23 20 34 9 126 33 37 47 46 20 135 5 133 276 38 21
internal_value=-6.11035e-06 -0.00951095 -0.0159925 0.0239478 0.0276008 0.016312 -0.0203779 0.0196883 0.00253536 0.00776381 0.00618715 0.00993882 0.0138896 -0.0160325 -0.0078469 -0.00633145 0.0171887 0.02777 -0.0108641 -0.0132359 0.0174693 0.020598 0.0104434 0.0349433 0.0119478 0.00723966 -0.00422958 -1.27728e-05 -0.00618408 -0.0115919 0.0106675 0.0087936 -0.0107028 0.00104439 0.0247792 0.0205377 0.0102049 0.0281176 -0.00448458 -0.0104045 -0.0203983 -0.0119343 0.0318883 0.0172406 -0.0197957 0.0218481 -0.0164016 0.016168 0.0358047 0.0326946 0.033435 0.0348807 -0.0130541 -0.0185962 0.0345818 -0.0202159 0.0380412 0.0330918 0.0354427 -0.0212814 -0.0170865 -0.00346924
internal_weight=1184.08 847.709 677.625 336.368 304.289 170.084 547.934 146.46 129.691 103.967 54.8422 120.699 80.3296 334.114 116.218 32.7743 80.3245 91.6181 105.862 98.3097 74.0925 67.7167 20.2767 157.829 43.1635 42.0472 16.3869 31.7288 63.6351 48.1752 15.4599 14.3215 32.0789 17.8715 22.068 27.9332 18.0183 38.2773 40.3748 31.5182 217.896 18.5741 49.3848 13.7065 20.5041 26.7766 27.0072 12.2702 24.5533 71.3414 70.5358 67.7293 23.6374 25.7239 29.3721 33.8537 129.896 63.2458 57.9134 209.876 92.2858 16.7748
internal_count=3603 2736 2231 867 783 505 1797 407 434 361 180 382 264 1275 362 120 226 227 335 317 232 201 57 376 143 126 66 99 196 146 50 41 84 44 60 84 61 100 156 132 913 63 123 40 80 77 118 40 58 170 168 159 97 73 73 105 292 157 138 886 335 59
is_linear=0
shrinkage=0.03


Tree=21
num_leaves=63
num_cat=0
split_feature=29 29 14 69 31 45 86 37 83 51 5 66 47 66 25 42 8 2 22 78 44 18 64 26 55 36 39 65 25 17 2 44 56 26 6 44 15 54 61 26 39 65 15 65 65 56 24 16 25 37 6 66 35 6 88 54 85 47 45 26 70 17
split_gain=518.112 26.7804 14.1082 15.5679 13.9621 13.2891 12.4507 12.2514 10.705 14.8058 15.0415 10.0804 9.86999 9.65145 12.3765 9.67248 7.31352 7.18491 7.16493 9.96846 7.11479 6.74339 5.74986 5.6706 5.50128 7.47612 7.18678 6.65503 5.31178 5.11111 4.61844 7.30522 4.60371 4.40313 4.38159 4.32967 4.292 5.10789 6.96738 6.5064 4.56681 4.36811 4.47992 4.33573 3.83922 3.48864 5.16687 4.60127 6.39397 6.71006 6.1912 6.13735 4.03864 3.93053 3.53415 5.29357 3.20884 3.16214 3.10694 3.05776 3.37608 3.39125
threshold=-1.0000000180025095e-35 1.0000000180025095e-35 60669400.000000007 83.740001678466811 418.11126716656162 0.39460466364796787 9.1695553049920822 0.0035661666987681505 0.0076338523659463505 12.59500026702881 77.522038756249557 0.28732032996415308 0.11824290943575241 0.18305416418484038 36.14829281205229 169.48999786376956 0.0097140382553217528 151.37825016677201 118.81872733525701 72.492199669267748 14.33475035298286 0.025739358378372254 -0.0045746624376452492 0.53931881915043622 -1.1340667341002673 4.0903957733464447 87.45999908447267 0.010632361171025352 38.279515068906655 0.010364277766157752 40.525365743286194 54.806499023572023 0.043612606801484204 -1.2639997604346431 0.35049657082345936 45.376649009675155 29.592338233804906 50.063855825447206 0.79050001502037059 -1.6990400876786287 134.0100021362305 0.014323186526673451 40.370414699852923 0.011847670453647751 0.021443154579879855 0.047647475688526154 7878750.0000000009 0.043694982550030952 51.348467744452186 0.0083220751689827514 -0.080024285631607725 0.20034031654987641 52.777213250196844 0.14376827536796363 24.852529066512947 51.291217534468529 35.684076309204109 0.12081518976485081 1.9165933730020017 0.45956115024057281 79.24499893188478 0.011492599584134752
decision_type=2 2 2 2 2 2 2 2 2 2 2 2 2 2 2 2 2 2 2 2 2 2 2 2 2 2 2 2 2 2 2 2 2 2 2 2 2 2 2 2 2 2 2 2 2 2 2 2 2 2 2 2 2 2 2 2 2 2 2 2 2 2
left_child=18 2 8 5 7 22 12 23 9 30 11 13 -7 15 -15 34 -9 20 36 -20 -10 -16 -4 -3 -22 26 -26 -28 -19 -8 -2 -32 -13 -30 -11 44 40 38 -38 -40 -1 43 -43 -41 -24 53 -47 48 49 -48 -51 52 -52 -29 -49 -56 -21 -55 -5 -18 -61 -62
right_child=1 4 3 58 -6 6 29 16 17 10 -12 32 -14 14 21 -17 59 28 19 56 24 -23 35 -25 25 -27 27 45 33 -31 31 -33 -34 -35 -36 -37 37 -39 39 41 -42 42 -44 -45 -46 46 47 54 -50 50 51 -53 -54 57 55 -57 -58 -59 -60 60 61 -63
leaf_value=0.0051783968856970392 -0.022162071295684364 0.022503226898427257 -0.021596304532129129 -0.023761931287325812 0.023079911907965728 0.018846236905173532 0.0049587106235177919 -0.00052876733008429462 0.012433490761505054 -0.023731046096634376 -0.025264162118744663 0.0032135162918693408 -0.02779675873762873 -0.027850521840444099 0.0038449731682480598 0.030531322569928708 -0.0265657642777943 0.021085346416587551 -0.0057991628099562237 0.045057674539273701 -0.02566586631393478 0.036894613080461963 -0.0012817063711149884 -0.012315011135778016 0.021247015669600747 0.0094940364175446889 0.0092228258671909046 0.0095818476737035037 -0.028162470658192346 0.033850047081374707 0.014772936713431715 -0.027769107120032301 -0.029018289848784493 0.010326252780940685 0.0028198861545947742 -0.015926622649133606 -0.029788076204257673 0.038620477711829054 -0.031439945256396901 0.030881806722707066 0.037011119239174398 0.0093122589596433807 0.036055683031689531 0.0059708541296508806 0.028997786291412076 0.01228439236484481 0.016504600968191049 -0.025895268332404232 -0.02395349566382721 -0.021333977481930149 -0.028012035364907137 0.018797727540311362 0.010436747776939276 -0.028488131011642166 -0.024097178838504811 0.0070329286279531356 0.019536315068595725 0.0025028467538410247 0.0039043924091184154 0.0014810841483330899 -0.027888353235056802 -0.014097341972541285
leaf_weight=9.434987351298334 39.913217440247536 7.6301703453063991 14.201603069901465 22.328474834561352 6.5393628776073447 8.2390132695436495 6.9873209893703452 12.325906723737715 8.1643939912319166 10.34506636857987 14.674799233675001 7.6315872818231574 8.0945308804512006 3.7868617326021186 7.1568192094564429 7.2184115499258033 158.47843290865421 8.674637585878374 10.211674332618715 8.2689742445945758 44.607291892170906 24.845827892422676 8.6905895471572894 9.391049921512602 4.7315872758626929 11.407606318593023 8.988556504249571 8.9579196125268954 5.8156464248895645 26.08089154958725 8.8714822679758054 6.1519311368465415 8.3540233969688398 4.9536701142787916 12.180037140846251 7.5292522609233847 1.7045365869998921 140.22807528078556 1.4741869419813145 15.757693067193033 7.1147031486034384 5.9654167294502249 102.5245645493269 10.463769137859343 6.654298171401023 4.8547359406948081 8.6440092921257001 87.218064039945602 36.336555987596512 27.90817104279995 7.0784919261932391 9.0563500523567182 3.7673319429159164 7.6371168792247754 12.784158602356912 7.9880330860614768 9.559985935688017 4.8416865617036819 4.3678095042705527 6.5330260246992102 32.869312077760696 31.35678493976593
leaf_count=28 159 19 60 96 18 24 16 30 24 36 58 19 33 10 19 15 505 21 34 14 199 50 27 23 14 30 24 26 24 57 24 22 28 18 39 29 6 257 6 37 13 18 206 34 16 15 22 384 155 113 34 27 14 29 56 24 26 16 14 17 90 102
internal_value=-5.58654e-05 -0.0122948 -0.00872938 0.000790374 -0.020212 0.00697249 0.0171605 -0.0213068 -0.010995 -0.00440027 0.00269584 0.00772913 -0.00426896 0.0129395 0.023435 0.000310479 -0.0230402 -0.0140671 0.0323267 0.0178358 -0.0151944 0.0295037 -0.00660261 0.0032931 -0.0159544 -0.0142367 -0.0153609 -0.0160947 0.00361437 0.0277453 -0.0168255 -0.00264759 -0.0136307 -0.0104584 -0.00937412 0.00270636 0.0337057 0.0345889 0.0304889 0.0312434 0.0188633 0.0319293 0.0345852 0.020941 0.011849 -0.0170969 -0.0182975 -0.0190369 -0.0141376 -0.00781962 -0.0122174 0.000566497 -0.0146567 -0.00557995 -0.0232467 -0.012126 0.031373 -0.0164639 -0.0192354 -0.0242506 -0.0190653 -0.0211552
internal_weight=1176.55 853.844 588.72 113.174 265.124 86.4775 49.4018 258.585 475.546 151.13 96.1934 81.5186 16.3335 65.533 35.7895 29.7435 241.563 324.416 322.709 28.0406 304.972 32.0026 37.0757 17.0212 296.808 252.2 240.793 236.061 19.444 33.0682 54.9366 15.0234 15.9856 10.7693 22.5251 22.8741 294.668 278.118 137.89 136.186 16.5497 134.711 108.49 26.2215 15.3449 227.073 205.636 200.781 92.7909 56.4544 47.8103 19.9022 10.8458 21.4367 107.99 20.7722 17.829 12.4788 26.6963 229.238 70.7591 64.2261
internal_count=3603 2924 2120 372 804 262 130 786 1748 479 274 216 57 169 79 90 744 1269 679 74 1206 69 132 42 1182 983 953 939 63 73 205 46 47 42 75 72 605 564 307 301 41 295 224 71 43 915 844 829 365 210 188 75 48 71 464 80 40 45 110 714 209 192
is_linear=0
shrinkage=0.03


Tree=22
num_leaves=63
num_cat=0
split_feature=19 19 37 25 49 29 29 9 56 55 55 7 87 81 17 37 37 21 58 80 38 25 44 29 26 40 80 84 51 28 34 73 42 55 89 80 17 37 89 43 4 58 48 65 45 81 7 28 23 65 50 55 55 17 45 46 51 5 84 28 89 37
split_gain=91.8704 87.3166 65.5299 36.9387 20.4912 18.8369 18.1804 17.7564 14.0314 14.0308 13.5031 13.0372 11.8355 16.8614 10.6316 9.43983 9.31753 9.09146 8.91213 8.61292 8.4265 12.0436 8.09462 7.72836 6.86117 6.58308 7.72083 7.07066 6.54978 6.45639 7.92979 6.4522 7.25702 6.07122 5.86038 5.78083 5.57181 5.48415 5.46568 5.40731 5.28883 5.55134 5.253 5.1659 5.26288 5.1582 7.00835 4.54251 5.64103 4.45387 5.7212 5.7842 4.35327 4.30393 4.28253 4.13568 4.09827 4.07506 4.91014 4.02405 5.39137 4.95029
threshold=-1.0000000180025095e-35 1.0000000180025095e-35 0.0064033428479336012 37.361801720719605 13.284999847412111 -1.0000000180025095e-35 1.0000000180025095e-35 -1.0000000180025095e-35 0.08282035436780906 0.08360339670325076 -0.80376047149606566 0.0081808751370556019 20.931274275011383 50.464518599973921 0.014023730453451252 0.0115054706078622 0.0058066343814443004 20.402549156526391 2.6805000305175786 26027600.000000004 0.11266436049746616 47.170599590743301 59.972148505453283 1.0000000180025095e-35 0.045539897630472809 120.02999877929689 12779600.000000002 0.021024563629746505 11.215000152587892 0.12372138514156636 73532800.000000015 0.21657774274187605 125.61500167846681 0.42434917486145279 180153157.00000003 10993000.000000002 0.012051545071887852 0.0085344142127260023 78397650.500000015 19015650.000000004 135732400.00000003 1.6545000076293948 1.0000000180025095e-35 0.027687888316041052 1.0119696764720845 63.830238351804979 0.014665506861709551 0.094776038021410422 94.535143981918182 0.017567617028040102 21.445000648498539 0.31314105961236388 0.14962965355179311 0.008590959990118701 -2.5268553254348869 0.0082531964703088517 15.555000305175783 52.255415172746588 0.030444025177092753 0.075531488549704914 95982978.000000015 0.014146191372454452
decision_type=2 2 2 2 2 2 2 2 2 2 2 2 2 2 2 2 2 2 2 2 2 2 2 2 2 2 2 2 2 2 2 2 2 2 2 2 2 2 2 2 2 2 2 2 2 2 2 2 2 2 2 2 2 2 2 2 2 2 2 2 2 2
left_child=5 2 4 15 11 -1 12 14 9 20 24 38 13 49 52 33 19 -17 -11 31 34 55 -16 -19 -7 26 -15 -27 -12 -14 56 32 -13 37 39 36 -30 -4 -2 59 -10 -42 -43 53 -45 46 -23 -34 -49 -3 51 -51 -5 -6 -8 -22 -31 -48 -59 61 -61 -9
right_child=1 6 3 7 43 10 54 8 40 18 28 16 29 25 22 17 -18 23 -20 -21 21 45 -24 -25 -26 27 -28 -29 35 30 -32 -33 47 -35 -36 -37 -38 -39 -40 -41 41 42 -44 44 -46 -47 57 48 -50 50 -52 -53 -54 -55 -56 -57 -58 58 -60 60 -62 -63
leaf_value=-0.023585153417908032 0.043645702855996026 -0.021007122469928072 -0.0073354220715878575 0.048150106863070564 0.0058101796126757629 0.0014050996058439062 0.017355497090545513 0.032546863506071916 0.043148883880265936 0.015616633955506266 0.024230475710778472 -0.014867985482246661 -0.015914142217615529 0.027172266638151272 -0.013285961738409808 -0.016604090138728544 0.031269996005411867 0.028565331322000433 -0.019443881405761733 0.030952788105320466 -0.009146930297317649 0.0042197335388249836 0.022098772982227781 -0.0055841416275622148 0.038655174975242942 0.0037948315282091971 -0.0073902669381520018 0.034559271142219884 -0.010244249991825357 0.035832598322560937 -0.020941986459234927 0.020059624715706999 -0.010455974042655913 -0.016531298839889224 0.038040252491912785 -0.016109901569982338 0.029086440165782088 0.022399215438039948 0.006069855390173102 0.033781035802096529 0.0097536170407329717 0.038105422163925831 0.016610216117533133 -0.0066553321104367413 0.029445120855960818 0.038698042663355484 0.048457159038147457 0.034174123824320696 -0.0036631100906108394 -0.0029490420715380891 -0.014623048549306126 0.036325850856417367 0.0088239854722243476 -0.016484778682299823 -0.019116365626371409 0.020285083435287597 -0.00022360110708414751 0.0036860624696843118 0.041138005955395331 0.011911601310423904 -0.024733778384995263 -0.0039288869438167465
leaf_weight=134.72025306522846 11.054553940892221 18.243447855114937 14.62719286978245 5.7525112330913526 8.593909487128256 11.14297014474869 2.974732130765914 6.4892174154520053 37.693549737334251 14.776293620467188 4.4070145785808554 40.481413424015045 65.058688819408417 8.6185721755027789 23.13762998580933 7.8069359213113776 9.0916527211666089 22.800549730658531 11.685212969779966 7.018534541130065 8.6492005139589327 11.107933998107908 7.7731783390045157 8.0772379636764544 7.4094525575637809 10.078742608428003 17.894566297531128 20.197886109352112 8.4079034626483899 6.2872517704963702 7.0128033459186545 8.9152729213237745 9.0770812928676623 28.597169265151024 6.6513902992010108 83.859201207756996 5.2758615016937247 9.0280116498470289 5.0871941000223151 5.7391250133514395 11.127355948090552 42.655617028474808 13.461198836565016 13.740219235420229 4.9415737837553015 53.734006434679031 9.3587059080600756 7.6746418178081495 6.5922349691390991 9.2926038503646868 16.09594289958477 5.2995251268148413 4.5270114988088608 83.599746078252792 111.63911809027195 8.5388949364423734 5.1702641546726227 6.3306377828121168 6.2718839943408966 6.3363211899995795 8.407908767461775 6.9189896732568741
leaf_count=284 50 44 41 27 28 33 11 27 171 53 17 103 169 34 57 19 37 91 28 29 24 35 29 24 32 32 50 85 22 27 17 33 24 70 29 201 21 34 16 24 38 186 48 38 20 235 44 32 19 28 43 23 15 207 288 32 16 20 28 22 19 20
internal_value=6.26327e-05 0.00444741 0.0108701 0.0179415 -0.00249715 -0.0158771 -0.00874037 0.0227749 0.0255176 0.020218 -0.00725948 0.00700124 -0.00302974 0.00363884 0.00440158 0.00108591 0.00249537 0.0123194 0.00013416 -0.000784618 0.023895 0.0284179 -0.00438772 0.0196323 0.016282 0.0147599 0.00384491 0.0243181 -0.0115435 -0.0114701 0.00418349 -0.00384687 -0.00718618 -0.00723076 0.0122939 -0.0131597 0.00491994 0.00401281 0.0318034 0.00724103 0.0341533 0.0291109 0.0329492 -0.0114916 0.0028937 0.032961 0.0236388 0.00613505 0.0166908 -0.00926823 -0.00228969 0.0113147 0.0308312 -0.0144065 -0.0181698 0.00547464 0.019562 0.033461 0.0223247 0.00183061 -0.00898546 0.0137244
internal_weight=1183.02 927.793 623.929 408.061 215.868 255.223 303.864 317.124 275.933 170.996 120.502 104.993 189.25 105.721 41.1903 90.9371 88.8508 38.6847 26.4615 79.7592 144.534 103.991 30.9108 30.8778 18.5524 56.7898 26.5131 30.2766 101.95 83.529 18.4703 72.7406 63.8254 52.2524 40.543 97.543 13.6838 23.6552 16.1417 33.8916 104.938 67.2442 56.1168 110.875 18.6818 86.8032 33.0692 23.344 14.2669 48.9315 30.6881 14.5921 10.2795 92.1937 114.614 17.1881 11.4575 21.9612 12.6025 28.1524 14.7442 13.4082
internal_count=3603 2993 2126 1490 636 610 867 1211 1083 640 326 343 568 339 128 279 277 134 81 240 559 418 86 115 65 201 84 117 261 229 60 211 178 145 141 244 43 75 66 112 443 272 234 293 58 362 127 75 51 138 94 51 42 235 299 56 43 92 48 88 41 47
is_linear=0
shrinkage=0.03


Tree=23
num_leaves=63
num_cat=0
split_feature=19 29 9 29 9 9 29 29 29 18 37 54 15 81 88 65 70 75 44 66 67 54 83 17 38 47 34 54 59 24 37 44 17 80 24 15 35 4 37 52 38 8 67 9 54 80 25 16 37 25 37 49 18 45 37 15 81 51 59 83 11 63
split_gain=281.264 149.679 59.1051 43.7946 18.5505 17.5632 17.5186 15.7072 15.0964 13.9343 13.1403 13.0228 12.9595 10.7873 18.2571 9.02888 8.27729 9.51487 7.80836 7.36767 7.21008 8.97741 6.76759 16.3288 8.23804 8.72971 6.21927 6.00314 9.78552 5.74059 8.05822 5.49714 5.34044 6.56698 5.15916 5.00011 4.8336 4.74651 5.88094 4.56248 4.23581 4.10431 4.16272 4.04245 4.70572 4.03293 4.09798 3.97851 3.92352 13.09 3.79149 4.56887 3.74361 3.71434 3.50712 3.49859 3.47798 3.38713 3.13328 3.02806 6.26187 3.00869
threshold=1.0000000180025095e-35 1.0000000180025095e-35 1.0000000180025095e-35 -1.0000000180025095e-35 -1.0000000180025095e-35 1.0000000180025095e-35 -1.0000000180025095e-35 1.0000000180025095e-35 -1.0000000180025095e-35 0.043547393180888454 0.0040186195883121509 46.78482805823041 77.046738769877251 50.464518599973921 20.98786224269044 0.020917401172198206 81.604999542236342 1.1214276138878334 64.015178574124334 0.10852998847854016 97.549999237060561 53.0492605623323 0.0078249273911077024 0.016289434382945403 0.11412126039455202 0.11168768138021697 71864150.000000015 48.260176468586259 1.5925000309944155 57300500.000000007 0.0057074468155778003 39.319918466986387 0.010161409860685902 23533600.000000004 9014750.0000000019 68.326873470321246 43.093640008699055 133394800.00000001 0.0034971657126557005 16.285000801086429 0.12584567889703058 1.0000000180025095e-35 74.81000137329103 1.0000000180025095e-35 48.3980221452614 7946200.0000000009 24.595917081981479 1.1810990104201056 0.0062240027414546513 58.207227105112203 0.005681787529657251 12.904999732971193 0.048069922813246103 -1.6595416512575694 0.0069410381996802507 40.370414699852923 57.762806460741722 20.054999351501468 0.67649999260902416 0.011772210505250702 176.32070095374664 40.399205872216704
decision_type=2 2 2 2 2 2 2 2 2 2 2 2 2 2 2 2 2 2 2 2 2 2 2 2 2 2 2 2 2 2 2 2 2 2 2 2 2 2 2 2 2 2 2 2 2 2 2 2 2 2 2 2 2 2 2 2 2 2 2 2 2 2
left_child=1 2 6 27 16 11 58 13 56 12 37 32 20 34 18 31 -5 -18 35 26 21 29 23 24 25 -12 -17 -2 -29 30 -10 -13 -3 59 -6 43 -21 38 -8 -32 -7 -36 -43 44 -15 -24 -47 -42 -16 -50 51 -48 -26 -9 -11 -23 -4 -41 -1 -34 -61 -33
right_child=3 5 8 4 7 40 10 53 9 54 22 15 -14 14 48 19 17 -19 -20 36 -22 55 45 -25 52 -27 -28 28 -30 -31 39 61 33 -35 41 -37 -38 -39 -40 57 47 42 -44 -45 -46 46 50 -49 49 -51 -52 -53 -54 -55 -56 -57 -58 -59 -60 60 -62 -63
leaf_value=0.040631391751858668 -0.025122254423140224 0.014146742416310825 -0.0050098307060161482 -0.017555245916691182 -0.012986035649795733 0.036203406217200869 -0.0019499977886297114 0.015792330429026849 0.024931521535423089 0.00096475034860207126 0.024749599174788098 0.0064301433407385868 -0.028348157287078502 -0.016096089723185325 0.036472553626616389 -0.0036981617050779415 0.035970443592554788 -0.0070025000117009979 -0.021314718522453077 0.01114719922431268 -0.014670241598791489 0.017206067768070939 -0.00016220953882473206 0.026968528886964192 -0.024377165562022043 -0.016512460689998877 0.03248748640912151 0.03752904364229713 -0.012452245373989918 0.041211050281598466 -0.023497580018733782 0.018017122120381552 -0.025765545110232629 0.02090724159772123 0.0022635619876166116 -0.015461670340548739 -0.016723999138641251 -0.016335497118700203 0.033824127616873784 0.016408204037685465 0.0018146966335103845 -0.032136978668293265 0.035707112652442544 0.02624025044305716 0.022091596679323942 0.0023740669880272427 -0.018497826579008142 0.034173722976394982 0.033157737452505935 -0.022768783628656242 -0.02253949687581128 0.019580828789637243 -0.00163972129005252 0.038352473847961539 -0.022568020534877269 0.041565261777677373 -0.027556647321998508 -0.011354400921199204 -0.027031033383423612 0.018525478285665833 -0.028609941843247864 0.039258686389604606
leaf_weight=0.61777117848396201 13.982916831970217 10.413737058639525 10.514189362525942 10.46515838801861 2.2681753784418097 35.970308035612106 8.9644687324762398 6.9675980359315863 14.698984682559965 9.7761787027120608 8.4673923999071139 8.9440198689699155 6.1435382068157187 6.1524238586425817 25.687698036432266 6.3744389861822155 9.8751289844512957 8.7425418794155103 10.396598160266874 9.9093324095010775 5.9553812444210044 7.6563962996006039 8.860944062471388 9.5416459590196592 44.063808634877205 10.141962766647337 12.977562636137007 4.8426433056592968 12.960950061678885 5.1595524102449408 7.0890668034553554 8.3601610362529772 14.71598288416863 4.9062267690896979 3.6888549327850333 6.1481701284646979 12.878167703747748 6.1246036887168875 7.6778846979141226 9.8729787319898623 7.4639803618192655 0.82473039627075095 62.251817464828491 13.050244823098183 5.5007027834653854 6.6557566076517096 8.3826038092374784 6.3108448386192322 14.52248737215996 5.0855817049741736 200.02094025909901 4.2857915163040152 7.6481899023056021 114.55481016635895 13.668554395437239 17.289807140827179 14.859735980629919 6.5983408093452445 209.1140822917223 5.2000972032546979 4.9523505568504333 21.269857838749886
leaf_count=2 40 30 26 35 6 83 26 20 37 32 22 27 32 29 59 23 23 27 46 27 29 24 30 22 147 29 32 10 34 12 34 26 67 16 8 28 44 19 20 32 24 4 145 38 17 24 37 16 34 24 862 15 22 240 65 35 47 29 520 18 25 47
internal_value=-7.09975e-06 -0.00930084 -0.0156907 0.0231055 0.0265851 0.0157818 -0.0200488 0.0289774 0.00253141 0.0075973 -0.0157487 0.00960832 0.0135274 0.0226648 0.0156095 0.0165559 0.00379175 0.0157911 0.00117022 0.00695598 0.0169889 0.0197468 -0.0173741 -0.00985778 -0.0148546 0.00226208 0.0205681 -0.0104112 0.00114285 0.0115065 0.00750064 0.0270432 -0.00434507 -0.0108126 0.0315096 0.00874738 -0.00460398 0.00624452 0.0145543 -0.00337423 0.0307861 0.0330213 0.03482 0.0147725 0.0019299 -0.0200045 -0.0208061 0.0166398 0.0287585 0.0186525 -0.0215315 -0.0056156 -0.0210143 0.037059 -0.0127551 0.034089 -0.0182139 0.00528662 -0.0268317 -0.0170705 -0.00446712 0.0332653
internal_weight=1178.47 840.498 669.851 337.969 306.183 170.647 540.568 277.1 129.283 103.909 330.836 120.902 80.464 155.577 86.5439 80.7135 29.0828 18.6177 41.2481 42.1395 74.3205 68.3651 308.069 79.863 70.3214 18.6094 19.352 31.7865 17.8036 43.4189 38.2594 38.574 40.1884 29.7747 69.0336 30.8515 22.7875 22.767 16.6424 23.5604 49.7451 66.7654 63.0765 24.7034 11.6531 228.206 219.345 13.7748 45.2958 19.6081 212.689 12.6684 51.712 121.522 23.4447 24.9462 25.3739 16.4713 209.732 24.8684 10.1524 29.63
internal_count=3603 2736 2231 867 783 505 1797 698 434 361 1275 382 264 438 275 226 85 50 158 126 232 203 1210 242 220 51 55 84 44 144 132 100 156 126 163 112 71 65 46 95 123 157 149 84 46 968 938 40 117 58 914 52 169 260 97 59 73 61 522 110 43 73
is_linear=0
shrinkage=0.03


Tree=24
num_leaves=63
num_cat=0
split_feature=29 19 9 9 19 29 5 8 42 68 86 75 37 75 9 47 56 43 17 55 15 83 45 68 22 13 5 3 46 72 28 2 66 49 66 66 89 54 24 66 47 75 55 60 47 22 4 86 10 37 55 15 4 46 49 35 52 69 63 17 24 43
split_gain=486.338 197.794 38.8483 25.1141 14.6123 13.9733 14.0684 12.2771 13.8281 9.87833 8.59452 8.3277 7.99364 7.5914 6.9144 9.27233 10.1758 7.50159 6.60203 6.44313 5.93896 5.67057 6.65807 6.93027 8.39874 6.64874 5.64768 5.41949 5.17014 4.87744 4.65543 4.22933 4.19053 4.7245 3.99828 3.99676 3.8985 3.57492 3.53813 3.33393 3.29444 3.24261 3.02973 3.2764 3.00895 2.55611 2.18375 2.8811 1.9825 1.88628 6.45352 1.8381 1.66471 1.64034 6.31512 1.64474 1.62488 2.3359 1.36824 2.39965 1.26142 1.59284
threshold=-1.0000000180025095e-35 -1.0000000180025095e-35 -1.0000000180025095e-35 -1.0000000180025095e-35 -1.0000000180025095e-35 1.0000000180025095e-35 71.68129051436047 0.12225262509450506 122.02499771118165 74.324996948242202 34.544645578232128 1.0876892529420805 0.0085121538714312533 1.0980600780222616 1.0000000180025095e-35 0.1154250709484272 0.055609169331880405 8267150.0000000009 0.020446996092860003 -0.57649520766604379 74.355295560107365 0.014055823142121402 -0.77831527653690091 81.915000915527358 69.56030741514023 20.122309541679446 51.94894555626427 25.545850910648731 0.006224666613730551 65.498022667730154 0.11269405746681072 15.880938483354607 0.10072946734932137 11.72499990463257 0.36863001034595072 0.20572403643317172 27789086.500000004 54.557655201227412 9094150.0000000019 0.27941162795734248 0.08324935444016951 1.0788617345911122 -0.076316209214072936 2.2664999961853032 0.11488446843747362 46.041076525083611 808773000.00000012 9.1081034657242146 26.844607353210456 0.0051157907267261006 -0.67467924117343692 64.265027685241833 548016000.00000012 0.0090626949156417027 15.105000019073488 36.402508925935585 10.934999942779543 93.264999389648452 33.729960917336847 0.012746002075331503 61070450.000000007 5236650.0000000009
decision_type=2 2 2 2 2 2 2 2 2 2 2 2 2 2 2 2 2 2 2 2 2 2 2 2 2 2 2 2 2 2 2 2 2 2 2 2 2 2 2 2 2 2 2 2 2 2 2 2 2 2 2 2 2 2 2 2 2 2 2 2 2 2
left_child=3 5 7 58 42 6 32 8 13 18 21 12 -10 -3 15 16 17 28 -4 20 52 22 -6 25 45 -24 -23 -7 -11 35 -26 -21 -2 -34 49 -15 -18 -29 -35 -8 -38 -40 43 -5 60 -25 56 -48 -27 50 -17 -30 -19 -43 -55 -56 57 -16 59 -1 61 -42
right_child=1 2 9 4 10 27 39 -9 11 14 -12 -13 -14 29 46 34 36 19 -20 31 -22 26 23 24 30 48 -28 37 51 -31 -32 -33 33 38 -36 -37 40 -39 41 -41 44 53 -44 -45 -46 -47 47 -49 -50 -51 -52 -53 -54 54 55 -57 -58 -59 -60 -61 -62 -63
leaf_value=0.023891261988929314 0.010940693607981663 0.029542281617522977 0.019926846443122977 0.039454848937573131 0.038255055047146755 -0.01225253552758093 -0.015686763499247382 0.038888730132597887 0.019972495780602988 0.0039384459585026909 -0.01544351091879665 -0.026057266060926971 -0.028338954190706853 0.0052669180229050231 -0.001628839193827154 0.0079407903685918841 0.0035713120417955125 -0.027995668687093425 -0.020269176314443124 0.027974315258802073 0.017828129281142604 0.016350703883992845 -0.00065652861088681582 -0.00098022441675670448 0.028451098902753311 0.039323827345121139 -0.021123560850382819 0.0021988162302599128 -0.027971316303287107 0.02102364017486549 0.00018564189457010672 3.3785459716113602e-05 -0.028486437088249324 -0.029704225624458305 0.0034055820214220051 -0.022921857974793191 -0.00093294364941749329 0.028223218408882859 0.021166739042049958 0.013809151410839288 -0.016871029977085433 0.04249827182649224 0.042564031349290696 0.018418473061517573 -1.9915414015064095e-05 -0.029660494278578191 -0.027294637544449968 -0.00055452656692492591 0.022988686261674156 -0.026244871927861978 -0.025599551293657749 -0.010908323617840514 -0.0047806485498326978 0.0038182272889015554 0.024805905960083214 0.042488659175886838 -0.026687651307275195 -0.02757268291028896 0.041007202385562803 0.040315331965421253 -0.0087732681318076575 -0.025839302367904011
leaf_weight=12.682483643293379 8.2937529534101468 12.328088834881781 8.7833867818117124 12.670538589358332 17.516872346401215 11.70485380291939 7.0814459025859815 7.0331736654043189 8.9264795929193479 9.0884816199541074 7.0669291764497748 24.055167734622955 4.7081503123044959 10.012711301445966 5.8029101938009244 6.7222080826759365 6.2172551155090323 8.4801263809204119 6.3262323886156073 11.006224006414415 5.1564205735921851 9.3940642029046995 6.397404581308364 6.7381206750869733 14.896032065153124 17.794002458453182 5.8881579041481009 10.821351841092111 17.327882453799251 7.672692969441413 8.0938847661018354 8.753692299127577 1.0971063673496235 0.77216315269470115 4.6592153757810584 8.2624129951000196 7.0790205448865882 8.4680707752704603 13.032141700386999 6.7232857644557953 22.929714441299438 31.388649418950081 27.59253266453743 14.054848462343214 5.3291999101638785 4.7813118547201157 7.3386180400848371 7.1689359843730927 10.712106972932814 136.88949276506901 22.25962245464325 8.4542098194360715 4.1358189880847922 5.5823727697134009 6.0110519826412228 22.285596519708633 217.49197027087212 6.7642228007316589 126.55080436170101 21.713759914040565 5.2547517269849768 80.039989575743675
leaf_count=26 23 30 20 22 35 38 27 13 23 25 30 89 23 34 17 17 23 39 26 25 16 27 22 23 36 32 26 36 63 21 24 29 6 4 19 35 27 17 34 16 93 53 45 35 22 22 20 20 25 611 66 27 14 18 15 39 725 26 212 37 24 336
internal_value=-6.80396e-05 -0.0120484 -0.0183231 0.0311514 0.0228739 0.0214976 0.0268455 0.000968849 -0.00254191 -0.0208668 0.0165528 -0.0154406 0.00329015 0.0101592 -0.0214562 -0.0188679 -0.0144731 -0.0054994 0.00309721 0.0038084 -0.00929811 0.018765 0.0217277 0.0175569 0.00802363 0.0269825 0.00191207 0.00385156 -0.0155177 0.000950146 0.0184999 0.0155966 0.031241 0.0333412 -0.024003 -0.00747758 -0.0195951 0.0136235 0.034199 -0.00132144 -0.020789 0.0348292 0.0355911 0.0283918 -0.0220269 -0.0128844 -0.0253697 -0.014081 0.0331854 -0.0247728 -0.01782 -0.0223762 -0.0203852 0.0375572 0.0329794 0.0387323 -0.0260816 -0.015593 0.0395651 0.0342595 -0.0231106 -0.0238422
internal_weight=1170.26 845.72 712.458 324.544 163.597 133.262 102.268 82.9989 75.9657 629.46 109.279 37.6898 13.6346 38.2759 614.35 369.783 199.253 72.4029 15.1096 37.5323 17.7724 102.212 86.9297 69.4129 34.5093 34.9035 15.2822 30.9943 34.8706 25.9478 22.9899 19.7599 88.4628 80.1691 170.531 18.2751 126.85 19.2894 79.072 13.8047 120.633 78.2998 54.3179 26.7254 113.554 11.5194 244.567 14.5076 28.5061 165.871 28.9818 25.7821 12.6159 65.2677 33.879 28.2966 230.059 12.5671 160.947 34.3962 108.224 102.97
internal_count=3603 2924 2598 679 404 326 235 268 255 2330 302 135 46 120 2284 1476 763 238 46 123 69 272 219 184 105 79 53 91 115 90 60 54 192 169 713 69 525 53 163 43 502 159 102 57 475 45 808 40 57 694 83 90 53 125 72 54 768 43 275 63 453 429
is_linear=0
shrinkage=0.03


Tree=25
num_leaves=63
num_cat=0
split_feature=54 29 56 9 29 29 56 17 54 9 27 55 9 9 89 29 56 73 15 47 74 69 44 23 63 38 27 67 25 29 41 63 59 25 56 47 56 15 16 81 63 73 78 74 4 9 54 70 14 74 27 24 17 43 8 9 56 8 24 55 26 60
split_gain=86.0087 67.0124 37.555 27.5493 15.4723 16.3164 21.9282 15.327 13.6693 16.5846 10.5563 10.3467 13.3169 12.4203 9.49389 9.75095 8.83112 10.9554 8.05227 7.81871 7.51131 6.63376 6.59747 6.59432 8.11398 6.87406 6.39377 7.86335 6.45582 6.35111 8.33276 6.25528 6.18938 8.54446 6.11207 5.86843 5.84047 8.93703 6.53246 6.40941 5.76987 5.692 5.63305 5.46203 5.32502 5.14274 4.59738 4.47027 5.24588 4.36211 7.45944 5.13638 8.92335 4.34053 7.63686 7.10441 4.58982 4.32448 5.21345 3.97392 5.28041 6.70355
threshold=53.186822284275017 -1.0000000180025095e-35 0.063716609878901515 -1.0000000180025095e-35 -1.0000000180025095e-35 1.0000000180025095e-35 0.15427429690398178 0.011131734279045052 33.5634621115477 1.0000000180025095e-35 0.015282626074795202 -0.14345938233546807 1.0000000180025095e-35 -1.0000000180025095e-35 47817550.000000007 1.0000000180025095e-35 0.092220311160643512 -0.21729029979155709 84.941654581866544 0.10659019606151872 0.0053870442660145504 79.655002593994155 39.657685737045263 115.23871826745257 57.746474931916445 0.13773401184549838 0.024191071686026151 79.33499908447267 47.170599590743301 1.0000000180025095e-35 120.5550003051758 72.911186312229219 2.7910000085830693 60.629995542934097 0.096472642437318012 0.11681212175648877 0.088292938505477966 58.805872105250664 -0.15285359408690444 36.142249967330379 57.961942733070806 0.30594404834143069 5.5326834570423236 0.0027057458640096003 168306000.00000003 1.0000000180025095e-35 50.165166227963937 81.424999237060561 34627950.000000007 0.0049097006533725509 0.022256073085878101 14472750.000000002 0.013068263581129903 7893400.0000000009 0.082420689858787366 1.0000000180025095e-35 0.064486110642795913 0.095677669273687108 25620100.000000004 -0.2811041106131808 0.73237443228380539 2.529500007629395
decision_type=2 2 2 2 2 2 2 2 2 2 2 2 2 2 2 2 2 2 2 2 2 2 2 2 2 2 2 2 2 2 2 2 2 2 2 2 2 2 2 2 2 2 2 2 2 2 2 2 2 2 2 2 2 2 2 2 2 2 2 2 2 2
left_child=1 3 7 -1 42 6 36 10 -4 16 29 12 13 20 44 22 17 46 26 57 -9 -14 -16 24 25 47 27 -15 -29 30 -3 34 33 -23 49 -36 43 38 39 -38 -13 -24 -2 -6 -11 -7 -10 -21 -49 51 -51 52 -5 54 -45 56 -56 58 -19 60 61 -32
right_child=4 2 8 31 5 45 -8 11 9 14 -12 40 21 18 15 -17 -18 19 -20 23 -22 32 41 -25 -26 -27 -28 28 -30 -31 59 -33 -34 -35 35 -37 37 -39 -40 -41 -42 -43 -44 53 -46 -47 -48 48 -50 50 -52 -53 -54 -55 55 -57 -58 -59 -60 -61 -62 -63
leaf_value=-0.024623471686496989 0.060852923729620485 0.013480247000641699 0.033809699587963517 -0.0093753923374471047 -0.025989231365586316 -0.010126701760863192 0.042322605744877714 0.01888221922240323 0.043239755281422022 0.010744930028088382 0.027190342795621207 -0.018819937595720336 0.020747146334397868 0.002725665439840846 -0.01167481376875733 -0.021583759127120756 0.031298192956362721 -0.021989828375771035 -0.0083876193254869818 0.030812575998764948 -0.017621132546112993 -0.0083763576904881606 0.036299468754619375 -0.00574747280473207 0.043901705032482294 0.048673051687767435 0.041865116000861076 0.0063030138984093674 0.035060770024550408 -0.017534883845966222 0.036310757680026944 0.02794463831274804 -0.017433928835715571 0.030296549181162504 0.0017617316526871089 0.046231138120114583 0.00068752526253941753 0.035585959383961183 -0.0099662508943437721 0.032494389561439511 0.015891673563828423 0.0019466211445347487 -0.020285290534439147 -0.0097577200565517087 0.047487342462109429 -0.021869419520352894 0.013027373780007354 0.019118519607555576 -0.00946346501403004 0.019194922596169065 -0.017292523807731573 -0.017206755349902656 0.033655927506392895 -0.0091958277869371458 0.013541202131737949 -0.0060757323003201372 0.051653848515025941 0.01963965416933279 0.011937690216768713 -0.025537860393514609 -0.014406908402340417 -0.0072851062194929424
leaf_weight=69.262407943606377 0.7754373699426641 21.274369969964027 49.913508027791977 17.439659222960476 12.709601268172262 83.200095847249031 9.7460555434226972 8.8622552901506442 16.255273848772053 10.590566694736479 8.5365339517593366 16.348155826330188 11.11988081037998 14.520484045147894 10.50681482255459 17.278885751962662 54.706253722310066 11.950534045696264 6.339144453406333 6.8585179448127773 11.866452917456625 14.263648480176927 8.347014471888544 9.3217324167489988 11.384852319955824 4.6553889811038962 18.944931730628014 9.0995895564556104 30.824925109744072 36.545144930481911 5.321544945240019 6.8064373433589926 19.953262314200401 8.0400812774896604 7.0205609053373319 4.3107010424137115 18.441909328103069 7.0592474043369284 29.466487094759941 8.2538144886493665 5.8527689278125754 9.0446510761976224 111.43581528961658 20.629150107502937 5.3399797976016989 56.265680134296417 6.2858637273311606 10.422906935214998 12.972130000591276 14.32362136244774 7.7825724929571143 32.031071662902832 5.7727593034505835 83.905308037996292 6.0218324959278124 7.4821087568998328 5.3885346651077271 5.6502226293086997 6.1864527463912955 10.491396501660345 18.982038483023643 7.8673028498888016
leaf_count=144 4 75 211 45 28 235 44 32 74 37 34 40 42 45 29 43 226 28 17 28 27 41 36 26 52 22 85 30 131 94 23 27 51 33 21 20 57 30 80 34 21 29 250 56 25 142 22 39 35 52 18 74 24 231 21 22 26 21 21 23 48 22
internal_value=7.85129e-05 0.00657407 0.0115796 -0.0102193 -0.0100356 -0.00691656 -0.00161576 0.00400192 0.0196494 0.0164037 -0.00483776 0.00947632 0.0122393 0.0186733 0.00314798 -0.00387384 0.0215746 0.0163567 0.024052 0.0111167 -0.00201466 0.000130231 0.00709478 0.0172734 0.0219089 0.0147363 0.026854 0.0216306 0.0285063 -0.00755874 -0.00185655 0.000228868 -0.00529509 0.00556451 -0.00189837 0.018679 -0.00376379 0.00377121 -0.000227706 0.0105216 -0.00966901 0.018434 -0.0197246 -0.00726302 0.0230611 -0.0148642 0.0348147 0.00951418 0.00327032 -0.00491284 0.00634937 -0.00941952 0.00132618 -0.00533474 0.00286245 0.0166427 0.0315399 -0.0032778 -0.0104173 -0.00950453 -0.00427583 0.0103053
internal_weight=1178.26 717.475 552.725 164.75 460.781 348.57 209.104 285.054 267.672 217.758 109.018 176.036 153.835 100.458 61.1079 45.1774 156.65 101.944 79.7291 79.4027 20.7287 53.3769 27.8985 55.6155 46.2938 34.9089 73.3899 54.445 39.9245 100.482 63.9367 95.4874 42.257 22.3037 88.6809 11.3313 199.358 63.2215 56.1622 26.6957 22.2009 17.3917 112.211 136.137 15.9305 139.466 22.5411 30.2536 23.395 77.3497 22.1062 55.2435 23.2124 123.427 39.5216 18.8925 11.4104 23.7872 18.137 42.6623 32.1709 13.1888
internal_count=3603 2343 1918 425 1260 1006 629 914 1004 793 319 595 534 367 199 137 594 368 308 272 59 167 94 202 176 124 291 206 161 285 191 281 125 74 254 41 585 201 171 91 61 65 254 384 62 377 96 102 74 213 70 143 69 356 125 69 47 70 49 116 93 45
is_linear=0
shrinkage=0.03


Tree=26
num_leaves=63
num_cat=0
split_feature=29 9 29 9 29 81 27 54 9 7 25 65 45 74 78 5 18 45 14 85 14 15 67 27 56 38 27 31 28 18 39 49 54 36 54 54 14 73 36 66 10 89 84 38 28 89 81 45 51 55 69 59 17 39 82 83 47 47 56 36 74 28
split_gain=251.31 132.307 41.9736 34.6131 24.9558 19.6654 15.6512 14.9063 13.0166 11.0084 15.2471 10.7363 11.8695 10.1257 9.08333 8.96501 8.81194 9.48279 8.10667 8.68514 8.54237 8.09115 7.68704 7.24319 7.17201 6.85484 10.1997 11.6281 9.73991 6.94451 6.81267 6.67691 6.52937 6.52433 6.47191 6.25633 6.21203 6.01046 5.79818 5.56513 5.53213 5.30434 5.11298 6.11532 5.98564 6.07538 5.07815 5.49273 4.95403 4.81677 4.63535 4.3329 4.30756 4.12129 4.04864 4.00957 3.77346 3.63399 3.52899 4.28949 3.31883 3.10006
threshold=1.0000000180025095e-35 1.0000000180025095e-35 -1.0000000180025095e-35 1.0000000180025095e-35 -1.0000000180025095e-35 77.671014959330094 0.016616236968204804 51.504378061660155 -1.0000000180025095e-35 0.011201002206937203 57.116222795562109 0.012809205378072251 0.7845865120255483 0.0030873775488342004 10.486158091696604 61.662174913818468 0.027269560996255604 -0.52883096161189502 57696150.000000007 32.476449966430671 77654700.000000015 33.56067414327066 95.74499893188478 0.014218031616215002 0.040086623167255205 0.1129500670967007 0.010494826776837602 297.50586813063734 0.12312372654428701 0.047308311736945712 124.32500076293947 22.515000343322757 62.472863699317521 2.9564569305825334 36.711473937345545 52.505561028872087 76119250.000000015 -0.73799139453939222 1.7702399980286716 0.30752338232831228 35.549709320068366 78829027.500000015 0.017262966086870151 0.12964236726684983 0.092757741823842763 63380909.500000007 73.099840527710299 -3.5660024365816549 19.355000495910648 0.17461627719485853 97.325000762939467 2.6345000267028813 0.008929592931289301 121.33499908447267 -0.11229128748006763 0.0068174692573466011 0.11157476606653781 0.12222053857392232 0.06751447823294307 0.80646155610334358 0.0032666322484274004 0.10056676843932007
decision_type=2 2 2 2 2 2 2 2 2 2 2 2 2 2 2 2 2 2 2 2 2 2 2 2 2 2 2 2 2 2 2 2 2 2 2 2 2 2 2 2 2 2 2 2 2 2 2 2 2 2 2 2 2 2 2 2 2 2 2 2 2 2
left_child=1 2 -1 7 31 25 8 11 32 13 23 -2 16 55 -12 -15 17 -13 19 42 -20 36 -14 41 -23 54 53 28 29 35 -25 -3 39 -29 -7 38 57 -5 56 -4 -37 51 -9 44 45 -44 47 -39 -32 50 -16 58 -36 -27 -6 -10 -28 -8 -11 -60 -45 -46
right_child=3 4 6 37 5 34 21 18 9 10 14 12 22 15 49 -17 -18 -19 20 -21 -22 24 -24 30 -26 26 27 33 -30 -31 48 -33 -34 -35 52 40 -38 46 -40 -41 -42 -43 43 60 61 -47 -48 -49 -50 -51 -52 -53 -54 -55 -56 -57 -58 -59 59 -61 -62 -63
leaf_value=-0.025580180704372776 0.028079558930269748 -0.018693478637155217 -0.024406869121739047 -0.031824076090568226 0.0097108851041990633 -0.02825525633602816 -0.020181730383524249 0.039150537737117706 0.01346786469332527 0.011785870497431074 0.026287125859922395 0.032356162697882745 -0.0014806005525330535 0.017034324349060211 -0.027096729962330455 -0.018486166548905943 -0.021101389857542754 -0.01729770835532168 -0.021254848789562776 -0.00085139619472706621 0.022161565801696152 0.010972981257265844 0.033014980634247369 0.032565092345367169 -0.020254826974090409 0.016953053548259822 -0.0017797783734446963 0.037226481192258791 0.029631829274326504 -0.029483244404859922 -0.016312154621738375 0.012523437588681813 0.0093194739157918729 0.0065692473447610533 -0.011663771266349285 0.035528879297005163 0.027716042417169094 -0.011590121351841195 0.0209126735417784 0.0069836704398788408 -0.0017804995829776024 0.016500565499425534 0.0062918333885535185 0.019433111206371329 -0.014656738093984215 0.043192794415433326 0.018488035335600419 0.038861970998724647 0.022327144879770989 -0.0010098834767412531 -0.0041067896593408731 -0.022147526588832844 0.024364803552754895 0.040781067646629879 0.031700622993201026 0.042254240233027034 -0.029127157407172095 0.011501773427623284 0.0024358138330625632 -0.029174439344853694 0.044563439895989314 0.01602114453117838
leaf_weight=227.04514974355698 14.508914828300474 27.027710571885109 44.991254597902298 1.1911001205444325 8.9831972420215589 10.073862776160242 9.3565311282873171 29.069283097982407 7.6404173821210888 11.811255231499674 4.3827273547649375 7.2411753088235855 11.209468901157381 13.670484244823458 39.54584276676178 12.015800923109053 25.445590168237686 6.6318491548299772 7.3159725219011333 9.7472543418407422 9.2171170711517316 6.9357847422361365 12.078993543982504 13.028006240725519 144.97821792960167 10.960549250245096 8.7968402057886177 17.132978543639187 9.4757538586854917 7.8431337028741828 6.56508059799671 7.9892778098583213 7.3920169621706 9.8333383947610837 6.7432970702648145 7.2608655691146833 5.7662475705146781 1.9769065082073201 4.8863902837038031 5.7304136902093878 7.0495858490467072 10.80860975384712 7.453657999634749 7.320798963308337 7.0183662772178632 8.7053185403346998 13.4820159971714 110.31850561499596 5.4784280806779861 11.577850311994551 9.8614279329776746 12.140302687883375 5.3610233515501022 16.171541780233383 46.75860807299614 10.126610860228537 9.3862291574478132 4.9986592531204215 10.025654330849649 6.2860641926527014 13.362905979156492 5.1325895637273788
leaf_count=580 34 82 141 4 27 54 34 63 20 37 13 20 39 37 187 55 110 28 25 26 20 21 31 36 616 31 36 40 26 36 31 17 20 32 23 17 18 8 14 17 28 33 22 19 26 18 37 231 14 36 34 38 17 34 117 23 48 15 36 28 27 16
internal_value=-1.09901e-05 -0.00831044 -0.0152093 0.0232354 0.0116692 0.0160277 -0.00953698 0.0148288 -0.0046364 -0.000745122 -0.00480071 0.00482699 -0.000561685 0.0124624 -0.0154288 0.000418175 -0.0106147 0.00861967 0.0222207 0.0258491 0.00294959 -0.0164613 0.0164112 0.00432329 -0.0188291 0.0196021 0.0152192 0.00992464 0.00197625 -0.00381853 0.0175293 -0.0115712 -0.0170216 0.0260472 -0.010491 0.0015665 0.00141541 0.0352499 -0.00810002 -0.0208604 0.0171496 -0.00215961 0.029183 0.023269 0.0142094 0.0261715 0.0358851 0.0379738 0.00126434 -0.0184267 -0.0225081 -0.0071689 0.00429334 0.0311553 0.0281568 0.0298751 -0.0158967 -0.00914913 -0.000702836 -0.00974586 0.0356688 -0.00169834
internal_weight=1172.32 863.893 642.159 308.428 221.734 186.717 415.114 181.459 243.078 184.965 141.511 77.116 62.6071 43.4533 65.3678 25.6863 39.3186 13.873 104.343 87.8102 16.5331 172.035 23.2885 76.1434 151.914 164.539 108.797 81.6651 54.6988 45.223 25.0715 35.017 58.1137 26.9663 22.1782 37.3799 20.1214 126.969 23.0695 50.7217 14.3105 51.0719 78.0629 48.9936 28.3099 16.159 125.777 112.295 12.0435 60.9851 49.4073 40.2633 12.1043 27.1321 55.7418 17.767 18.1831 14.3552 28.123 16.3117 20.6837 12.151
internal_count=3603 2799 2120 804 679 580 1540 524 836 658 523 262 228 135 270 92 158 48 262 217 45 704 70 253 637 486 342 277 205 179 81 99 178 72 94 143 67 280 98 158 45 172 191 128 82 40 276 239 45 257 221 139 40 65 144 43 84 49 101 64 46 42
is_linear=0
shrinkage=0.03


Tree=27
num_leaves=63
num_cat=0
split_feature=29 19 9 9 19 29 8 39 68 65 75 64 26 38 27 17 47 9 66 24 3 66 24 49 26 68 15 66 66 81 58 65 85 44 13 75 18 55 72 38 55 44 34 55 26 72 0 55 35 52 15 36 4 46 70 72 63 80 27 46 36 46
split_gain=456.003 189.304 37.4869 23.4208 13.8586 13.08 11.569 13.2108 9.54428 9.25452 8.06612 7.9073 7.38705 6.73012 6.52256 6.28462 6.14784 8.45904 5.92273 5.38877 5.19572 5.03218 5.49016 4.97422 4.90727 7.17949 5.79903 6.89575 4.74312 5.00237 4.62112 5.72943 4.454 6.44426 6.24182 4.17982 3.83858 3.7389 3.26071 3.20543 2.99877 2.95817 2.90274 2.84297 5.33086 2.75954 3.05529 2.45547 2.21591 2.19919 2.0669 1.80172 1.74933 1.69896 3.6948 1.5602 1.30467 2.39162 1.24673 1.17209 0.938997 1.7887
threshold=-1.0000000180025095e-35 -1.0000000180025095e-35 -1.0000000180025095e-35 -1.0000000180025095e-35 -1.0000000180025095e-35 1.0000000180025095e-35 0.12225262509450506 122.12500000000001 74.324996948242202 0.025071330483011755 1.0876892529420805 0.16189149495376043 0.079034831891997101 0.12802185542109568 0.013579961050762151 0.020446996092860003 0.1154250709484272 1.0000000180025095e-35 0.084612586409499771 14316850.000000002 25.545850910648731 0.10072946734932137 11026500.000000002 11.72499990463257 0.22066989522856412 78.93500137329103 72.850744822895848 0.23675982610530402 0.30488610452157366 51.205325161273656 2.2395000457763676 0.018713613982390454 15.685483455657961 59.421972105287544 20.122309541679446 1.1340578406868889 0.024679699268089054 0.52816784807929384 61.829096672281167 0.13965578239240137 -0.79316352722315997 52.774972301686311 172199000.00000003 -0.076316209214072936 0.40967415868443174 35.22935797812405 3.0443909168243413 -0.55963658657748805 45.788366536454483 10.934999942779543 68.822133735417836 2.9564569305825334 941785600.00000012 0.005992475069873401 94.93500137329103 81.776938061397757 33.729960917336847 25172100.000000004 0.0081626452520557526 0.011562632380419701 0.26013814414531572 0.0064104693472837012
decision_type=2 2 2 2 2 2 2 2 2 2 2 2 2 2 2 2 2 2 2 2 2 2 2 2 2 2 2 2 2 2 2 2 2 2 2 2 2 2 2 2 2 2 2 2 2 2 2 2 2 2 2 2 2 2 2 2 2 2 2 2 2 2
left_child=3 5 6 56 43 21 7 12 15 32 14 16 42 41 -9 -4 17 24 -11 -20 -7 -2 -23 -24 45 -26 30 47 40 -30 31 -27 34 35 -6 -34 -36 58 39 -22 -25 -14 -3 44 -5 -10 -47 -28 -33 -19 -50 -51 55 54 -48 -18 57 -1 -32 -42 61 -58
right_child=1 2 8 4 9 20 -8 10 11 18 -12 -13 13 -15 -16 -17 52 49 19 -21 38 22 23 28 25 26 27 -29 29 -31 37 48 33 -35 36 -37 -38 -39 -40 -41 59 -43 -44 -45 -46 46 53 -49 50 51 -52 -53 -54 -55 -56 -57 60 -59 -60 -61 -62 -63
leaf_value=0.023151585609605761 0.007539853944355638 -0.021582489352698572 0.019307359106516202 0.0056230260395362308 0.0016380016856781992 -0.012008825902640739 0.037567591215009674 0.021381462716411285 -0.0028450880161537779 0.018141401026170244 -0.025769372944706458 0.013869533197322223 0.016041620383925273 -0.0070820625007424103 -0.020504409127641503 -0.019988279831774838 -0.025481936700051201 -0.010146841954705273 -0.029113725723400999 0.0041645167303289068 0.017885042358090089 0.003042608930638901 -0.028315427366577921 0.017632390647261648 0.018820632039129349 0.012083575252719275 -0.027922016799760474 0.022259980720024101 0.032914244090279883 0.0050761502923557331 -0.013957600265599408 -0.0020029844197056368 0.0052457266818655111 -0.011141133025422009 0.020358187555463515 0.031292034072170682 0.039040859112021098 0.0032910875596402693 0.030855696835210632 -0.012234146876928011 0.041287732158832011 0.03948579025541913 0.0079713841682651793 0.041148241262891926 0.035644630485505313 0.00093306803063721152 -0.027266317774687857 0.0013215180432368905 -0.027443176059049491 -0.026618984485419842 -0.0021286340679565947 -0.0087577702710244509 -0.011908503027906154 -0.025164497796448686 0.0032811710410468428 -0.0092285923024583074 0.021047356873307853 0.039315103776829563 -0.027670532752017425 0.031274537463439438 0.041481792178075169 0.038438706939899009
leaf_weight=13.570820480585096 11.676549613475798 7.1856495738029462 8.8325051814317685 7.3231304138898876 7.4233087450265876 11.630803704261782 7.0950177013874045 7.7078615278005582 7.8171196579933158 12.120466813445093 23.710687220096588 5.7502462714910498 9.6037119477987343 6.6649317592382422 5.9127204418182373 6.2584232985973349 265.78349412977695 8.6786793768405897 7.2005970180034664 11.177432075142859 7.2569552510976809 7.0554159730672827 1.2704041600227345 7.039749562740325 7.1017776876687995 9.5405883491039258 5.4446142315864563 8.6317248195409757 12.577939078211786 10.795966267585753 7.2746554017066947 7.5876187831163433 9.5226552188396507 7.8245399147272101 16.559430778026581 13.275379404425619 24.60330693423748 4.6164970695972434 6.4123573303222647 5.6607183068990707 37.651884287595749 9.7734220772981626 5.1238508522510529 27.709815323352814 19.49185648560524 5.1193571388721457 8.0476947128772718 4.9186590015888232 12.606944456696512 111.0558313280344 3.7711610943078986 5.3266580998897544 9.2767253965139371 62.014605551958084 6.3954967260360709 5.4238937944173804 6.14328908920288 20.968988761305809 33.195139482617378 14.600943908095358 81.088276520371437 39.836150869727135
leaf_count=28 32 30 20 21 25 38 13 19 30 28 89 20 29 26 27 26 1041 31 34 37 19 22 7 21 21 27 25 23 26 30 23 21 32 33 38 29 46 16 13 21 66 20 15 45 36 22 30 16 63 375 14 18 29 270 15 17 15 35 137 31 129 68
internal_value=-8.26552e-05 -0.0118057 -0.0180253 0.0300264 0.0220479 0.0209263 0.000937819 -0.0024961 -0.0205552 0.0159042 -0.0152002 -0.0211427 0.00986997 0.018922 0.00319873 0.0030109 -0.0214784 -0.0186307 0.00186221 -0.00887405 0.0038346 0.0260805 0.0284597 0.0305962 -0.0147101 -0.010302 -0.0124213 0.0024542 0.0315015 0.0200564 -0.0160166 -0.00757814 0.0213109 0.0123501 0.0269586 0.0204126 0.031525 -0.0222877 0.0133675 0.00468636 0.0360134 0.0278664 -0.00928064 0.0344094 0.0274458 -0.0198724 -0.021504 -0.0140423 -0.0154053 -0.0247151 -0.0216143 -0.0258015 -0.0247187 -0.0230063 -0.0137398 -0.0251569 0.0381345 0.0329644 -0.0252056 0.0384898 0.0395398 0.0361151
internal_weight=1162.72 836.878 703.248 325.839 164.232 133.63 82.7779 75.6828 620.47 109.707 37.3313 605.379 38.3516 26.0421 13.6206 15.0909 599.629 319.145 30.4985 18.378 30.9608 102.669 90.9923 83.9369 194.084 104.689 97.5876 18.995 82.6665 23.3739 78.5926 33.5063 79.2086 30.6226 48.586 22.798 41.1627 45.0863 19.33 12.9177 59.2926 19.3771 12.3095 54.5248 26.815 89.3943 81.5772 10.3633 23.9657 125.061 16.3781 116.382 280.484 76.4578 14.4432 271.207 161.608 34.5398 40.4698 52.2528 127.068 45.9794
internal_count=3603 2924 2598 679 404 326 268 255 2330 302 135 2284 120 75 46 46 2264 1177 99 71 91 235 203 181 753 386 365 64 174 56 301 125 203 94 109 61 84 176 53 40 118 49 45 102 57 367 337 41 98 424 77 393 1087 315 45 1058 275 63 160 97 212 83
is_linear=0
shrinkage=0.03


Tree=28
num_leaves=63
num_cat=0
split_feature=54 29 37 9 9 9 50 29 29 56 25 56 7 52 29 44 56 25 28 35 37 12 88 38 84 56 56 75 42 7 37 52 43 25 72 78 80 44 72 75 38 74 8 27 46 9 45 39 44 17 24 61 66 77 66 45 25 27 64 14 38 26
split_gain=81.4694 62.841 53.4141 26.5006 21.7415 19.8137 17.752 14.8218 15.3875 20.6714 10.3867 10.2416 10.5761 11.0313 9.47952 7.12524 11.2325 8.71591 6.3246 5.79317 6.57872 6.31231 7.56327 6.56611 5.77302 5.71266 5.67558 10.6113 8.43739 6.45576 5.65757 8.25186 5.67363 5.73659 5.46418 5.36755 5.35587 6.26932 5.34993 5.89898 5.59168 5.16159 5.14155 6.6234 5.00747 5.00279 4.74475 4.5856 4.57405 5.02129 5.91886 5.38528 6.80998 4.5379 4.27805 4.77987 4.03067 3.98462 3.85957 3.661 6.6962 3.59834
threshold=53.186822284275017 -1.0000000180025095e-35 0.0063431030852144502 -1.0000000180025095e-35 1.0000000180025095e-35 -1.0000000180025095e-35 15.50500011444092 -1.0000000180025095e-35 1.0000000180025095e-35 0.15427429690398178 53.481165924647449 0.090007086462907351 0.008490327721149651 12.204999923706056 1.0000000180025095e-35 57.062168738700827 0.061020389865564607 67.252368824683671 0.10271754623682706 57.380060320640659 0.0051157907267261006 21.894938097896617 14.272040664625179 0.12138435690563427 0.02803143967647265 0.096472642437318012 0.09194533169849807 1.0946845861927152 164.25000000000003 0.014431177069955852 0.0085121538714312533 19.175000190734867 14546600.000000002 35.54782196530622 49.966792337363515 5.5326834570423236 12169900.000000002 59.013276015797288 81.179868705085696 1.0794666082299262 0.11786563221530731 0.0040629225583066007 0.093915514363644717 0.0122791937845189 0.009806610742101653 1.0000000180025095e-35 1.2039984284868481 126.32999801635744 70.271978628756969 0.01098613927118725 15077300.000000002 2.7330000400543217 0.21075170590562434 8.7646811799089388 0.27622472507024182 1.236526878230592 50.040148198023537 0.01212651825906485 0.046983998358878003 32422950.000000004 0.10946161595831322 1.4079791397660151
decision_type=2 2 2 2 2 2 2 2 2 2 2 2 2 2 2 2 2 2 2 2 2 2 2 2 2 2 2 2 2 2 2 2 2 2 2 2 2 2 2 2 2 2 2 2 2 2 2 2 2 2 2 2 2 2 2 2 2 2 2 2 2 2
left_child=1 3 11 -1 5 15 57 35 9 30 26 12 13 -3 24 17 -17 -4 -15 -14 36 -22 23 -23 59 48 27 56 29 -29 46 -32 33 41 54 -2 37 -21 39 40 53 -33 -24 -44 -31 -10 58 -27 49 -5 51 52 -51 -12 55 -26 -7 -6 61 -8 -61 -9
right_child=7 2 4 25 6 10 14 8 45 -11 38 -13 19 18 -16 16 -18 -19 -20 20 21 22 42 -25 34 47 -28 28 -30 44 31 32 -34 -35 -36 -37 -38 -39 -40 -41 -42 -43 43 -45 -46 -47 -48 -49 -50 50 -52 -53 -54 -55 -56 -57 -58 -59 -60 60 -62 -63
leaf_value=-0.024256675229794182 0.05853779989725702 0.037578454504621328 -0.012239459741677269 -0.016656752667681095 0.014099425768869215 0.038126393627920592 -0.018894697204723761 -0.00031419396964672277 -0.0098425598099718022 0.040907791568596613 -0.010689171122418245 0.032958568340290886 -0.020103380827221563 -0.010940314592964125 -0.014501204849848069 -0.0076705106758606862 0.041674797341869477 0.025410998027878374 0.024642888375666156 0.019104250844860497 -0.021512263809026481 0.011238954367949026 -0.018434747517891318 0.051318030301453481 0.037163159442185088 0.0020052266800697255 0.030850355440322819 0.022130045191336548 0.032526368197518085 -0.017986869726998818 0.026241353896917795 0.0002337858208258391 -0.010795868761628162 -0.0032188059479046002 0.036557840498866949 -0.019921136752574651 -0.013840706436261988 -0.016729035745142579 0.0027382802528280966 0.037623748009755327 0.045189690324340705 0.032500498283866475 0.031219034337099341 -0.0076677822038894883 0.008135296913164107 -0.021498461213484484 -0.02276899685348693 0.039136670552949407 0.016626122785257443 0.005407156464360607 -0.0082725722962580187 -0.004954453242455541 0.051813159096731357 0.02592771448296069 -0.010506768891020851 -0.0024383602204634063 0.013208748783734504 0.045148010962244418 -0.019059864000417162 -0.0074677974129922471 0.021285018422680033 -0.020567918296404142
leaf_weight=67.971096619963646 0.79040290415286918 10.592387944459917 23.560968622565273 23.171929284930229 5.564651399850848 18.138533771038059 7.6195717453956595 65.618153735995293 82.571323245763779 9.8094194829463941 6.1519431471824664 7.3587100207805625 23.658467054367065 14.559722572565081 24.876476675271988 7.1968934684991863 9.8121312707662565 7.2323221713304511 6.5037197321653357 10.974965184926988 7.0861853808164588 10.630822077393534 9.5853255987167376 5.6256915777921668 6.2024149298667961 6.3121442049741727 29.057969495654106 8.8350160419940931 8.8387614488601667 16.240870296955112 10.939348697662352 7.8974583148956325 34.160584643483162 27.797457739710808 9.2415519356727582 109.81783314049244 58.415193051099777 7.3286261409521094 5.0139852762222281 87.272063508629799 4.9730401784181586 10.25658033788204 7.0074975937604931 9.011230528354643 11.131145149469374 55.360046848654747 17.265347063541412 5.6930998712778091 9.8905582875013334 6.3404678553342837 29.825098633766174 8.7861619740724546 5.1639824956655502 6.033356100320816 6.8369792252778998 4.9181399196386337 8.6187953352928144 11.222088590264319 15.831456378102301 17.683624446392063 12.402307972311972 8.9744317680597288
leaf_count=144 4 46 59 54 20 79 19 201 235 44 16 31 58 40 68 19 44 28 25 41 16 37 23 27 27 19 120 34 37 41 43 24 92 82 40 250 153 19 16 382 23 43 29 26 37 142 40 25 35 20 79 24 25 24 19 15 30 52 38 51 47 22
internal_value=9.6141e-05 0.00641174 0.0112386 -0.00994903 0.017939 0.0226458 0.00653909 -0.00979915 -0.00674686 -0.00160534 0.0266086 -0.00173511 -0.00314577 0.0126052 0.00124462 0.0052115 0.0207957 -0.00339662 4.66445e-05 -0.00648488 -0.00392099 0.00467257 0.00910515 0.0251086 0.00727964 0.000268156 0.0196636 0.0151365 0.00624797 -0.000167038 -0.0037037 0.00180102 -0.00153632 0.00534728 0.017814 -0.0193605 -0.00940369 0.00475686 0.0330089 0.0344622 0.0183819 0.0184637 -0.00105577 0.00934351 -0.00736399 -0.0145208 -0.00835795 0.0196136 -0.00252401 -0.00510842 0.00023117 0.0127308 0.0262373 0.00744109 0.00816786 0.0196491 0.0301002 0.0348557 -0.00560634 -0.000319419 0.00438496 -0.00275097
internal_weight=1173.26 716.169 553.014 163.155 364.676 258.108 106.568 457.09 346.482 208.55 210.305 188.339 180.98 31.6558 89.7811 47.8023 17.009 30.7933 21.0634 149.324 125.666 48.9468 41.8606 16.2565 64.9046 95.1834 100.861 71.8031 45.0458 36.207 198.741 91.0514 80.1121 45.9515 27.1991 110.608 76.7188 18.3036 109.444 104.43 17.1583 18.154 25.6041 16.0187 27.372 137.931 107.689 12.0052 83.1782 73.2876 50.1157 20.2906 11.5045 12.1853 17.9575 11.1206 26.7573 16.7867 90.424 37.7055 30.0859 74.5926
internal_count=3603 2343 1918 425 1347 989 358 1260 1006 629 839 571 540 111 286 150 63 87 65 429 371 158 142 64 218 281 378 258 149 112 585 284 241 149 101 254 213 60 461 445 63 67 78 55 78 377 301 44 237 202 148 69 45 40 61 42 109 72 261 117 98 223
is_linear=0
shrinkage=0.03


Tree=29
num_leaves=63
num_cat=0
split_feature=19 29 9 29 9 29 19 54 29 29 18 37 15 81 88 56 28 68 54 44 56 8 81 54 58 54 17 52 56 72 25 73 9 72 60 64 66 15 25 56 15 15 54 17 4 17 56 8 67 80 56 55 17 1 9 46 81 43 56 7 44 73
split_gain=252.932 134.645 54.6269 37.664 16.7674 16.6225 15.6593 14.864 13.425 13.2277 12.7161 12.1578 11.8202 9.55189 16.3145 8.49542 8.16672 7.62531 8.18656 7.32729 7.16659 7.0673 6.00738 5.91046 8.39816 5.80854 6.18943 5.7641 7.43369 8.86707 6.01818 8.04326 5.50889 6.41949 5.16808 5.04944 4.90283 4.80831 4.6953 7.62784 4.55882 4.55053 4.49444 4.48765 4.1699 4.03461 3.83163 3.57599 3.74192 3.56202 3.56139 5.7206 10.756 6.15137 3.5444 4.41477 3.42102 3.36431 2.97292 2.96863 2.94908 5.26477
threshold=1.0000000180025095e-35 1.0000000180025095e-35 1.0000000180025095e-35 -1.0000000180025095e-35 -1.0000000180025095e-35 -1.0000000180025095e-35 -1.0000000180025095e-35 56.323254882878139 -1.0000000180025095e-35 1.0000000180025095e-35 0.043547393180888454 0.0040186195883121509 77.046738769877251 50.464518599973921 20.98786224269044 0.034715012172672005 0.10578483278548932 97.68500137329103 49.440381356860591 64.015178574124334 0.11532256371624511 0.080135955189893207 25.375165904924391 48.260176468586259 1.6974999904632571 51.602139679111822 0.011723100827691402 30.615000724792484 0.052596608510667602 33.965269761397586 46.5525422879847 0.16488693974625332 1.0000000180025095e-35 67.532096416217428 1.9735000133514407 0.013674334384574853 0.22351189952986736 42.760002471891006 68.636954826353914 0.051724265060205409 72.168423678973284 68.326873470321246 67.588029330169562 0.014589168894483152 63780200.000000007 0.0087743601124860519 0.057649146889398206 1.0000000180025095e-35 74.81000137329103 12239100.000000002 0.063716609878901515 -0.20846792042768666 0.013161530546863452 126.36131472455243 1.0000000180025095e-35 0.010524961148206401 57.762806460741722 3121050.0000000005 0.042654180881761504 0.013692758959897003 62.769974303320957 0.26565439755955111
decision_type=2 2 2 2 2 2 2 2 2 2 2 2 2 2 2 2 2 2 2 2 2 2 2 2 2 2 2 2 2 2 2 2 2 2 2 2 2 2 2 2 2 2 2 2 2 2 2 2 2 2 2 2 2 2 2 2 2 2 2 2 2 2
left_child=1 2 5 23 16 -1 25 20 56 13 12 35 17 44 19 -13 21 18 38 41 27 36 -17 -2 -25 -3 -27 28 29 -8 31 -30 33 -32 -31 40 -5 -20 39 -10 -7 54 50 -41 -6 -9 -12 -46 -49 -16 51 53 -53 58 55 -15 -4 -50 -24 -36 61 -51
right_child=3 6 8 4 9 11 7 45 10 -11 46 15 -14 14 49 22 -18 -19 37 -21 -22 -23 42 24 -26 26 -28 -29 30 34 32 -33 -34 -35 59 -37 -38 -39 -40 43 -42 -43 -44 -45 47 -47 -48 48 57 60 -52 52 -54 -55 -56 -57 -58 -59 -60 -61 -62 -63
leaf_value=-0.026215840422142419 -0.024528838978178858 -0.021593629784411209 -0.0043970582829136384 0.020733129023851476 -0.031707642298282816 0.0082327419238871283 -0.014645066638982313 0.0045839658897583787 0.033861966783155305 0.034603305867893598 0.0055990855889099089 0.018940674680730272 -0.027891126877142243 0.017138684291857321 0.0061150769062055035 0.012404649914081786 0.030981272484684345 -0.015552901797410219 0.015423951816767329 -0.020889582800938594 -0.021839832168319553 -0.029482291074905128 -0.006255172282148851 0.030259193959478962 -0.013332118081873139 0.025390272201036367 -0.0090086359122417536 0.040146673541373697 0.029297496775120335 0.0054696188175870396 -0.023703859641741189 -0.019188211156992888 0.014621479919569753 0.017832355020190867 0.020313376353322286 0.021634407744493052 -0.014956235554001079 0.039576443001915734 -0.008448163327277363 -0.017095105069871733 -0.028381415881003281 -0.014946888375964532 -0.0026418799847593268 0.015571607087665142 0.001898797733318663 0.034803346317730709 -0.020691582932648316 -0.031629045917224145 -0.029859311242021583 0.014527339562449485 -0.021949936972122556 -0.017907048799000923 0.017514364741364551 0.0047705172986859962 0.024706805221150558 -0.02059561168105482 -0.027008924056450872 0.033786460978495893 -0.024406431264837405 0.043201401226860059 0.042175461514452055 0.042325073925673279
leaf_weight=201.60611869394779 13.576427027583124 11.472049891948702 10.378397643566133 8.6583908647298866 0.98070615530013938 7.4690486937761325 5.0633013844490042 4.3595063090324393 11.856659576296808 122.66559582948685 7.2543982863426235 5.854971930384635 5.9775135964155188 6.9487160444259679 6.2559095025062552 5.9046298116445533 7.2193403393030158 6.3301329761743537 12.133484140038492 10.245815753936766 5.382668510079383 7.4768754243850699 9.3083386421203596 6.1009604185819652 11.429094135761259 8.0787356048822421 11.281775847077368 6.8966307640075675 12.766220331192018 6.8229494243860271 14.64504034817219 4.0580959022045127 8.6998880952596682 4.341556876897811 7.8035205155611065 10.150675877928732 5.7747999578714362 19.090075314044952 9.8120464086532575 6.5018176883459082 5.1852575391530991 6.0467545688152304 15.874706655740736 9.0574125349521619 3.6984819620847693 45.228180900216103 15.977149993181227 0.81559193134307761 0.75639127194881339 16.71860928833485 159.94450451433659 20.26136825978756 12.460305109620093 8.5740946233272535 13.206208094954491 4.6630860865116119 14.345178991556166 63.440001428127289 63.669736236333847 14.721954450011252 13.006584629416464 9.6838171631097776
leaf_count=522 40 44 26 24 3 25 21 13 29 260 24 15 32 23 21 16 19 31 36 46 27 26 32 13 31 20 27 16 34 22 65 18 27 15 23 23 16 40 36 29 17 28 45 31 8 102 73 4 2 51 721 59 35 29 38 23 47 146 258 31 26 19
internal_value=-1.43175e-05 -0.0089673 -0.0151652 0.0217925 0.0249673 -0.0194499 0.0146862 0.018927 0.00235343 0.0272275 0.00707758 -0.0152484 0.0127042 0.0214451 0.0148024 -0.0168441 0.00330852 0.0159491 0.0188622 0.00109278 0.0117393 -0.00580962 -0.0175519 -0.0096693 0.00183891 -0.00467802 0.00534531 0.0138454 0.0115471 0.0220184 0.00345157 0.0176025 -0.00514759 -0.014206 0.0283437 0.00587282 0.00645362 0.0301908 0.00936085 0.0157346 -0.00677036 0.00839001 -0.0181617 0.001921 0.0297162 0.0321466 -0.0124819 0.0305929 0.0322253 0.0271447 -0.0190601 -0.0150153 -0.00441869 -0.0192671 0.0140759 0.00198529 -0.017517 0.0330366 -0.0220912 0.0352723 0.030483 0.0247229
internal_weight=1165.97 826.6 654.978 339.368 308.262 526.264 171.622 140.79 128.714 279.132 103.991 324.658 80.7591 156.467 86.7755 301.853 29.1294 74.7816 68.4515 41.1106 91.2018 21.9101 295.998 31.1065 17.5301 30.8326 19.3605 85.8192 78.9225 34.4117 44.5108 16.8243 27.6865 18.9866 29.3484 22.805 14.4332 31.2236 37.2279 27.4159 12.6543 30.8648 290.093 15.5592 69.6912 49.5877 23.2315 68.7105 65.012 45.6649 274.218 114.274 32.7217 81.5522 24.818 11.6118 24.7236 64.1964 72.9781 22.5255 39.409 26.4024
internal_count=3603 2736 2231 867 783 1797 505 414 434 698 361 1275 264 438 275 1210 85 232 201 158 299 66 1195 84 44 91 47 272 256 97 159 52 107 80 76 65 40 76 125 89 42 112 1179 60 163 115 97 160 152 117 1134 413 94 319 84 46 73 148 290 54 96 70
is_linear=0
shrinkage=0.03


Tree=30
num_leaves=63
num_cat=0
split_feature=29 19 9 19 9 29 8 39 67 21 83 83 75 75 9 47 56 43 26 85 89 73 80 54 56 25 15 47 89 66 36 83 46 56 51 51 51 28 74 66 89 47 34 55 26 47 46 74 89 16 4 63 34 52 83 10 50 43 43 14 56 56
split_gain=427.946 180.901 36.0845 22.3096 12.6866 12.4096 10.9059 12.5687 8.24434 8.11243 8.45454 8.00602 7.83573 7.0062 6.73719 8.8735 9.71271 7.09674 6.45376 6.26504 6.03482 6.12736 5.79407 5.28441 5.50012 5.25598 5.20031 5.98654 5.1879 5.20845 5.02344 5.64948 4.94221 4.58092 4.64816 4.30393 4.25955 4.02003 3.99057 3.90091 3.71238 3.14812 3.06598 2.94953 4.03467 2.93305 2.87859 2.77278 2.50249 2.26153 2.1894 2.86415 1.65306 1.60233 2.23871 1.53093 4.29801 1.53024 6.4003 2.1159 1.32461 2.65134
threshold=-1.0000000180025095e-35 -1.0000000180025095e-35 -1.0000000180025095e-35 -1.0000000180025095e-35 -1.0000000180025095e-35 1.0000000180025095e-35 0.12225262509450506 122.12500000000001 74.274997711181655 121.48344993705466 0.010482774366172402 0.014055823142121402 1.0876892529420805 1.0980600780222616 1.0000000180025095e-35 0.1154250709484272 0.055609169331880405 8267150.0000000009 0.22793344234775856 10.185616016387941 132236913.00000001 -0.16731116516341157 32313100.000000004 50.283409989483594 0.070398875356480109 65.423467213612483 58.456556054286821 0.11635482158742101 22180712.000000004 0.10072946734932137 1.3574864338664201 0.0087025633879045019 0.006224666613730551 0.035816823762050302 11.215000152587892 13.835000038146974 11.444999694824221 0.039114107217751805 0.0023255512668709506 0.36863001034595072 27789086.500000004 0.08324935444016951 144225100.00000003 -0.70360122566826877 0.35936375344403976 0.11488446843747362 0.007229539822802551 0.0033054578074583002 43219150.000000007 0.81021626057151519 808773000.00000012 39.026297668861197 41264000.000000007 10.934999942779543 0.0057880600347112515 20.137395858764652 23.095000267028812 12098450.000000002 12486100.000000002 76119250.000000015 0.06269561495993177 0.080403028515212069
decision_type=2 2 2 2 2 2 2 2 2 2 2 2 2 2 2 2 2 2 2 2 2 2 2 2 2 2 2 2 2 2 2 2 2 2 2 2 2 2 2 2 2 2 2 2 2 2 2 2 2 2 2 2 2 2 2 2 2 2 2 2 2 2
left_child=3 5 6 55 46 28 7 13 11 22 -11 -4 19 -3 15 16 17 32 -15 -9 21 -19 23 24 26 -20 27 -6 -2 -30 31 -7 -10 -31 -35 -23 -25 -36 -39 52 -18 -42 -38 44 -40 -43 -5 -45 -28 -34 53 -52 -17 54 -16 56 -1 -54 -59 -60 -49 -62
right_child=1 2 8 4 9 30 -8 12 14 10 -12 -13 -14 18 50 39 40 20 25 -21 -22 35 -24 36 -26 -27 48 -29 29 33 -32 -33 49 34 37 -37 42 38 43 -41 41 45 -44 47 -46 -47 -48 60 -50 -51 51 -53 57 -55 -56 -57 -58 58 59 -61 61 -63
leaf_value=0.010856832661296979 -0.02879819388069061 0.028027145314858407 0.01650047139754459 0.021605167275258432 -0.009806915115347991 -0.023568102258405395 0.036298904273431347 -0.015700507567905614 0.0040343942662764646 0.01713188167320805 -0.028937740718129632 -0.027701741097955219 -0.025496998368649524 -0.018587263027618903 -0.001395694733088509 -0.006547345483599352 0.0036624014247319042 0.025952821322653117 0.024420555453341607 0.025129949055557557 -0.021314998299966789 0.012659137151948406 -0.0059797792743008218 -0.010193891884437393 -0.0057037186815554908 -0.011808990824885703 0.012056445297919409 0.024177370298979727 0.0073525454134313103 -0.030617652888374883 0.017557764043168656 0.010416181415540597 -0.027481297291593612 -0.027997137627593718 -0.010168250895597419 -0.01674661825877383 0.039735393267851013 -0.031690535066512621 0.031422451158164694 0.0038135311796125191 -0.00072248100182516867 -0.022527825825513582 0.021929909418540144 0.022169440913979911 -0.001812517176780654 0.00039496140961521939 0.037952928392085812 0.043638982420408784 0.035319910862891352 -0.0075271995941586026 -0.026857871493900006 0.00015257583752511023 -0.026704360820732104 -0.026111748966872794 -0.027057072091174895 0.037914126796456858 0.037454295943568271 0.012163196099897503 -0.027107434669723391 -0.010248667618504608 0.01930891103002445 0.038408943773508779
leaf_weight=7.5306291878223446 1.5684292465448368 12.466559350490568 10.450086414813997 13.237336456775664 9.0884542763233203 8.9395001679658943 7.1478798389434806 7.3308543264865857 9.0518580824136716 7.2157441228628141 7.125295951962471 5.6990088969469062 23.370350196957588 9.7718152254819888 5.7878952771425229 4.6568751633167258 6.1800687909126273 12.385230988264086 10.762911587953569 6.2791656255722046 6.9257491230964652 9.3164145648479479 8.0146666914224607 2.3196453452110282 9.9241095781326276 5.4180921614170066 5.628910660743716 9.5852197557687742 11.695611432194708 1.1590600460767735 13.36921553313732 8.6742956191301328 18.007130593061451 1.2513576894998539 2.1615522652864447 8.6285162568092328 19.472556576132774 0.89677770435809989 9.1740002930164319 4.6166686564683905 7.0264685600996009 105.12135225534439 15.73830410838127 13.354926764965056 5.123396858572959 5.2758716791868201 36.21603798866272 19.735928907990456 15.965649381279944 7.13831603527069 7.0471148043870908 7.0860089510679245 106.35924996435642 209.31622463464737 6.4912108480930328 139.61954309046268 19.963691458106041 4.9188128113746634 35.533092275261879 8.2571602314710599 8.4980076104402524 28.401869967579842
leaf_count=20 7 30 24 30 33 30 13 28 25 18 34 27 89 39 23 15 23 34 30 18 32 30 28 8 36 21 16 25 32 3 36 25 67 7 7 27 35 3 20 19 27 453 36 30 20 22 63 32 33 23 21 19 467 724 20 230 34 19 159 30 23 51
internal_value=-9.77756e-05 -0.0115712 -0.0177344 0.0289796 0.0209552 0.0203396 0.000883227 -0.00247417 -0.0202485 0.0152848 -0.00575765 0.000901529 -0.0149587 0.00954271 -0.0208224 -0.0182374 -0.0139105 -0.00510577 0.000663619 0.00313717 0.00395236 0.00972204 0.0184369 0.0206676 0.0143006 0.0122894 0.0192307 0.00763726 0.0253462 0.0261832 0.00369233 -0.0068318 -0.014974 0.0286369 0.0294121 -0.00148012 0.0291827 0.0302346 0.0312598 -0.0233729 -0.0190003 -0.0201931 0.0317768 0.0319296 0.0195129 -0.0214323 0.0335771 0.034466 0.029256 -0.0218167 -0.0247637 -0.0133155 -0.0241587 -0.0254939 -0.0149613 0.0366399 0.0301693 -0.0246876 -0.0202839 -0.0239285 0.0373656 0.0340102
internal_weight=1154.47 827.828 693.824 326.646 159.532 134.004 82.5476 75.3997 611.276 110.079 14.341 16.1491 36.9804 38.4194 595.127 359.399 195.057 71.4532 25.9528 13.61 37.2559 30.3302 95.7375 87.7228 50.1923 16.181 40.2682 18.6737 103.021 101.452 30.983 17.6138 34.1973 89.7569 88.5978 17.9449 37.5305 87.3465 85.1849 164.342 123.604 117.424 35.2109 84.2881 14.2974 110.397 49.4534 69.9907 21.5946 25.1454 235.728 14.1331 159.725 221.595 12.2791 167.114 27.4943 155.068 48.7091 43.7903 56.6358 36.8999
internal_count=3603 2924 2598 679 395 326 268 255 2330 302 52 51 135 120 2279 1472 763 238 90 46 123 91 250 222 143 51 107 58 235 228 91 55 115 196 193 57 79 186 179 709 525 502 71 176 40 475 93 136 49 90 807 40 690 767 43 284 54 675 208 189 106 74
is_linear=0
shrinkage=0.03


Tree=31
num_leaves=63
num_cat=0
split_feature=19 19 37 54 49 29 29 56 55 29 73 72 88 81 39 75 40 56 72 28 29 28 80 40 72 80 34 52 28 18 49 56 29 72 45 9 16 37 84 45 75 16 82 84 26 1 44 35 81 45 26 45 74 75 45 25 16 72 55 9 73 70
split_gain=80.409 74.8419 55.8558 38.4464 17.1021 16.8191 15.9991 15.6578 12.1266 11.8536 11.5091 11.2723 10.9832 13.6413 10.3941 8.39507 8.06478 7.6746 7.38747 7.36619 7.04898 6.70951 6.24692 8.82825 6.2241 6.09401 5.8106 5.72749 5.61711 6.38843 6.63287 5.32726 5.15863 5.39458 5.30012 4.94485 4.92789 5.34684 4.74215 5.201 5.20684 4.6643 9.12023 5.01149 4.59914 6.40946 4.99056 4.457 4.19036 4.1763 4.14823 4.1092 3.91584 3.91562 3.75753 3.6313 7.56367 4.50199 3.61302 3.46106 4.21119 5.81347
threshold=-1.0000000180025095e-35 1.0000000180025095e-35 0.0062952564869617504 50.283409989483594 13.284999847412111 -1.0000000180025095e-35 1.0000000180025095e-35 0.08128951260104926 -0.80376047149606566 1.0000000180025095e-35 0.21657774274187605 37.176105446465428 21.168544594840139 52.577393054122425 105.81000137329103 1.1376439523401249 83.505001068115249 0.071352694851137169 63.606263827464581 0.11032903136422641 -1.0000000180025095e-35 0.092170592069203264 11931800.000000002 120.02999877929689 78.179356660533116 15478900.000000002 64750750.000000007 14.59500026702881 0.12372138514156636 0.050991115370631911 19.32499980926514 0.053037564286125459 -1.0000000180025095e-35 35.22935797812405 -0.51669878003394831 1.0000000180025095e-35 5.0664976282963901 0.0053658643241369505 0.024630882121444004 0.21458692125963807 1.1033136010729596 1.6044039993418482 0.015216299644456402 0.024421914020467554 0.46417234241940269 28.950320755144194 63.023867198740874 34.319490342759444 77.200720118699806 -0.068261001897063481 0.62791630902247786 -2.5268553254348869 0.0050203488652026508 1.061877971961656 1.8502251108833434 44.075715244471063 -0.24293413390764221 71.380958498927939 -0.14345938233546807 1.0000000180025095e-35 -0.17350582732311173 81.424999237060561
decision_type=2 2 2 2 2 2 2 2 2 2 2 2 2 2 2 2 2 2 2 2 2 2 2 2 2 2 2 2 2 2 2 2 2 2 2 2 2 2 2 2 2 2 2 2 2 2 2 2 2 2 2 2 2 2 2 2 2 2 2 2 2 2
left_child=5 2 4 14 10 -1 12 11 25 19 17 -5 13 38 16 50 -4 18 44 20 -9 -11 -15 52 35 -7 -12 31 -14 30 -30 -10 -18 -34 -35 -16 37 -6 39 40 -3 42 43 -37 46 -46 -2 -29 -39 -17 -13 -8 -24 -49 -25 56 57 -22 -47 60 -53 -62
right_child=1 6 3 7 36 8 51 9 27 21 26 15 28 22 24 49 32 -19 -20 -21 55 -23 23 54 -26 -27 -28 47 29 -31 -32 -33 33 34 -36 41 -38 48 -40 -41 -42 -43 -44 -45 45 58 -48 53 -50 -51 -52 59 -54 -55 -56 -57 -58 -59 -60 -61 61 -63
leaf_value=-0.022612019185213147 -0.014404885970974602 0.018067528895630239 0.043889909173763314 0.020501402029514965 -0.021670170785662874 0.03607581236034401 0.017630331674911924 -0.0044016642617969171 -0.014889684492351252 -0.018791707652833955 0.0065243746048067311 -0.01573846481870771 -0.015378258201194104 0.033842393545491754 0.031240576482084489 0.026885215166774938 -0.016719874342161507 0.027423020234027574 -0.022272811942991903 0.038132538704544396 0.044648372109765647 0.017937247928233577 -0.016639002181122558 0.033587148528928655 0.0055502048264395925 0.0011505808104764696 0.039917079677837676 0.00057440872034242427 0.036180464731275966 -0.021021838933067589 -0.0089163069164961955 0.011518691682787631 0.030210775487384298 0.024289856136603304 -0.0054137204060397846 -0.0082723846359369635 0.010719424219585258 -0.010696186097006059 0.0066740071706045487 -0.022480882635792589 -0.014649210359044164 -0.0041927432471445189 0.03712386075739809 0.025606045172719642 0.030699772010373418 0.0091380747177588883 0.01622852782396806 0.057299711129930632 0.013335550560376561 -0.0059196000172947157 0.0095657500275905093 -0.024454947282076225 0.010611704111992278 -0.019790976933917351 0.00576991157793557 0.035343381614036933 -0.0006284744620918167 0.010096724740129652 -0.015698372367974802 -0.023054696151762144 0.016466547136297281 -0.013207882676101504
leaf_weight=128.26034833490849 20.142063766717914 7.717626258730891 6.0767510682344428 15.043718144297598 40.733624204993248 7.5365214794874218 2.9634244889020911 12.663647189736364 11.88944084942341 12.712874665856363 7.8186003714799908 52.900044471025467 62.961275532841682 11.898113563656805 140.91677860915661 8.0783679932355863 6.9390372931957236 8.8162621408700925 13.480631396174429 16.385527819395065 8.4448963403701764 6.9089485406875601 11.315282702445986 12.109827548265459 11.251678064465521 11.146788567304609 11.719786033034323 12.686066120862959 6.7022374421358126 6.246274232864379 5.2225835621356964 16.300011679530144 9.9994828402996045 7.9585827738046637 16.859303891658787 8.8615383356809598 8.2077870070934278 44.259496286511421 16.706492379307747 21.174653694033623 10.117273092269896 6.3312329798936835 20.168484777212143 7.0610052198171607 9.3578386753797513 17.314580559730526 6.27817478775978 0.59901756048202415 7.660397380590438 6.1528720408678046 6.5529601126909247 16.685358971357346 8.1742687374353391 58.824565649032593 6.8382262289524069 11.697542503476141 13.526677191257479 5.6745884865522376 7.5789251476526323 59.103377476334572 7.9001050889492062 23.969088464975357
leaf_count=284 52 29 28 57 96 32 11 35 29 33 25 133 167 50 587 32 16 35 31 72 39 26 28 51 37 33 52 39 29 15 15 55 41 31 48 25 28 118 56 51 27 19 88 28 38 58 23 3 27 17 22 41 28 135 22 50 41 19 19 151 29 67
internal_value=0.000113689 0.00419423 0.0101113 0.0163705 -0.0027898 -0.0150758 -0.00817478 0.00572974 -0.00695186 0.0146951 0.00583979 -0.00316358 -0.00282928 0.00352679 0.0241283 -0.00799513 0.0115991 0.000961655 -0.00218445 0.0205921 0.0150658 -0.00585925 0.0148467 0.0089667 0.0272082 0.0152388 0.0265545 -0.0110854 -0.0111376 0.00355596 0.0164299 0.000380454 0.00689987 0.0116072 0.0041116 0.0285373 -0.0115602 -0.0135338 -0.0067 -0.0124276 -0.000491824 0.0195578 0.0237242 0.00675133 0.00227899 0.00953331 -0.00712554 -0.0155678 -0.00715048 0.0127021 -0.0129494 -0.01722 -0.00520957 -0.0190139 0.0235481 0.0213319 0.0154034 0.0307621 0.00157652 -0.0181793 -0.0122446 -0.00585184
internal_weight=1167.58 920.34 622.535 419.167 203.368 247.243 297.805 176.743 118.982 88.0147 102.507 88.728 187.184 106.052 242.424 73.6842 47.8332 82.9685 74.1522 68.3929 52.0074 19.6218 50.3357 38.4376 194.591 18.6833 19.5384 100.299 81.1324 18.1711 11.9248 28.1895 41.7564 34.8174 24.8179 183.339 100.861 92.6535 55.716 39.0096 17.8349 42.4223 36.091 15.9225 60.6716 34.2513 26.4202 72.1096 51.9199 14.2312 59.453 110.621 19.4896 59.4236 18.9481 39.3437 27.6462 14.1195 24.8935 107.658 48.5546 31.8692
internal_count=3603 2993 2126 1524 602 610 867 576 326 315 333 261 568 342 948 204 164 256 221 256 184 59 179 129 784 65 77 261 226 59 44 84 136 120 79 747 269 241 163 107 56 160 141 53 190 115 75 177 145 49 155 299 56 138 73 149 99 58 77 288 137 96
is_linear=0
shrinkage=0.03


Tree=32
num_leaves=63
num_cat=0
split_feature=19 9 19 37 9 54 35 70 81 54 54 6 44 19 5 74 46 41 74 63 26 72 69 82 66 74 5 73 37 84 72 35 80 81 9 49 66 45 54 45 54 80 82 26 5 46 84 61 37 49 84 28 82 4 83 45 5 40 7 7 80 81
split_gain=239.132 84.5139 28.5253 28.3544 26.258 18.6699 16.8537 14.9139 12.5734 11.7419 10.9808 12.4433 9.69855 8.93521 8.64883 8.50043 8.55294 8.47306 8.38983 8.11563 8.70719 11.164 8.09412 8.02278 7.88015 8.28285 7.98684 7.98924 7.3102 6.99742 6.58019 6.41629 6.33552 6.67715 5.86878 6.99362 6.89844 5.80111 5.62682 5.60636 5.54036 4.94064 4.9129 7.61852 7.19688 4.85602 4.69956 4.98561 4.35176 16.2616 4.92113 4.31971 3.9215 3.88995 3.84173 4.73441 3.56375 7.24125 4.14884 3.91494 3.55079 3.49075
threshold=1.0000000180025095e-35 1.0000000180025095e-35 -1.0000000180025095e-35 0.0040186195883121509 -1.0000000180025095e-35 53.0492605623323 56.438536997503057 90.924999237060561 74.504358220197844 47.380182623112354 52.78044413400815 0.071172935043684674 46.59521547670338 -1.0000000180025095e-35 28.487489816327905 0.0044232159085456002 0.0053719543371483014 121.49499893188478 0.0050928313905940509 52.261353174926818 0.20551549281683631 68.59148603516671 94.444999694824233 0.076382818302762154 0.3125373693763413 0.0034274872312377506 74.895330114947754 0.10051558838199527 0.0031788426281242504 0.019089918410842153 39.61540521245707 30.603700277420455 27300100.000000004 77.913950986471562 1.0000000180025095e-35 13.175000190734863 0.29933884443731484 -1.6148209107358935 57.083729006780125 -0.19975642403446861 65.936684282290869 12547800.000000002 -0.098159272577833037 -0.048505087532017592 46.455202179231975 0.010342567844352451 0.032700873550070654 2.3665000200271611 0.0067943027013104016 18.634999275207523 0.0069515981081362506 0.086823400287681721 0.075064008084725964 611452800.00000012 0.0080157263558078024 -0.35782383173930288 60.8889554318637 127.06000137329103 0.016069868009718553 0.012969263088786253 24188300.000000004 50.955976307224432
decision_type=2 2 2 2 2 2 2 2 2 2 2 2 2 2 2 2 2 2 2 2 2 2 2 2 2 2 2 2 2 2 2 2 2 2 2 2 2 2 2 2 2 2 2 2 2 2 2 2 2 2 2 2 2 2 2 2 2 2 2 2 2 2
left_child=1 2 48 15 12 8 34 9 13 23 11 -5 -2 -3 60 16 -4 -14 -10 24 21 51 28 -8 25 26 27 -13 -7 -11 40 -32 33 41 35 -6 37 -37 -19 -24 52 -9 -33 44 -44 -46 56 -48 49 50 -1 -21 -16 -30 -45 -56 57 61 59 -58 -12 -15
right_child=4 5 3 10 6 22 7 32 18 29 14 19 17 46 30 -17 -18 38 -20 20 -22 -23 39 -25 -26 -27 -28 -29 53 -31 31 42 -34 -35 -36 36 -38 -39 -40 -41 -42 -43 43 54 45 -47 47 -49 -50 -51 -52 -53 -54 -55 55 -57 58 -59 -60 -61 -62 -63
leaf_value=0.037348588149587268 -0.023006400682164699 -0.023045846520021489 -0.0063163543607291355 -0.02450981564688819 -0.01286460748297015 -0.029077400576082359 0.010275023340558175 0.010079859590797099 -0.023031426640588857 0.040431061251370221 0.030173992358429623 0.030355134324385361 -0.015197009215393013 0.0061457166533950384 -0.017073535146573813 -0.013228008072164132 0.031379020832772359 0.00032787118499413392 0.020344552359034193 0.0039917260598713224 -0.02313975362100034 0.039020657495699586 0.02169562481513403 -0.024107580584722111 0.022234225605437273 -0.016342073345439273 -0.021626101621257877 -0.010188465662932659 0.03493170433721221 0.0040876836891912726 0.0092417495367880746 -0.024588146079279796 -0.0019690202958138974 0.0054712919350711105 0.035146099613354347 8.7621390724172425e-05 0.0048531240413938739 0.033229388340635831 0.03596197505093001 -0.0088217137607216178 0.035495717766528795 0.033486703600660979 -0.018075115098788851 -0.02808896621539976 -1.7916387851361748e-05 0.032715493029605608 -0.016680614216137059 0.016413124873739814 -0.026029912591473872 0.017398249936979551 -0.023572098217989949 -0.023851183762647922 0.013272904427671036 0.014271944182704069 0.0060131781695246973 -0.020141535923840354 0.028521704351491761 0.023809868078383402 0.038339203461132072 0.00056684446108346584 0.00052960763290574157 -0.023892930604173163
leaf_weight=1.2146814912557591 13.230504274368284 7.6930179744958869 7.0733094811439541 89.926327854394913 4.3668051958084098 1.9379345327615727 9.8199751377105731 9.5467392504215223 23.467357844114307 8.3633704930543917 7.9916561692953092 12.290538981556898 8.7255586534738558 7.710340768098833 7.2034866064786938 7.4484871178865424 23.138691246509552 6.7570393085479763 4.8411670774221411 8.8635067790746742 58.768757566809654 4.8151748180389395 10.576109856367113 16.157724946737289 9.598200395703314 35.815211281180382 6.9556820988655081 6.7912986278533927 37.08732770383358 11.090708956122397 12.825702726840971 25.583408325910568 7.9852689504623404 11.869926050305365 96.892910644412041 5.2081435769796363 11.386526137590407 54.436854124069214 9.7325721532106382 11.10851466655731 4.9725146740674964 54.153226241469383 8.6908409297466296 16.703722760081291 8.4870406091213244 7.8530490994453421 9.8214801400899905 7.0293139964342108 136.05294385552406 10.598972648382185 68.042617157101631 11.54986324906349 8.1895869821310026 10.53147418797016 10.408070519566534 15.512601867318155 8.7851231247186714 12.736746996641157 9.9036579728126508 9.2623486816883069 6.6729133576154709 6.3486294150352478
leaf_count=3 42 20 20 411 17 5 34 30 99 18 20 36 23 28 29 27 53 20 16 27 257 13 27 66 27 167 33 33 82 36 39 111 25 36 207 16 31 122 22 35 13 122 26 49 26 21 48 24 348 25 172 54 27 28 34 56 22 39 23 30 22 31
internal_value=-1.71429e-05 -0.00879575 -0.0138903 -0.00937153 0.021143 0.00943672 0.0241224 0.0159219 0.00154956 0.00208779 -0.0117929 -0.0156275 -0.00220495 0.00767715 -0.00512426 0.0154768 0.0225537 0.00870966 -0.0156135 -0.0104892 -0.0168113 -0.00206932 0.0213491 -0.0111104 -0.00305696 -0.0069816 0.00589395 0.0159255 0.0280381 0.0197118 -0.00765387 -0.0106529 0.023444 0.0261293 0.0302618 0.0239852 0.0262506 0.0303355 0.02136 0.00606232 0.00796508 0.0299787 -0.0133895 -0.00915487 0.00398213 0.0157138 0.0109783 -0.00287555 -0.0227669 -0.0172076 -0.0225036 -0.0117618 -0.000928299 0.0303625 -0.0168695 -0.00963949 0.0152424 0.00742501 0.0227367 0.0141747 0.0166847 -0.00741888
internal_weight=1158.6 818.879 640.039 424.13 339.724 178.841 301.278 128.987 107.599 45.4318 386.469 245.375 38.4457 79.2907 141.095 37.6605 30.212 25.2152 28.3085 155.448 83.9973 25.2285 71.2414 25.9777 71.4509 61.8527 26.0375 19.0818 49.5567 19.4541 126.43 106.064 83.5552 75.5699 172.291 75.3983 71.0315 59.645 16.4896 21.6846 20.3656 63.7 93.2387 67.6553 25.0309 16.3401 71.5976 16.8508 215.909 79.8563 69.2573 20.4134 15.3931 47.6188 42.6244 25.9207 54.7468 26.7957 27.9511 18.0475 14.6646 14.059
internal_count=3603 2736 2179 1631 867 557 760 367 380 154 1531 1058 107 265 473 100 73 65 115 647 351 94 177 100 296 269 102 69 115 54 431 362 213 188 393 186 169 138 42 62 69 152 323 212 73 47 245 72 548 200 175 81 56 110 139 90 173 98 75 52 42 59
is_linear=0
shrinkage=0.03


Tree=33
num_leaves=63
num_cat=0
split_feature=29 19 9 9 19 29 5 8 39 68 21 64 75 64 37 4 73 47 9 37 50 15 45 89 60 54 17 24 73 45 44 66 7 4 17 43 64 2 24 68 49 24 56 66 28 74 37 60 54 83 39 45 73 43 56 73 89 14 66 72 67 63
split_gain=404.384 171.622 34.8483 20.7454 11.9963 11.6733 12.4565 10.3114 11.9656 8.96562 7.70077 9.20102 7.60855 7.5363 7.33442 6.70128 7.00756 6.00101 8.14782 9.08486 8.30493 9.56356 6.73853 6.68867 6.0763 6.45007 5.71446 5.42888 4.86388 6.624 4.82657 6.5323 7.71177 4.88272 4.82499 4.75767 4.66627 4.23971 3.49028 3.3658 3.14181 3.02206 2.89997 3.00242 3.95756 4.18271 2.80391 2.65522 5.02694 2.24548 3.54007 2.1813 3.61729 2.06503 1.98789 1.97604 1.78799 1.76291 1.64589 1.4936 1.2437 1.29202
threshold=-1.0000000180025095e-35 -1.0000000180025095e-35 -1.0000000180025095e-35 -1.0000000180025095e-35 -1.0000000180025095e-35 1.0000000180025095e-35 71.68129051436047 0.12225262509450506 122.12500000000001 74.324996948242202 121.48344993705466 -0.0019734608906308497 1.0876892529420805 0.16189149495376043 0.0085121538714312533 401289000.00000006 0.043070830408801407 0.1154250709484272 1.0000000180025095e-35 0.0060120601335024006 16.394999504089359 67.762558622449887 1.518468175189071 103408493.00000001 2.279500007629395 52.215887331456941 0.020446996092860003 14903200.000000002 0.4945808277872672 -0.12026062634195964 43.227436408547611 0.25142966954055773 0.014043536746426652 73314300.000000015 0.016232429251911755 6488000.0000000009 -0.094859001855350983 13.791251623451187 9014750.0000000019 81.755001068115249 11.465000152587892 9094150.0000000019 0.035816823762050302 0.10407956627276256 0.026935057781340952 0.0023255512668709506 0.0069738302610556505 2.4759999513626108 41.749306713999324 0.006169898789286951 120.58499908447267 0.40495871070807971 0.16488693974625332 9750700.0000000019 0.050877223651738357 -0.43963765806227423 43219150.000000007 106516300.00000001 0.30595173129856745 81.776938061397757 72.395000457763686 33.729960917336847
decision_type=2 2 2 2 2 2 2 2 2 2 2 2 2 2 2 2 2 2 2 2 2 2 2 2 2 2 2 2 2 2 2 2 2 2 2 2 2 2 2 2 2 2 2 2 2 2 2 2 2 2 2 2 2 2 2 2 2 2 2 2 2 2
left_child=3 5 7 60 47 6 36 8 15 26 30 -12 14 17 -10 16 -3 18 19 20 21 24 38 -24 25 -11 -4 -23 29 -7 33 32 -32 -6 -34 -18 -2 -35 -21 54 -38 -42 -43 -44 -45 -46 -31 -5 -49 50 -20 -40 -53 -8 -33 -47 -39 59 -57 -19 -1 -62
right_child=1 2 9 4 10 28 53 -9 12 13 11 -13 -14 -15 -16 -17 35 57 49 22 -22 27 23 -25 -26 -27 -28 -29 -30 46 31 39 34 37 -36 -37 40 56 51 -41 41 42 43 44 45 55 -48 48 -50 -51 -52 52 -54 -55 -56 58 -58 -59 -60 -61 61 -63
leaf_value=-0.03600604762401001 -0.029534145514995187 -0.022406895411931992 0.018272642477558384 0.03778577544707027 -0.030912374935275853 0.014905560752731487 0.0086334292275668748 0.035188965181816759 0.018795142929997701 0.015820155141666764 0.01942638865705535 -0.028794670722443797 -0.025214906208738553 0.013615770625504816 -0.02782771999672027 0.026215023698503811 0.024975651522935613 -0.024921906803612063 -0.026915159679282603 0.0053505040925212743 0.023071165393439206 -0.0053533265936872368 -0.018283865765403959 0.029128175221797267 -0.027099689129522132 -0.028201103410958689 -0.01941455366886741 0.02769366431246531 0.023255326912374974 -0.028704335559131097 -0.019853548496737795 0.043491701511046574 0.026027956020045474 0.0067064139401807514 -0.0021000859103057004 -0.0076120721531862147 -0.027439934041078157 0.022122625331745475 -0.023910043607907289 0.0082105938093231523 -0.029461857185118293 -0.03097148623365158 0.01411113562306782 -0.032521602956253309 -0.03129290714064991 0.022187064044419218 2.8551126632580129e-05 -0.00043356085498694218 0.032234015682816496 -0.026021510813013845 -0.0023524448113806233 -0.023293565965778636 0.0021539116314444233 -0.014591232280287691 0.023491755025672752 0.038753242638474177 0.039653898687109897 -0.01105198108525852 0.027233841957753389 -0.0091363150917943021 0.030691441868918843 0.037229174586521183
leaf_weight=0.21720384061336417 1.226958468556403 8.3437377065420169 8.9009955972433072 31.421986043453217 1.2512478381395329 9.8375618457794225 7.547651141881941 7.1861505210399619 9.0154867619276029 7.7137989550828916 6.8475472182035446 7.4205394238233549 23.016753420233727 5.756086289882659 4.5792122036218634 13.57141028344631 9.6142246723175067 256.55180256068707 11.131709679961206 4.3964841961860648 8.33222848176956 10.648846402764322 5.7101976573467237 5.0430536568164825 23.442993998527527 4.8974825441837311 6.1042991280555716 7.7154301255941382 8.2274560928344709 8.0148752331733686 9.1266584545373934 6.3197671175003114 11.791514500975611 5.9710055738687542 10.268027380108832 6.9445200413465491 0.86735393106937309 7.273465737700465 91.001142024993896 9.8918329924344999 0.76407800614833732 0.68604277074336906 8.5751670747995359 0.82532858848571677 0.88564065098762412 10.471877440810202 4.9410509467124948 5.5722200870513943 17.725360497832298 99.411062344908714 10.047141924500464 12.652589038014414 8.3417982906103116 6.3399499654769897 15.304233297705649 50.894707158207893 18.68874503672123 8.952683284878729 14.299509942531584 5.5104326903820029 34.618905037641525 127.04437538981438
leaf_count=1 5 37 20 52 5 29 23 13 23 23 19 33 89 20 23 34 24 1043 44 14 19 35 29 14 82 19 26 20 19 28 35 10 28 17 37 25 5 18 411 33 4 2 23 4 3 26 15 18 32 347 33 58 29 20 34 88 33 27 32 17 63 211
internal_value=-0.000112141 -0.0113703 -0.0174558 0.0281041 0.0206139 0.0196232 0.0244661 0.000858173 -0.0024275 -0.0199576 0.0149104 -0.0056524 -0.0147043 -0.0205427 0.00309079 0.00925503 1.21305e-05 -0.0208808 -0.0180335 -0.0141607 -0.00482038 -0.00909096 -0.0187705 0.00395141 -0.0180666 -0.00127512 0.00294113 0.00853079 0.003483 -0.00365395 0.0179702 0.0130737 0.00333958 0.0272222 0.0129352 0.0113088 0.0285682 0.0295001 -0.0208698 0.022706 0.0293758 0.0299397 0.0304635 0.0309539 0.0328205 0.0335249 -0.0177464 0.0320954 0.0244207 -0.024132 -0.0152627 -0.0218991 -0.0131824 -0.00196906 0.0293369 0.0342836 0.0347424 -0.0241428 0.0362266 -0.02459 0.0357328 0.0358292
internal_weight=1145.69 818.939 684.534 326.755 164.874 134.405 103.384 82.2715 75.0853 602.262 110.155 14.2681 36.6115 587.257 13.5947 38.4739 24.9025 581.501 310.486 189.896 62.7508 54.4186 127.145 10.7533 36.0543 12.6113 15.0053 18.3643 31.0209 22.7935 95.8865 62.702 31.1862 33.1845 22.0595 16.5587 89.4967 31.9332 116.392 31.5158 88.2697 87.4024 86.6383 85.9522 77.3771 76.5517 12.9559 54.7196 23.2976 120.59 21.1789 111.996 20.9944 13.8876 21.624 75.6661 25.9622 271.015 65.1942 262.062 161.88 161.663
internal_count=3603 2924 2598 679 404 326 235 268 255 2330 302 52 135 2284 46 120 86 2264 1177 753 198 179 555 43 124 42 46 55 91 72 250 177 100 73 65 49 192 68 512 77 187 182 178 176 153 149 43 102 50 424 77 498 87 43 44 146 51 1087 120 1060 275 274
is_linear=0
shrinkage=0.03


Tree=34
num_leaves=63
num_cat=0
split_feature=19 19 37 54 49 56 9 55 54 7 72 25 39 85 38 41 74 63 75 37 74 37 70 72 49 46 63 45 15 5 67 55 8 54 50 59 9 4 38 35 38 55 37 89 17 74 7 83 72 25 80 45 67 45 26 26 80 4 89 37 37 80
split_gain=76.0257 69.9111 52.6241 35.875 16.3784 14.7046 13.5815 13.3031 12.7718 11.0455 10.7054 10.2063 9.69668 9.22528 9.93159 9.39299 8.13962 8.07276 7.91997 7.73763 6.75277 6.41672 8.6215 5.86312 5.4375 5.31181 6.72069 5.67437 5.1263 6.23639 5.01911 4.94726 5.03416 4.8652 4.82006 5.62237 4.96953 6.83568 5.58176 4.7928 4.76915 4.56768 4.54525 4.39446 4.35772 4.23784 7.15192 5.54034 4.15716 4.32156 4.15681 4.94011 4.02656 3.97584 3.9717 3.96183 3.93617 3.8883 3.79756 3.77046 3.70692 6.17963
threshold=-1.0000000180025095e-35 1.0000000180025095e-35 0.0062952564869617504 50.283409989483594 13.284999847412111 0.08128951260104926 -1.0000000180025095e-35 -0.80376047149606566 53.669561744374981 0.0081808751370556019 37.176105446465428 36.627197765823546 105.81000137329103 21.393988609313968 0.1129500670967007 119.57500076293947 0.0056956703900549006 45.335238608529259 1.1376439523401249 0.010414632771138502 0.0050058331276348509 0.0043674650043562507 80.514999389648452 78.179356660533116 10.635000228881838 0.0078849069683843507 50.803898672425511 0.83560104872162821 67.981645136821001 70.557430315186636 85.829998016357436 -0.32444056455965853 0.079461020221312809 49.936982181974109 15.954999923706056 2.7595000267028813 1.0000000180025095e-35 375683000.00000006 0.12517927891330685 70.876961012532291 0.14561865760040638 -1.1523689149945058 0.0081259585557469007 78397650.500000015 0.015339264909338152 0.0033054578074583002 0.011938591787106651 0.013323037734094751 68.59148603516671 31.643377430265122 12779600.000000002 -2.1763772256028058 75.215000152587905 -0.068261001897063481 0.62791630902247786 0.59042184347793392 24516200.000000004 485366000.00000006 168818601.50000003 0.0055605278414379003 0.0036694757769389005 13725000.000000002
decision_type=2 2 2 2 2 2 2 2 2 2 2 2 2 2 2 2 2 2 2 2 2 2 2 2 2 2 2 2 2 2 2 2 2 2 2 2 2 2 2 2 2 2 2 2 2 2 2 2 2 2 2 2 2 2 2 2 2 2 2 2 2 2
left_child=6 2 4 12 9 10 24 16 13 43 -5 19 17 14 -3 20 -8 57 54 -7 -16 56 -23 34 -1 -13 27 -27 29 58 -22 -17 -33 39 35 -14 42 38 -38 -24 41 -6 44 -2 -36 46 -15 -48 49 -21 55 -52 -10 -20 -12 -9 60 -4 -19 -43 61 -11
right_child=1 8 3 5 40 11 7 50 52 21 18 25 23 45 15 31 -18 28 53 48 30 22 33 -25 -26 26 -28 -29 -30 -31 -32 32 -34 -35 36 -37 37 -39 -40 -41 -42 59 -44 -45 -46 -47 47 -49 -50 -51 51 -53 -54 -55 -56 -57 -58 -59 -60 -61 -62 -63
leaf_value=0.028273487945244164 0.039482387626919156 -0.010069328838811361 0.011257893786639864 0.019902910516359253 0.009641345197198144 -0.01755267870084937 0.031948741759375614 0.016211962826371346 0.010330557344987033 0.023157456393528786 -0.015431927994039267 0.038024251198489116 0.039081917337618143 -0.01517971244463469 -0.0108130715201975 0.032826393230193755 -0.012442710990468349 -0.014735296177140634 0.025999979296533433 0.0076100034030012597 0.0012603953892543064 -0.015452487672849426 0.002105898120439321 0.0052988354569268731 -0.021860362848108567 -0.0045334739448911459 0.033240202773444229 0.031257217350430418 -0.017604329117010799 0.035074872390120485 0.042619190005805364 -0.00042115182049296375 0.034967027372817643 0.046596371176705606 0.026881575697082435 0.0053578112062593617 -0.015606099533407728 0.035269198595684149 0.016199389387922512 0.027984499573666707 0.0081980476276700721 -0.021741160947388732 0.030562402655114795 0.005627881572062207 -0.0041596286326012451 -0.018451582171822831 0.031487876200661069 -0.010050760127043517 -0.0022566739349313375 0.03852930234335751 0.061441669260884409 -0.014957080157733414 -0.016043446367884368 -0.0059664538824894904 0.0093177232211190293 -0.014805387427089835 0.016661031362628392 0.043030379563158548 0.012537835069975325 -0.0089581640318440493 -0.018183754921838206 -0.0123778420253984
leaf_weight=1.9760508090257634 10.814153283834456 33.542422249913216 5.8580050766468039 15.121433168649672 7.0391087532043448 11.665361747145651 11.448635905981066 8.6938958466052991 5.4364881813526145 6.7539101094007519 52.408717483282089 15.4357942789793 43.926434829831123 17.552910789847378 22.443865746259689 16.461816042661667 5.5049922168254843 7.9399476796388688 8.1258908659219724 9.2738784998655373 6.5660755187273008 9.0818579047918302 15.467045515775686 11.266410753130911 132.72799207270145 14.114400982856752 13.211970955133436 5.5561449676752082 8.1059767901897413 6.5262733697891226 4.4174161404371262 12.386930942535402 5.110505759716033 4.5075279772281638 9.3888962417840975 4.9506226927041999 7.7316880673170152 9.5770760774612409 13.88309286534786 11.037165328860281 10.077517881989477 42.721108496189117 87.237766280770302 5.0679164230823508 7.1852340102195731 34.400413677096367 7.2132019698619825 4.8214852660894394 11.599575281143187 7.2480990737676612 0.7694074809551229 76.441904664039612 124.96875151991844 6.1534863859415045 6.5667172968387595 6.4601732492446891 5.9479352682828894 8.4916380792856199 10.906749576330183 40.410682708024979 21.08492037653923 12.660784035921095
leaf_count=8 48 96 20 57 24 29 47 31 19 26 133 68 197 47 62 70 14 20 32 31 21 23 47 37 300 41 56 23 19 28 20 38 22 21 38 16 20 41 51 44 33 102 363 16 21 89 30 14 35 32 4 190 339 17 22 16 22 39 38 110 52 34
internal_value=0.000133318 0.00409173 0.00979745 0.0158624 -0.00275477 0.00556788 -0.0147491 -0.00689269 -0.00792801 0.00568245 -0.00307845 0.0142408 0.0233396 -0.00238029 0.00326933 0.00990879 0.0175344 0.011234 -0.00782231 0.00298851 -0.00138044 0.00146202 0.0102545 0.0263066 -0.0211249 0.0235063 0.0166913 0.00557597 0.0031649 0.0098001 0.0178944 0.0210212 0.00991473 0.0177828 0.0275938 0.0356661 0.0246712 0.0141707 0.00482245 0.0128825 -0.011375 -0.0135625 0.0278263 0.0286795 0.0134246 -0.0112915 -0.00296676 0.0148462 0.0115094 0.0211741 -0.0113763 -0.0141958 -0.0149439 0.0122245 -0.0126761 0.00298928 -0.00612764 0.0300598 0.0010479 -0.0155273 -0.00947448 -1.59573e-05
internal_weight=1161.47 917.451 622.129 419.457 202.672 176.481 244.023 109.319 295.322 102.423 88.3762 88.1052 242.976 164.917 100.929 67.3866 16.9536 47.8286 73.2548 39.7869 33.4274 86.5411 40.0936 195.147 134.704 48.3183 32.8825 19.6705 33.4789 25.373 10.9835 33.9593 17.4974 31.0117 183.881 48.8771 135.004 31.1919 21.6148 26.5042 100.248 90.1709 103.812 15.8821 16.5741 63.988 29.5876 12.0347 28.1216 16.522 92.3654 77.2113 130.405 14.2794 58.9754 15.1541 46.4475 14.3496 18.8467 83.1318 40.4996 19.4147
internal_count=3603 2993 2126 1524 602 576 610 302 867 333 261 315 948 509 329 233 61 164 204 127 103 269 135 784 308 188 120 64 105 86 41 130 60 112 747 213 534 112 71 91 269 236 422 64 59 180 91 44 98 63 241 194 358 49 155 47 134 59 58 212 112 60
is_linear=0
shrinkage=0.03


Tree=35
num_leaves=63
num_cat=0
split_feature=19 29 29 29 37 19 27 54 29 56 54 15 19 22 54 14 88 82 18 6 74 56 5 6 50 42 82 39 50 59 54 59 81 38 16 35 56 25 47 6 43 84 82 25 39 47 44 56 74 44 82 66 89 74 73 72 64 5 16 89 11 4
split_gain=224.744 123.352 37.0407 33.3388 19.8646 14.0129 13.4761 12.9689 12.8158 12.3945 10.6511 10.4892 9.26652 12.3723 11.6116 9.99893 8.50384 15.7854 10.576 7.46292 7.28415 6.58573 6.39803 6.25879 10.0936 7.01239 5.77252 5.73525 5.6988 9.49732 5.63704 8.65759 5.43831 5.21405 7.30954 6.21025 5.13846 5.0708 5.03034 9.84182 9.19109 5.29119 6.74305 5.0195 4.24838 4.04637 3.91545 3.84548 3.84293 4.586 3.75566 3.75425 3.71259 6.86268 3.5449 3.37229 4.81675 2.77159 2.72017 2.55895 2.31972 3.127
threshold=1.0000000180025095e-35 1.0000000180025095e-35 -1.0000000180025095e-35 -1.0000000180025095e-35 0.0057074468155778003 -1.0000000180025095e-35 0.013683449677255351 56.323254882878139 1.0000000180025095e-35 0.038485073170565758 32.716147222199133 52.024319103428809 -1.0000000180025095e-35 43.136552277283236 52.113972917582991 39183600.000000007 20.671737824135658 0.07976847121260626 0.021132079392993854 0.05251651968362301 0.0025378590800196007 0.11532256371624511 69.020087450956893 0.37111899068496795 15.954999923706056 166.90999603271487 0.10589290611326961 89.200000762939467 11.945000171661379 2.3805000782012944 48.260176468586259 1.5925000309944155 43.553971212421303 0.11528362035127766 0.17793205102030107 52.254279015516026 0.044239219567956255 61.573398067502012 0.11148258316596046 0.026329412757007255 13092650.000000002 0.018861275412279804 0.065538236452534468 39.464213661815513 123.84999847412111 0.097046723819532013 45.237593443463759 0.052833936899516661 0.0033829094667777006 64.015178574124334 0.67092568179527501 0.25397307914245154 93333435.500000015 0.0042531463088683009 -0.81678672105069683 59.791113439061967 0.031414879904509412 30.907876589042775 -0.12549676467948062 140521112.00000003 242.99036469303005 88510650.000000015
decision_type=2 2 2 2 2 2 2 2 2 2 2 2 2 2 2 2 2 2 2 2 2 2 2 2 2 2 2 2 2 2 2 2 2 2 2 2 2 2 2 2 2 2 2 2 2 2 2 2 2 2 2 2 2 2 2 2 2 2 2 2 2 2
left_child=1 2 -1 30 6 32 11 21 10 -6 22 -4 -11 14 38 -16 17 33 -19 -17 -13 23 -5 24 51 43 -21 -10 29 -22 -2 -32 -3 57 35 -35 46 -34 39 -14 44 42 -40 -25 59 -29 -30 -45 49 50 -18 -7 60 -54 -9 56 -26 -12 -59 -41 -15 -62
right_child=3 5 4 8 9 7 -8 54 27 12 16 20 13 52 15 19 48 18 -20 26 28 -23 -24 25 55 -27 -28 45 36 -31 31 -33 37 34 -36 -37 -38 -39 41 40 -42 -43 -44 47 -46 -47 -48 -49 -50 -51 -52 -53 53 -55 -56 -57 -58 58 -60 -61 61 -63
leaf_value=-0.024710390104232937 -0.024110607829179471 0.011979839064578142 0.019553406684627336 0.013261042049531343 0.025050998629383699 -0.025190099851342993 0.029367256343840197 -0.032160625142045374 -0.008115184442296414 -0.024464065345500986 0.0088274457313399241 0.012712056403924754 -0.024441389530357158 -0.022922911560534651 0.034555376850910924 -0.014574889315902536 0.020570873925919039 0.021290827273314734 -0.0195012146829261 0.02402735406501931 -0.022402631396553692 -0.021298489923485358 -0.029283286836635201 0.045351668690555444 -0.0059843793593071775 -0.0043188668706930309 -0.013592812756576851 0.011432142270307236 -0.018090340260846504 0.025264369920230331 0.035633312579250093 -0.011371205327020455 -0.025583989771603408 0.011298205146716579 0.033175659623184889 -0.029693082469318264 -0.022558454370713223 0.0067126271570103315 0.013468883286768381 -0.0034366394667568632 -0.021699342032876122 -0.024872602894504062 -0.027775730791280481 0.030727570153501568 0.041610464169486397 0.032548528728941338 0.011429017029188979 0.0067393560989819001 0.03425020242927633 0.03321443842294456 -0.0069524574542410957 0.0052980320293608326 0.019360880542423284 -0.027155121191795424 0.031276280939236956 0.030306209494345475 0.024711806276958962 0.022721357188426106 0.040922180943590777 0.023633310824598557 -0.023231756918541586 0.0024238256235116517
leaf_weight=217.86724828183651 13.257565051317217 11.387746140360834 16.191096037626266 6.2261905670165998 7.3890007138252249 9.9131204634904844 13.670238375663756 0.80579563975334068 3.4279139488935462 63.534023389220238 4.967293754220008 14.019059896469114 13.28712587058544 82.07873260974884 9.4394452422857267 16.87686550617218 12.702268600463869 8.564580053091051 17.224148020148277 12.778998240828516 6.5691476315259925 5.2764341384172431 6.5051499158143997 9.8988464176654798 9.7548043727874809 7.7158418446779242 5.1503046303987494 8.733169734477995 7.4622299224138287 8.8031281232833845 4.9050715416669872 12.549259409308432 12.408240869641306 11.944923639297491 9.2524148225784284 4.6101646721363059 34.268814414739609 6.7583221048116675 8.7792190015315992 6.5767935663461738 6.9559695422649375 33.127094835042953 6.0095114111900321 13.466357395052912 5.2552177906036368 126.00582514703274 8.8282760679721815 10.868769913911818 37.855566248297691 14.380080699920653 6.8780380934476844 5.7396426647901526 5.9964907318353635 5.4478534162044525 49.150200590491295 9.7458981573581678 8.7075653076171857 13.065404757857321 17.013649597764019 6.0194321423768997 8.8110692203044909 8.3065616041421872
leaf_count=595 40 27 41 20 18 46 32 2 9 184 13 39 66 430 25 63 33 26 74 38 31 27 31 19 40 26 17 21 20 27 10 34 43 36 22 24 118 21 34 28 29 179 31 32 14 269 24 38 83 32 21 20 18 32 113 25 26 34 35 19 43 36
internal_value=-2.29042e-05 -0.00860599 -0.0146663 0.0204486 -0.00947625 0.0139791 0.00149666 0.0179693 0.0234082 -0.0133405 0.0179226 -0.00246621 -0.0142723 -0.0115844 -0.00531839 0.00717006 0.0200437 0.0137164 -0.00595395 -0.000256853 -0.00692548 0.0112323 -0.00847722 0.0132326 0.00530906 0.0215172 0.0132207 0.030205 -0.011101 0.00489448 -0.00936328 0.00183815 -0.00444006 0.0220523 0.0118191 -0.00011681 -0.0159644 -0.0141959 -0.0117427 -0.00360594 0.00755376 -0.0182117 -0.00329117 0.0273403 0.0189525 0.0311799 -0.00209298 0.0200137 0.0276772 0.0203503 0.0109027 -0.0140105 -0.0189613 -0.00278214 0.030253 0.0160295 0.00849313 0.0295879 0.0330163 0.00949944 -0.0208278 -0.010782
internal_weight=1151.17 811.097 639.499 340.069 421.632 171.598 109.812 141.043 309.357 311.82 171.19 96.1418 304.431 240.897 130.256 44.2456 158.459 86.6426 25.7887 34.8062 79.9507 91.0873 12.7313 85.8108 43.861 41.9498 17.9293 138.167 65.9316 15.3723 30.7119 17.4543 30.5543 60.8539 25.8075 16.5551 50.5593 19.1666 86.0104 38.0945 24.8074 47.9158 14.7887 34.234 17.8514 134.739 16.2905 24.3351 71.816 33.9604 19.5803 15.6528 110.641 11.4443 49.956 28.2083 18.4624 35.0463 30.0791 12.5962 99.1964 17.1176
internal_count=3603 2736 2231 867 1636 505 332 414 783 1304 484 300 1286 1102 543 143 433 264 100 118 259 299 51 272 157 115 55 299 220 58 84 44 91 164 82 60 162 64 400 156 90 244 65 89 61 290 44 70 169 86 54 66 559 50 115 91 66 82 69 47 509 79
is_linear=0
shrinkage=0.03


Tree=36
num_leaves=63
num_cat=0
split_feature=29 19 19 29 5 15 47 69 46 37 39 3 51 65 7 59 46 15 3 64 55 72 4 37 18 15 52 49 72 46 6 70 70 46 79 51 63 15 80 64 55 11 54 25 25 55 47 17 49 15 28 80 24 28 46 43 63 64 38 24 18 4
split_gain=381.755 162.553 19.4212 10.9715 11.7649 10.4877 10.7077 9.88775 7.16805 8.65343 8.87494 8.85631 6.24711 6.08612 4.83145 7.16546 5.75921 8.47612 4.73704 4.47863 4.38544 7.42202 5.08836 9.13468 7.04527 6.57325 6.02869 4.20545 4.31544 6.4698 5.04708 3.84743 7.58505 3.83395 3.58999 8.44284 3.55127 3.81683 3.37991 3.35374 3.15929 4.32388 3.15065 2.97839 2.95451 2.83764 2.76139 2.74724 2.76755 2.55297 2.48502 2.47217 2.47166 2.12397 2.10053 2.01856 4.11262 1.97929 1.94664 1.74768 1.61548 4.44612
threshold=-1.0000000180025095e-35 -1.0000000180025095e-35 -1.0000000180025095e-35 1.0000000180025095e-35 71.68129051436047 84.941654581866544 0.10890638936120788 73.704998016357436 0.030972560642429203 0.0077481552455365508 105.81000137329103 146.37623596913144 21.214999198913578 0.021683598216718353 0.021732533111237753 2.0304999351501469 0.013097989801356551 62.167271233834718 25.545850910648731 -0.094859001855350983 -0.22753290006166788 46.898867710262515 121221850.00000001 0.0060120601335024006 0.025257891452878451 60.248153063496162 16.925000190734867 10.315000057220461 58.42833038986678 0.0085779082686049026 0.62205006338768964 93.165000915527358 96.405002593994155 0.0071744120294263509 8.7288421903807123 23.73499965667725 45.335238608529259 42.760002471891006 11421900.000000002 0.14011235161732591 -0.10813479649447538 65.822275421617306 54.557655201227412 24.595917081981479 33.330337437809931 -1.2269106701675179 0.10241026151325937 0.0047039629923705008 11.465000152587892 70.903401196318256 0.10139373322429555 22320400.000000004 37487900.000000007 0.017017641637262704 0.010524961148206401 4028100.0000000005 57.520681980295919 0.012494658387071152 0.12392642485737741 9094150.0000000019 0.053503697509506211 184446000.00000003
decision_type=2 2 2 2 2 2 2 2 2 2 2 2 2 2 2 2 2 2 2 2 2 2 2 2 2 2 2 2 2 2 2 2 2 2 2 2 2 2 2 2 2 2 2 2 2 2 2 2 2 2 2 2 2 2 2 2 2 2 2 2 2 2
left_child=2 3 -1 4 19 7 -7 12 9 10 -9 14 -3 27 16 50 20 -18 -5 -2 52 40 49 24 -24 -26 -25 -4 29 30 33 36 -33 -29 35 -11 54 -38 -21 60 41 -22 -20 -40 -37 -45 -31 -47 -49 -23 -16 -6 55 -50 -15 56 -12 -8 -46 -55 -36 -62
right_child=1 5 13 18 51 6 57 8 -10 34 11 -13 -14 31 15 -17 17 -19 42 38 21 22 23 26 25 -27 -28 28 -30 46 -32 32 -34 -35 39 44 37 -39 43 -41 -42 -43 -44 45 58 47 -48 48 53 -51 -52 -53 -54 59 -56 -57 -58 -59 -60 -61 61 -63
leaf_value=0.034415963815653296 -0.02944014540586937 0.018010427630589642 -0.012640947384166237 -0.011931072509318146 -0.012283754752074185 0.024325238665792136 -0.0036060380369047924 0.021628289390042053 0.011253496317003574 0.0089173641845947237 -0.026791304449651679 0.022015916002247123 -0.020659339373530251 0.014203853322841005 -0.026989179523023391 0.024369437083076893 -0.022082126800104688 0.018986915749004876 0.0015592038282305118 0.012459320197568556 0.0057172963437007573 -0.024677691817791132 -0.019644642766536762 -0.02460667715858204 0.040060934438624421 0.0037107508976874947 0.0051988201697750185 -0.014703922642984682 0.03409580606522216 0.0081789814055088835 0.025409683983502986 -0.019496836857290849 0.017309848932322826 0.014075222629972042 -0.025558597052612795 -0.004519888079495527 0.0055862194349137429 0.030049354182183557 -0.034144125579196431 -0.0008615982340667794 -0.026669260029914918 -0.026592788276899312 0.025851798366488057 0.0017718186542003116 -0.025753089281091258 -0.02935016013943989 0.033188367321145266 -0.027271004756117063 -0.033793820587565762 -0.001870104628127794 0.00089104617444031597 0.01361109457357189 -0.0083621634852744219 -0.029838270274341824 -0.011244411572934442 -0.02545755149760694 0.0062874481055135009 -0.027264428147443967 -0.0043910656829989538 0.034023537433473708 -0.02494755089703064 -0.001360001481343405
leaf_weight=166.70305974781513 1.2226903289556492 11.055484250187876 2.6777994632720938 11.567440018057825 8.4206904917955381 10.875256404280664 5.9910386651754362 5.7460432499647132 7.2090617418289176 10.249202087521551 8.307024270296095 5.4179176390171042 5.697676181793212 7.3816658109426481 6.8970675021410006 6.240866854786872 8.9198150336742419 9.1751126348972303 10.861476555466654 10.578428015112875 7.2827898859977704 20.429425060749058 5.4941700100898769 19.129228815436367 7.7574885785579708 10.588201031088827 8.9723455905914289 8.3713176399469429 33.767705783247948 4.6138887852430335 11.569602549076079 8.68230949342251 12.008572474122046 8.2935885787010175 206.06743401288986 8.496030777692793 7.8734930902719524 21.184630393981934 0.63561227917671104 5.5148667246103278 46.924010172486305 7.6363667994737625 8.6171576529741269 2.866296485066413 41.59456841647625 0.64717084169387717 28.624459832906723 0.68542714416980643 0.42227877676486869 5.6354471296071997 4.9367437064647675 5.4758853018283835 9.8589949309825879 0.38774318993091483 4.8286751806735992 102.94663538038731 5.7063799798488608 6.7891965359449387 4.2296287566423407 72.294069588184357 27.438748717308044 9.7469831109046918
leaf_count=284 5 30 10 38 29 28 26 16 20 36 36 14 23 20 26 15 33 25 36 28 21 75 15 71 16 29 26 34 64 11 26 35 30 23 919 23 23 43 3 21 160 27 17 10 164 2 56 4 2 17 17 14 29 2 20 412 16 20 20 136 130 42
internal_value=-0.000128519 -0.0111727 0.0272515 0.0189196 0.0236061 -0.0171773 0.00244492 -0.01789 -0.0184906 -0.0188324 -0.0153128 -0.0160014 0.00485901 0.0197811 -0.0166815 -0.00164102 -0.0176362 -0.00125789 0.00327553 0.0275837 -0.0187475 -0.015084 -0.0089303 -0.00350259 0.0101566 0.0190815 -0.0150903 0.0244372 0.0254796 0.0207467 0.0101869 0.0124228 0.00186502 -0.000381466 -0.0223596 -0.0160566 0.0177162 0.0234209 0.0283714 -0.0239956 -0.0228459 -0.0108206 0.012306 0.0305311 -0.0207687 0.0310629 0.0297168 0.0321908 0.0327305 -0.0197465 -0.0153583 -0.00208 -0.0227875 0.0332931 0.00414014 -0.0240035 -0.0133213 -0.016174 -0.0237813 0.0336828 -0.0245201 -0.0187649
internal_weight=1136.22 809.64 326.581 134.682 103.636 674.957 23.6555 651.302 634.549 627.34 314.002 308.256 16.7532 159.878 302.838 18.0747 284.763 18.0949 31.0461 89.7397 266.669 139.849 78.0063 51.9414 23.8399 18.3457 28.1016 97.9184 95.2406 61.4729 28.2345 61.9593 20.6909 16.6649 313.337 64.5694 41.2685 29.0581 88.517 248.768 61.8432 14.9192 19.4786 77.9386 54.3202 77.303 33.2383 74.4367 73.7895 26.0649 11.8338 13.8966 126.819 73.1041 12.2103 116.96 14.0134 12.7802 45.8242 72.6818 243.253 37.1857
internal_count=3603 2924 679 326 235 2598 74 2524 2471 2451 1096 1080 53 395 1066 58 1008 58 91 192 950 457 249 157 60 45 97 224 214 150 83 171 65 57 1355 243 106 66 187 1112 208 48 53 159 207 156 67 146 144 92 43 43 493 140 40 464 52 46 184 138 1091 172
is_linear=0
shrinkage=0.03


Tree=37
num_leaves=63
num_cat=0
split_feature=19 19 37 54 29 49 29 56 55 29 7 88 81 39 28 37 41 24 28 46 27 17 14 28 26 52 29 55 28 14 56 81 44 73 41 80 64 44 64 55 29 5 28 54 17 56 5 7 84 35 56 55 45 58 35 5 6 75 44 15 14 24
split_gain=71.8459 65.2814 49.5001 33.5391 16.0777 15.6646 15.1594 13.8791 11.2014 10.7275 10.4101 10.0586 12.246 9.08203 7.18186 11.892 6.99388 6.76969 6.58214 6.56296 6.53113 6.97104 6.90882 6.22832 5.73744 5.46752 5.41609 9.6442 5.34315 7.92938 5.06154 5.05998 6.5266 4.92969 4.92064 5.75133 4.83422 4.8334 4.80015 4.77346 4.74813 5.52344 4.87765 4.853 4.73403 4.70479 4.52287 4.43056 4.31521 4.27526 4.06976 4.17763 3.97653 3.8136 4.71068 3.81263 3.80123 3.73432 3.67551 3.65653 3.54722 4.64794
threshold=-1.0000000180025095e-35 1.0000000180025095e-35 0.0062952564869617504 50.283409989483594 -1.0000000180025095e-35 13.284999847412111 1.0000000180025095e-35 0.08128951260104926 -0.80376047149606566 1.0000000180025095e-35 0.0081808751370556019 21.168544594840139 50.464518599973921 105.81000137329103 0.092918169744851772 0.0044513318819021505 81.58499908447267 13509000.000000002 0.11032903136422641 0.0072962251063856511 0.018780949046651802 0.014366328667961902 96818600.000000015 0.092170592069203264 0.045539897630472809 14.59500026702881 1.0000000180025095e-35 -0.91595487797699693 0.12372138514156636 23365700.000000004 0.053037564286125459 55.458584429066711 44.835961982313371 -0.45369331085957038 119.22500228881837 12779600.000000002 0.020794676916668652 40.998569150478708 0.027601872906609506 -0.34163016477983005 -1.0000000180025095e-35 74.50279203058389 0.080544522748412464 43.163223557548811 0.0084200535086088515 0.072198063836744222 55.101558287126167 0.020254826899471706 0.030238072621089952 34.319490342759444 0.075898208865377306 -0.22753290006166788 -2.5268553254348869 2.7419999837875371 69.433878099853288 51.163296045008742 0.021529405381226253 1.061877971961656 58.199895845056119 68.692749575467971 38347750.000000007 14472750.000000002
decision_type=2 2 2 2 2 2 2 2 2 2 2 2 2 2 2 2 2 2 2 2 2 2 2 2 2 2 2 2 2 2 2 2 2 2 2 2 2 2 2 2 2 2 2 2 2 2 2 2 2 2 2 2 2 2 2 2 2 2 2 2 2 2
left_child=4 2 5 13 -1 10 11 17 24 18 37 12 -3 16 -12 19 -4 -5 20 38 21 55 -22 -11 -6 30 31 -28 -13 -30 -10 32 36 -19 35 -14 -15 -2 -16 -36 -18 42 -42 -44 -7 -41 -17 -34 -46 -27 51 53 -8 -33 -55 -9 -23 -51 -48 -50 61 -29
right_child=1 6 3 7 8 44 52 9 25 23 14 28 34 26 15 46 40 33 -20 -21 22 56 -24 -25 -26 49 27 60 29 -31 -32 50 47 -35 39 -37 -38 -39 -40 45 41 -43 43 -45 48 -47 58 -49 59 57 -52 -53 -54 54 -56 -57 -58 -59 -60 -61 -62 -63
leaf_value=-0.021968618073152202 0.0090957631978176873 -0.0075983418812954574 0.041494035250475306 0.017013767024622387 0.0011145882402776737 0.0094573513771000293 0.017670775172008209 0.043219592537291192 -0.014323591036156514 -0.018444999518980772 -0.014233596359577515 -0.014717833383461575 0.02407427095300577 -0.0042483028735461354 -0.015225243240990382 0.041014868190318382 -0.016292966224136091 0.012380774770214121 0.035919524257161342 0.024838274178138331 0.037839064182794917 0.0043735745523321547 -0.0023550697674298085 0.016917591363390334 0.034968432015718476 0.00090628244052225941 -0.0047513328474132937 0.034661882839431661 0.032107500549590794 -0.010177954475210534 0.011581494208282235 0.034279246741993903 0.04205291366597954 -0.0096104775962001735 0.033249013909837206 -0.0056270286997368892 0.028549028091579703 0.042413730164917882 0.013727925230178593 -0.0064904875075023965 0.021567809688161521 0.038233079226192034 0.013486048268306983 -0.017501736083333688 -0.016667122579227277 0.026968421890116747 0.0049645435575473686 0.018802711222290484 -0.013199322916819746 0.055640529466161527 0.038818626055430995 0.0060729658154525402 -0.017581303531556836 0.034335450115152662 0.0020872915577360815 0.0065981280620312421 -0.022959313285707016 -0.019167688943978769 0.03286699499224232 0.012896449301818855 0.043733222694448043 0.0021841932239657761
leaf_weight=123.66388921439648 6.9694338887929908 47.818993449211121 5.8873537629842749 12.945375517010687 11.123044341802599 9.0938427150249463 2.9611048996448508 5.4689223915338534 11.672128438949587 12.541877448558809 20.187597155570984 61.582232385873795 8.5548091828823107 12.929701358079912 26.655028149485588 7.621245056390765 6.8383859843015662 10.69865535199642 16.49127422273159 5.8532339036464682 15.01092514395714 15.106541410088541 5.1758346706628791 6.9757190942764273 7.5730724036693564 12.582154899835585 13.781426355242727 8.1201843321323413 5.9758152514696148 12.017453715205191 16.22323089838028 43.062042161822319 12.655695736408235 64.378558948636055 15.059336870908739 18.679605454206467 5.8860663622617713 8.9521228820085508 6.3887403458356848 7.9615067690610868 11.062149390578272 5.6391598731279364 8.2300305068492907 10.168309777975081 71.137384250760078 7.2055003643035889 13.435366660356523 17.683221772313118 10.083734884858133 0.60690975189208884 41.928596183657646 7.6733748763799658 105.01165284216404 7.7018832713365581 8.6614614427089673 4.8078565895557404 6.5711872130632392 57.392948597669601 6.2140581160783759 9.2796104550361616 7.5918032974004737 7.7516535371541968
leaf_count=284 23 140 27 47 33 31 11 25 29 33 52 167 33 38 69 34 16 38 72 23 66 48 15 26 32 39 41 35 25 34 55 187 58 176 64 54 24 41 23 22 42 25 29 25 180 29 42 66 26 3 190 25 288 33 27 16 14 135 26 32 35 25
internal_value=0.000153846 0.00399444 0.00949833 0.015373 -0.0144235 -0.00270743 -0.00768324 0.00540454 -0.0064605 0.0138188 0.00553913 -0.00246653 0.00361751 0.0225926 0.00142943 0.00620819 0.0108747 -0.00302197 0.0193998 -0.00444098 0.0141749 0.00573588 0.0275334 -0.00580617 0.0148275 -0.0105021 0.0254602 0.0151678 -0.0105158 0.00386563 0.000742147 0.0278836 0.0198926 -0.00647668 0.0129514 0.00370267 0.00601156 0.0278293 -0.00962739 0.0212846 0.00657634 0.0110319 0.00582522 -0.00364014 -0.0111761 0.00940508 0.0213974 0.0285014 -0.0132494 -0.014946 0.0314863 0.0269045 -0.0166145 0.0295944 0.0172658 0.0260867 -0.00391187 -0.0183849 0.0137886 -0.000693292 0.0268674 0.0188001
internal_weight=1154.96 914.125 621.297 419.425 240.837 201.871 292.828 176.173 117.173 88.1501 102.277 184.855 105.28 243.252 86.3553 66.1677 47.8254 88.0226 68.6325 38.897 52.1413 31.9545 20.1868 19.5176 18.6961 98.4774 195.427 37.2451 79.5755 17.9933 27.8954 158.182 49.1547 75.0772 57.4608 27.2344 18.8158 15.9216 33.0438 30.2263 41.938 35.0996 29.4605 18.3983 99.5946 15.167 27.2707 30.3389 90.5007 70.582 109.027 67.0988 107.973 59.4254 16.3633 10.2768 21.6777 57.9999 19.6494 19.3633 23.4636 15.8718
internal_count=3603 2993 2126 1524 610 602 867 576 326 315 333 568 342 948 269 217 164 261 256 115 184 103 81 59 65 261 784 136 226 59 84 648 186 214 202 87 62 64 92 115 137 121 96 54 269 51 102 124 238 177 462 272 299 247 60 41 62 138 68 58 95 60
is_linear=0
shrinkage=0.03


Tree=38
num_leaves=63
num_cat=0
split_feature=19 29 9 29 29 9 19 84 54 29 83 17 29 81 88 82 54 37 28 68 46 8 56 6 52 40 38 16 35 40 54 59 54 17 80 64 58 37 26 38 25 25 66 54 17 59 56 49 28 5 26 45 18 59 12 74 44 36 74 35 52 68
split_gain=211.554 117.439 49.0444 31.0515 15.5712 14.1515 13.3346 12.0843 12.0716 11.3705 10.9107 9.98163 9.39251 8.93403 7.91408 17.1598 10.1303 7.44389 7.22269 6.68345 7.16664 6.52617 6.24631 5.89852 10.5518 6.54588 5.54189 6.73363 5.85227 5.50065 5.45728 8.19301 5.25114 5.67761 4.78236 4.66892 4.59168 4.44769 4.19679 4.1907 4.11343 3.94849 3.73199 3.72333 3.7104 3.67471 3.64748 3.58702 3.56094 3.51196 3.28916 3.2605 3.15148 3.14823 2.9833 4.78591 2.80911 2.54518 3.99762 2.66806 3.78931 2.52977
threshold=1.0000000180025095e-35 1.0000000180025095e-35 1.0000000180025095e-35 -1.0000000180025095e-35 -1.0000000180025095e-35 -1.0000000180025095e-35 -1.0000000180025095e-35 0.031047069959586154 56.323254882878139 1.0000000180025095e-35 0.0083974994003657519 0.016289434382945403 -1.0000000180025095e-35 77.399092246387085 20.671737824135658 0.07976847121260626 52.215887331456941 0.0040186195883121509 0.10578483278548932 97.68500137329103 0.014685047439840152 0.080135955189893207 0.11532256371624511 0.37111899068496795 15.72499990463257 167.26999664306643 0.11316957793576192 0.17793205102030107 52.254279015516026 116.02499771118165 48.260176468586259 1.5925000309944155 51.602139679111822 0.011723100827691402 7946200.0000000009 0.013674334384574853 2.2265000343322758 0.005082123094693301 -0.46244743957686291 0.11162390055242176 44.479541635113186 23.863551488033348 0.25397307914245154 39.971079386349366 0.0087743601124860519 2.3724999427795415 0.053233307521574909 21.494999885559086 0.12066309004290597 62.774423931397685 0.37267965712272938 -1.6595416512575694 0.048069922813246103 0.67649999260902416 21.505679031291304 0.0060970137995821506 27.619394562308788 2.8781429128870006 0.0033725779546675502 51.01138236413184 17.085000038146976 91.470001220703139
decision_type=2 2 2 2 2 2 2 2 2 2 2 2 2 2 2 2 2 2 2 2 2 2 2 2 2 2 2 2 2 2 2 2 2 2 2 2 2 2 2 2 2 2 2 2 2 2 2 2 2 2 2 2 2 2 2 2 2 2 2 2 2 2
left_child=1 2 4 30 53 18 32 12 22 14 11 17 50 19 15 26 -17 35 21 20 38 36 23 24 42 40 -7 28 -28 -19 -2 -32 -3 -34 -12 45 -5 -15 -14 -31 -25 -36 -8 -40 -10 -6 -42 -9 61 -50 -4 -11 -41 -1 55 -26 -45 59 -59 60 -43 -16
right_child=3 6 7 5 10 9 8 47 44 51 34 -13 13 37 48 16 -18 29 -20 -21 -22 -23 -24 25 54 -27 27 -29 -30 39 31 -33 33 -35 41 -37 -38 -39 43 52 46 57 -44 56 -46 -47 -48 -49 49 -51 -52 -53 -54 -55 -56 -57 -58 58 -60 -61 -62 -63
leaf_value=0.043221263818786465 -0.023802024658535058 -0.020832140065534823 -0.00063893654744805672 0.022078638832836683 -0.022654107911779051 0.031333761118675536 -0.025165679734870331 -0.021821357704905998 0.0029583378424150215 0.011889611741070826 0.00454384191916107 0.020806075530348973 -5.273175206441129e-05 0.0087947028737635075 2.3697173021930561e-05 -0.019627618799369771 0.021758463748761309 0.0078500077529082158 0.028543518568714399 -0.014564093373892901 -0.0088179075189060725 -0.029066921771548397 -0.020938755787834485 0.039074882466925462 -0.012234490555209279 -0.0041181919549224122 0.013381886111546689 0.032040488113290286 -0.022726052414297072 -0.00092043700369666274 0.034576122007853427 -0.011094396940403758 0.024083845215018482 -0.0088383093618242276 0.0037804481976051272 0.020270636846664029 -0.011767616097127613 -0.027551537831549431 0.0065253950142255823 -0.023234215272360092 0.029656296867185666 0.00084139365934048126 0.005057904796139337 0.0031293591517287988 0.031824999495462275 0.0097526466954044183 0.004220804541519723 0.00030928241858085967 0.027634248387768186 0.0023801097615785399 -0.02692501666137357 0.032755029462399637 -0.0029899774753797759 -0.025621317846672174 0.026161333416201173 0.023013534902033974 0.031670620737543051 0.0045040790310930815 -0.021322681485149479 -0.025320414992913192 -0.020009499504561126 0.031981515543409472
leaf_weight=0.59975162148475547 13.026748999953272 11.132163777947428 9.2947387248277682 7.4692902415990883 6.5257926434278506 29.087566345930099 10.198969408869742 19.924368426203731 4.392634466290473 7.156212016940116 7.6782998740673056 10.517736673355101 6.497625768184661 5.3399661779403669 2.3307441771030417 18.028306901454929 7.5530913919210425 8.9771285355091077 7.2956152856349936 5.9126006364822379 7.4341597110033026 7.3017914146184912 5.2093830406665793 13.945026308298109 6.5163306742906588 7.6813765317201605 12.918448835611349 10.547016650438307 5.8779439926147452 11.952680185437201 4.9381614476442364 12.443227112293242 8.1466210335493106 11.190261289477347 6.2935201078653327 10.215009272098539 6.977035865187645 7.0050323754549026 7.7074970602989188 49.949135258793831 11.013973027467729 8.8177074491977674 5.7499937564134589 3.387550324201583 45.703568503260612 6.0861499309539795 9.4084502756595594 9.8503416478633863 10.509362995624544 9.3787341713905317 7.947562411427497 115.9461013674736 8.0339087992906553 188.87822395563126 13.910270363092421 7.4082966446876526 37.02526730298996 9.0536083877086657 13.343877866864203 86.094498112797737 71.057351857423782 51.223119258880615
leaf_count=2 40 44 25 21 26 64 48 84 13 20 27 27 21 19 8 83 20 29 19 29 28 26 27 29 29 26 37 25 29 34 10 34 20 27 22 23 19 37 25 182 26 39 20 12 102 16 34 39 26 32 25 240 25 520 38 22 90 37 57 449 282 114
internal_value=-2.76993e-05 -0.00842597 -0.0144071 0.0198068 -0.0186093 0.022648 0.0135806 0.00222897 0.0174661 0.0247117 -0.0145173 -0.00701658 0.00733493 0.0116482 0.0193715 0.013083 -0.00740808 -0.00989285 0.00271352 0.0159127 0.0188166 -0.00595141 0.0109579 0.0128938 0.00518678 0.0209188 0.0220541 0.0128554 0.00209033 -0.0142573 -0.00912159 0.00188088 -0.00441785 0.00503178 -0.0186787 0.00519495 0.00573216 -0.0118296 0.022578 -0.017095 0.0265148 -0.0195947 -0.0142693 0.0256338 0.0292939 -0.00701557 0.0179384 -0.0144999 0.026565 0.015725 -0.0127551 0.0315421 -0.0204293 -0.0254034 0.0163348 0.00651846 0.0292782 -0.0203756 -0.0108829 -0.0216567 -0.0177077 0.0305907
internal_weight=1143.02 803.008 631.401 340.009 504.074 309.6 171.607 127.327 141.138 280.557 314.596 112.258 97.552 80.3097 157.454 84.0124 25.5814 101.74 29.0437 67.9647 62.0521 21.7481 91.0421 85.8327 43.7839 42.0488 58.431 29.3434 18.7964 78.9129 30.4081 17.3814 30.469 19.3369 202.339 22.827 14.4463 12.345 54.6179 69.9357 34.3674 194.661 15.949 48.1203 50.0962 12.6119 20.4224 29.7747 73.442 19.8881 17.2423 123.102 57.983 189.478 27.8349 13.9246 40.4128 188.367 22.3975 165.97 79.8751 53.5539
internal_count=3603 2736 2231 867 1797 783 505 434 414 698 1275 362 311 261 438 258 103 335 85 205 176 66 299 272 157 115 155 91 66 270 84 44 91 47 913 65 40 56 148 241 89 886 68 127 115 42 60 123 180 58 50 260 207 522 89 51 102 864 94 770 321 122
is_linear=0
shrinkage=0.03


Tree=39
num_leaves=63
num_cat=0
split_feature=29 19 9 9 19 29 5 26 18 50 9 6 65 37 43 64 19 47 39 15 40 59 87 36 36 83 4 17 28 64 55 14 86 13 44 82 75 75 18 80 4 64 82 46 25 55 26 55 56 17 49 72 80 28 64 61 65 63 52 69 41 8
split_gain=359.888 154.685 33.3019 19.1585 10.5936 10.3985 11.176 9.5969 10.4778 13.8121 7.93224 7.72366 7.51542 6.78752 10.6447 7.46781 6.73032 6.27746 7.68648 9.72166 6.17746 6.08001 5.42552 9.38582 4.5768 5.21114 4.52978 4.4602 4.73155 4.28088 4.09924 4.04466 3.72634 5.5193 5.47324 3.69882 3.64639 3.49824 3.38042 3.21774 3.21748 3.20481 3.11399 3.02891 2.83197 2.68563 4.93695 2.65559 2.98 2.65187 2.68453 2.49364 2.35577 2.06794 1.78027 4.89106 1.74548 1.5187 1.51223 2.36192 1.50441 1.3009
threshold=-1.0000000180025095e-35 -1.0000000180025095e-35 -1.0000000180025095e-35 -1.0000000180025095e-35 -1.0000000180025095e-35 1.0000000180025095e-35 71.68129051436047 0.19446707772167923 0.022489009962559404 13.805000305175783 1.0000000180025095e-35 -0.31734035415801015 0.025071330483011755 0.0062523101773901005 16389100.000000002 0.15203367376110541 1.0000000180025095e-35 0.11512446871346375 127.65500259399415 70.903401196318256 108.77499771118165 2.4930000305175786 8.6545901217103367 1.1543717149644019 1.3574864338664201 0.0087025633879045019 743290800.00000012 0.012929689433267902 0.11215257422674527 -0.094859001855350983 0.57349700340613741 52800200.000000007 15.861994192751725 20.122309541679446 59.421972105287544 0.12466223382640601 1.1340578406868889 1.0609739619534859 0.024679699268089054 11421900.000000002 1152928000.0000002 0.010530068887292202 0.032516122975506406 0.0086812896376815517 24.595917081981479 -0.076316209214072936 0.40967415868443174 -1.2269106701675179 0.035816823762050302 0.0047039629923705008 11.465000152587892 60.268906992299613 22320400.000000004 0.017017641637262704 -0.0071889661374766487 1.9254999756813052 0.037914655178638457 61.919424780901551 10.934999942779543 93.264999389648452 166.80000305175784 0.034078603092762755
decision_type=2 2 2 2 2 2 2 2 2 2 2 2 2 2 2 2 2 2 2 2 2 2 2 2 2 2 2 2 2 2 2 2 2 2 2 2 2 2 2 2 2 2 2 2 2 2 2 2 2 2 2 2 2 2 2 2 2 2 2 2 2 2
left_child=3 5 7 -1 45 6 29 21 57 41 13 -11 32 14 16 20 17 18 19 35 22 -3 56 26 25 -7 -24 -14 42 -2 31 -23 33 -6 36 -4 -34 -22 -35 -31 58 -10 -29 -13 -41 46 -5 -46 -49 -50 -51 60 -8 -52 55 -55 -15 -9 59 -12 -19 -39
right_child=1 2 10 4 12 24 52 8 9 11 40 43 27 15 -16 -17 -18 51 -20 -21 37 30 23 -25 -26 -27 -28 28 -30 39 -32 -33 34 38 -36 -37 -38 61 -40 44 -42 -43 -44 -45 47 -47 -48 48 49 50 53 -53 -54 54 -56 -57 -58 -59 -60 -61 -62 -63
leaf_value=0.033779659093441099 -0.029226953766789791 -0.027331824059956034 -0.0053200083343145892 0.0024136165397498745 0.00015797770393166709 -0.023259495278807059 -0.012152395266184262 -0.028745184479322464 0.0043632792311656728 -0.027637260563236208 0.00041826185966040499 0.020371830176697938 0.017847156409705443 -0.027156525140977879 0.019147293545679556 0.0094979623800797684 -0.02483075641967887 -0.027235996765334412 0.020778750853838814 0.018422689023936647 0.0025889556313572135 -0.0065450995163444806 -0.022920902642638918 0.028360940845159943 0.016261363704909205 0.009398490152060554 0.0048320510778739612 -0.010724277044362627 -0.028406379348321641 0.012021426913553792 -0.020526440300157198 0.027626490795227464 0.0037580228198025156 0.017678674221842737 -0.011242477849940263 -0.027113853504569654 0.027923532387671725 -0.014114428863933737 0.035122833655354686 -0.033643399906144303 -0.0014756158870762252 -0.027244669146528996 0.017275525591281475 0.040980501062715759 0.0017918425020017697 0.036604721555335833 0.031201506480517911 -0.031003922230982028 -0.029064173559842678 -0.02709430593733201 -0.03345417411691546 -0.0010805712315949203 0.013108777185312078 -0.0012356985713457579 0.036876496019199553 0.032972168933846767 -0.0065749974400768994 -0.0043174274987631146 -0.024970712624803701 -0.026508222774458294 -0.0091004391097489114 -0.024553083311056455
leaf_weight=161.08073854446411 1.2123675048351277 13.17604587972164 13.033071324229242 7.3908239305019405 7.497141793370246 8.8165898770093971 8.3905982077121717 5.6719554364681226 5.7649630904197675 2.1158897131681433 5.5053090304136258 11.414677187800413 9.8114459365606326 16.958215594291691 9.7851328104734403 7.6899946331977835 33.089572742581367 19.598282828927047 10.479160517454146 9.2364089190959913 4.6190055608749381 6.7924950867891329 13.659429803490644 6.6844882965087882 13.480687037110327 8.7731398344039899 8.6415675580501539 7.3989500850439089 6.2937666624784461 10.600641354918478 6.2946098893880835 5.7617803663015366 9.6238487064838463 16.701534390449524 7.7631678581237784 15.162565380334852 13.506778895854948 11.505298048257826 24.90958009660244 0.63135175406932731 5.661276549100875 5.7831973135471344 6.9164634644985199 14.663839027285574 2.8616012483835211 27.686849787831306 19.525855794548988 0.68585754930972953 0.63830739259719749 0.67741754651069541 0.42020204663276572 5.4887770414352408 5.5007037967443457 4.5420531928539232 45.693049937486656 21.897810682654381 4.7465407699346533 3.8422574400901794 208.68861052393913 6.2722181081771851 5.2113236337900153 162.55480912327766
leaf_count=275 5 55 37 21 25 30 29 24 22 8 17 31 24 79 23 29 106 76 28 27 18 29 66 16 36 25 29 26 29 28 22 14 32 38 33 63 29 46 46 3 14 20 20 27 10 45 36 2 2 4 2 16 14 16 80 40 22 16 761 26 15 816
internal_value=-0.000145312 -0.010969 -0.016905 0.0264197 0.0192357 0.0183338 0.0228931 0.00108688 0.0093988 0.0161687 -0.0194079 0.0274874 0.0138907 -0.0166304 -0.0108516 -0.019582 -0.0134891 -0.00869054 -0.00193166 -0.00828948 -0.020557 -0.0116975 -0.0113135 -0.00282043 0.00310904 -0.00697084 -0.0121667 0.00119854 -0.00672739 0.0267644 -0.000768519 0.00913794 0.0187169 0.0238522 0.0105538 -0.0170399 0.0178691 -0.0231793 0.0281212 0.0275301 -0.023807 -0.0114656 0.00280377 0.03196 0.0296366 0.0300447 0.0232969 0.0301526 0.0312412 0.0318191 0.0323498 -0.0193784 -0.00214943 0.0329048 0.0332914 0.0270957 -0.0226556 -0.0188802 -0.0243805 -0.0139217 -0.0234266 -0.0238631
internal_weight=1126.48 800.375 665.553 326.107 165.026 134.822 103.752 81.2817 49.2568 39.7426 584.271 28.1944 110.423 358.144 121.084 237.059 111.299 78.2096 47.9112 37.432 229.369 32.0249 50.6902 28.9855 31.0704 17.5897 22.301 30.4206 20.6092 89.8607 18.8489 12.5543 80.0021 49.1083 30.8938 28.1956 23.1306 178.679 41.6111 88.6483 226.127 11.5482 14.3154 26.0785 78.0477 54.6035 26.9167 77.4163 74.5547 73.8688 73.2305 30.2984 13.8913 72.5531 72.1329 26.4399 21.7048 9.51421 220.466 11.7775 24.8096 174.06
internal_count=3603 2924 2598 679 404 326 235 268 148 108 2330 66 302 1512 391 1121 368 262 155 127 1092 120 212 111 91 55 95 99 75 192 65 43 203 109 94 100 61 880 84 187 818 42 46 58 159 102 57 156 146 144 142 107 43 138 136 56 101 40 804 43 91 862
is_linear=0
shrinkage=0.03


Tree=40
num_leaves=63
num_cat=0
split_feature=54 29 37 35 9 50 9 9 72 7 49 9 29 29 37 32 81 87 80 37 55 42 49 32 24 37 37 54 51 58 48 39 9 65 12 37 50 27 80 44 65 20 21 43 25 80 29 25 84 66 18 58 34 66 32 84 49 18 25 65 86 72
split_gain=67.6782 54.4847 45.0644 24.8073 19.8603 15.3454 14.2469 16.816 9.91006 8.91613 9.35015 7.86546 7.67699 9.87432 10.8201 11.2278 7.51014 7.2714 6.88746 6.81221 6.71773 6.64558 7.67715 10.7256 8.19706 8.00941 5.98124 5.62205 5.62053 7.39005 5.22611 4.96694 4.82913 5.33963 4.78047 5.42367 6.94684 7.45815 6.1376 5.23739 7.67318 4.85601 4.67317 4.64563 4.64497 4.57216 6.03967 5.24349 4.2789 5.89848 4.2752 4.13469 3.95018 3.8433 3.81256 3.66199 3.59646 4.66116 3.49637 3.25942 4.09452 3.19339
threshold=57.083729006780125 -1.0000000180025095e-35 0.0063431030852144502 44.606435018972405 -1.0000000180025095e-35 15.885000228881838 1.0000000180025095e-35 -1.0000000180025095e-35 43.939415832700185 0.008490327721149651 13.335000038146974 1.0000000180025095e-35 -1.0000000180025095e-35 1.0000000180025095e-35 0.011318526665478302 86.348340384703235 40.580108773530362 33.892346115253623 10833100.000000002 0.019174093178372355 1.0895594554872103 164.25000000000003 23.914999961853031 102.60815270335326 42742900.000000007 0.011006266912486252 0.0040667575073891011 49.440381356860591 16.865000724792484 2.2195000648498535 -1.0000000180025095e-35 166.62500000000003 -1.0000000180025095e-35 0.023093867280940154 21.700032520749645 0.0051157907267261006 13.534999847412111 0.010153356874035402 27951200.000000004 41.367318886157101 0.027859771750362552 29.224133491516117 26.695425634207403 9262600.0000000019 50.141527995904205 12435100.000000002 1.0000000180025095e-35 62.921436188651079 0.027500995224470002 0.26843904761471116 0.054270985129009956 2.5475000143051152 92985300.000000015 0.30976589034586971 427.67164290016404 0.016436232449525454 24.039999961853031 0.022592035823633502 43.61708307651319 0.013394555958057353 22.434539578443136 51.480931709853159
decision_type=2 2 2 2 2 2 2 2 2 2 2 2 2 2 2 2 2 2 2 2 2 2 2 2 2 2 2 2 2 2 2 2 2 2 2 2 2 2 2 2 2 2 2 2 2 2 2 2 2 2 2 2 2 2 2 2 2 2 2 2 2 2
left_child=1 4 9 11 -1 32 7 8 -7 10 26 20 -2 14 -14 42 -17 27 -15 21 31 22 23 55 -24 28 -3 30 29 52 -6 61 33 -5 -11 38 37 -37 45 -38 41 -41 -16 48 -27 46 47 -36 -8 -50 56 -28 -25 58 -23 -9 57 -45 -34 60 -20 -4
right_child=12 2 3 5 17 6 43 19 -10 34 -12 -13 13 18 15 16 -18 -19 59 -21 -22 54 24 25 -26 44 51 -29 -30 -31 -32 -33 53 -35 35 36 39 -39 -40 40 -42 -43 -44 50 -46 -47 -48 -49 49 -51 -52 -53 -54 -55 -56 -57 -58 -59 -60 -61 -62 -63
leaf_value=-0.021760486225438812 -0.019664907735079756 -0.0040226063601334437 0.0079035763266400594 0.029262868186839788 -0.015143790463639485 0.025111651222932525 -0.016958395870801113 0.01621393047593251 -0.010613535473930747 -0.022422157092093133 -0.0081956162032524055 -0.01657647823779991 -0.0090346515172739315 0.021219546056967471 0.0098588073901774535 0.039682444136239017 0.0051488214893010966 0.028044588435448183 0.011382627746675979 0.038259019658945334 0.029289287362709013 0.035486278515737442 -0.0098618289633083962 0.0075592162782132689 0.026601107508939577 0.0098067043008609484 0.043758243129166673 -0.013701671632113726 -0.02128110666677397 -0.01021023327888562 0.0053878925076158955 0.024233455806452718 0.017540309704424457 -0.0086403334088389142 -0.0058633153624281942 -0.0011700815336900912 -0.015794883103336856 0.035086270085192238 0.021868218454495159 -0.021841856512559564 0.032243756721362059 0.0052766490299388843 -0.020685039429288479 -0.0049680678492905724 0.037699487099856856 -0.014289427481120311 -0.017021167329731923 0.030882256090657069 0.017999682279566172 -0.018552049021659613 0.034278640622331907 0.012950376271067014 0.042327006174729849 0.0064381133683943728 0.0080775752867081191 0.040709770194971691 -0.0056376162663787747 0.021397767452461532 0.037461337962526368 -0.019942128818817975 -0.021532741399595802 -0.013540246427227275
leaf_weight=73.497081577777863 78.007568761706352 5.3907226175069836 9.5678512901067752 7.7493021935224515 13.970920562744139 9.761507645249365 14.920479133725165 7.1746402382850674 24.598007962107658 13.032278537750242 13.50311543047428 23.061297699809074 102.73362152278423 4.2718856185674658 7.6543398499488857 11.939263731241228 10.789651423692701 6.9673858135938636 7.2205551564693433 21.73986092209816 8.366126745939253 30.527311950922012 17.032469958066944 5.71724377572537 8.2298818975687009 9.260446712374689 10.541427925229074 33.569443568587303 7.0748286396265021 9.4157858341932279 55.409434705972672 5.8944614380598059 9.3284651637077314 5.8856220692396164 6.5766476839780807 9.9636556059122103 19.006635844707489 10.474261477589605 5.708857148885726 8.6592997163534182 6.8493485152721396 18.943579778075218 10.968338772654532 8.9873429238796252 12.800982907414435 65.831254199147224 9.8058905154466629 7.4590027928352356 11.139554858207704 6.1766121983528128 5.5626968294382086 6.242452844977378 6.056837722659111 4.7359494715929022 5.3711811602115622 23.427602678537369 14.762919843196867 18.368357375264168 52.866836279630661 82.938741981983185 6.4304684549570084 18.024604573845863
leaf_count=170 186 16 32 32 34 38 39 26 64 31 39 63 289 17 26 54 35 28 26 98 35 134 47 20 33 32 49 85 17 26 176 23 35 16 19 31 50 45 22 21 29 62 26 27 58 175 26 31 42 16 24 22 28 16 18 107 44 71 237 220 17 48
internal_value=0.000173616 0.00473117 0.00885334 0.0145571 -0.00968804 0.0176457 0.0143058 0.0186176 -0.000464042 -0.00222995 0.0114852 -0.0025084 -0.0114687 -0.00885846 -0.0038189 0.00913907 0.023289 -0.00161569 -0.0160577 0.0226195 0.0052432 0.0202267 0.0164544 0.0209612 0.00201694 0.0124447 0.0234697 -0.00362303 0.00187117 0.00960121 0.00125349 -0.000764304 0.0291747 0.0129017 -0.00491397 -0.00356606 0.00253474 0.017411 -0.00829265 -0.00315262 0.00382188 -0.0032307 -0.00813083 0.00361293 0.0259913 -0.0102128 0.00104365 0.0136645 -0.00518378 0.00496182 0.00956027 0.0322998 0.0254445 0.0324897 0.0313854 0.0349668 0.00629566 0.0127356 0.0344734 -0.0177063 -0.00412253 -0.00610447
internal_weight=1147.94 824.99 641.576 423.587 183.414 358.673 278.107 198.189 34.3595 217.988 35.6777 64.9143 322.954 244.947 144.085 41.3516 22.7289 109.917 100.862 163.829 41.853 142.089 106.191 80.9284 25.2624 50.3261 22.1746 102.95 28.2647 21.1899 69.3804 33.4869 80.5662 13.6349 182.311 169.278 73.8968 20.4379 95.3817 53.4589 34.4522 27.6029 18.6227 79.918 22.0614 89.6728 23.8415 14.0357 32.2366 17.3162 47.6813 16.7839 11.7741 66.9313 35.8985 30.6022 42.1186 27.3557 62.1953 96.5898 13.651 27.5925
internal_count=3603 2707 2214 1546 493 1345 1009 746 102 668 126 201 896 710 430 141 89 323 280 644 138 546 394 314 80 181 87 295 91 74 210 103 336 48 542 511 238 76 273 162 112 83 52 263 90 251 76 50 97 58 166 71 48 288 152 133 142 98 272 263 43 80
is_linear=0
shrinkage=0.03


Tree=41
num_leaves=63
num_cat=0
split_feature=29 9 29 9 81 29 27 83 54 9 7 25 8 61 52 45 51 46 47 56 54 45 44 6 27 83 72 57 18 54 6 73 46 45 45 81 54 14 17 80 30 27 24 57 43 43 47 35 38 74 8 52 54 51 45 54 60 67 18 20 67 73
split_gain=188.837 104.801 35.8704 26.0388 18.53 15.1776 12.8741 11.1853 11.3719 10.6102 9.03511 13.7301 7.60747 7.44851 10.5519 6.63697 7.03169 6.43355 7.31003 6.30003 6.14957 6.09771 11.9585 5.92962 5.74655 5.66134 9.10432 5.65287 5.61758 5.56744 5.21295 5.07518 4.67997 4.91113 4.64868 4.77071 4.43321 4.95498 4.98559 4.43263 4.41293 4.33672 4.3281 4.32073 7.45547 4.23426 4.20215 3.98111 3.87225 3.85021 3.7402 3.70672 3.37054 3.28093 3.25044 3.24142 4.42847 5.64097 3.47687 4.27588 3.13898 7.7152
threshold=1.0000000180025095e-35 1.0000000180025095e-35 -1.0000000180025095e-35 1.0000000180025095e-35 77.671014959330094 -1.0000000180025095e-35 0.016616236968204804 0.023193845990495902 51.184083468773999 -1.0000000180025095e-35 0.012825899884234901 57.116222795562109 0.10834118714683667 2.3264999389648446 22.23499965667725 0.66480793811022221 16.085000038146976 0.0076648471750264515 0.10830743863662251 0.039535471600905807 67.588029330169562 0.59683310519646693 60.249474653658666 -0.089780366222702981 0.014218031616215002 0.006862987150824151 66.047928836248929 3.1141817443425608 0.043547393180888454 36.711473937345545 0.29526574104802711 -0.73799139453939222 0.014685047439840152 1.518468175189071 -3.5660024365816549 73.099840527710299 52.970860470170514 19828050.000000004 0.011492599584134752 7946200.0000000009 286.93263244628912 0.011206114948819403 47260850.000000007 2.5933872229037691 6708250.0000000009 7724750.0000000009 0.096532631403401806 44.168123326810459 0.14806450586572059 0.0034725513698333006 0.10029899033730856 12.135000228881838 35.046553281967981 14.664999961853029 1.1791908028487088 48.66060304481622 1.7249999642372134 96.655002593994155 0.0097260177459435014 25.007116317749027 80.215000152587905 -0.13108309083421682
decision_type=2 2 2 2 2 2 2 2 2 2 2 2 2 2 2 2 2 2 2 2 2 2 2 2 2 2 2 2 2 2 2 2 2 2 2 2 2 2 2 2 2 2 2 2 2 2 2 2 2 2 2 2 2 2 2 2 2 2 2 2 2 2
left_child=1 2 -1 7 5 27 9 8 13 21 15 23 46 14 54 16 17 36 -19 -8 39 -4 -23 24 -12 -15 30 -3 32 -6 -27 -5 43 -34 -33 -36 37 -11 -39 -21 42 -17 53 44 51 -31 -10 -13 -42 50 -25 -7 -45 -30 -2 -41 57 -57 59 -58 61 -48
right_child=3 4 6 31 29 28 19 -9 12 10 11 47 -14 25 -16 41 -18 18 -20 20 -22 22 -24 49 -26 26 -28 -29 40 45 -32 34 33 -35 35 -37 -38 38 -40 55 48 -43 -44 52 -46 -47 60 -49 -50 -51 -52 -53 -54 -55 -56 56 58 -59 -60 -61 -62 -63
leaf_value=-0.024172325063770258 -0.019282856817426811 -0.015137109974214587 -0.022248781615212352 -0.032007010586414288 -0.027080156743490742 0.035498938773722635 0.014692532409607313 -0.024402150457903327 0.0016591393723431281 0.02582859583958148 -0.0053967166879109541 0.0048201703563081691 -0.00072806308868909539 0.028982606347165037 0.022058962418558287 0.002985417936098619 0.0368679430338422 0.012351776825569658 -0.029176291582936255 0.0073640800303299368 0.0034908367805959518 0.033597921854500744 -0.019986004603719611 0.02096680661031488 0.029130676335922465 -0.025165692504301476 0.036262666388820239 0.015472074392187824 0.0031183132934136681 -0.013779835749846234 0.010121268716003943 -0.014201330823608674 -0.011548759583928139 0.024676557493973007 0.033668942449416074 0.014868154831323475 0.032633078327138604 -0.018743628885210424 0.020470730798018928 -0.023527683342299616 0.02985729330055301 -0.027696224005745822 0.021018299777594628 0.0046412380512765913 -0.014516037000627775 0.020217654236616058 0.029017102805083392 -0.021671197433690448 -5.9141711142711696e-05 -0.010961630327534206 -0.0063714189719842563 0.0073067616355713396 0.026535062114905101 -0.024167624870208831 0.0065399602050557329 0.013475808425765031 0.0059632232115924191 -0.027191021382232262 -0.02374617914884472 -0.027114546828307454 0.028770279400705562 -0.012903872288263679
leaf_weight=205.58791767060757 21.597670957446102 20.556022599339489 38.828564286231995 1.1655219197273243 13.208085998892786 8.5375768393278175 6.0936165750026694 7.0508810728788367 7.1122861355543128 8.3985807448625618 6.6809629648923901 5.8246329128742209 13.088422164320944 14.902594596147535 9.969657748937605 11.049596905708315 8.9897672235965711 7.7641102969646436 7.4998854696750641 5.8665006011724463 12.842980220913885 5.9246253222227123 10.204978108406065 9.0484873205423373 12.372435539960859 7.5644670277833956 5.9405189007520667 7.3794677704572669 8.103236600756647 7.9801073223352414 7.5072923600673676 2.025576949119567 8.1587287336587888 5.7364119589328757 111.12427562475204 13.637891575694082 9.6372038871049863 7.7593896239995939 4.6764448285102844 74.140135899186134 10.103405773639681 6.6363397091627112 5.3254954516887656 6.8495282977819434 7.3928126394748679 5.6183151006698608 11.333969101309778 41.351752310991287 6.3357455730438224 24.180427864193916 8.9678250253200513 8.2565111219882947 83.189056679606438 7.7681462913751593 5.5054054409265509 9.6291643828153592 9.3678289055824262 4.5065592229366294 34.641026094555855 5.6315913200378409 64.120105355978012 6.0658053606748572
leaf_count=580 90 65 133 4 66 18 18 26 18 22 25 16 38 38 29 32 22 26 35 20 36 16 29 25 31 37 14 16 27 28 21 8 29 16 231 37 24 32 15 377 25 23 16 24 32 18 27 200 23 94 36 28 211 37 17 33 31 23 144 22 148 21
internal_value=-3.13933e-05 -0.00753301 -0.0139944 0.0199415 0.0101695 0.0134048 -0.00874382 0.012643 0.0141381 -0.00426454 -0.000756327 -0.00623631 0.0206215 0.00510243 -0.00433039 0.00744923 0.0126125 0.00784483 -0.00805283 -0.0152347 -0.0163991 -0.0158082 -0.000303891 0.00313281 0.0170238 0.0148393 0.00480849 -0.00705136 0.0168523 -0.0132077 -0.00758914 0.030309 0.0198457 0.00340635 0.0308819 0.0316138 0.0158084 0.00802589 -0.00399723 -0.0181757 0.00666248 -0.00852733 -0.00238414 0.0218454 0.0105879 0.000266544 0.0237742 -0.0184004 0.0183273 -0.0031395 0.00735889 0.0216388 0.0248695 -0.0102366 -0.0140375 -0.019262 -0.0143032 0.000510963 -0.0185217 -0.00645596 0.0257037 0.0144029
internal_weight=1134.31 824.602 604.103 309.712 220.499 193.692 398.515 181.759 174.708 235.796 180.838 108.427 101.721 72.9876 37.0727 72.4113 54.7254 45.7356 15.264 162.719 156.626 54.9582 16.1296 61.2501 19.0534 35.9149 21.0123 27.9355 165.757 26.8065 15.0718 127.953 128.121 13.8951 126.788 124.762 30.4716 20.8344 12.4358 143.783 37.636 17.6859 21.1969 114.225 24.1869 13.5984 88.6322 47.1764 16.4392 42.1967 18.0163 16.7941 90.0386 15.8714 27.1031 137.916 63.7762 14.1357 49.6404 14.9994 81.5199 17.3998
internal_count=3603 2799 2120 804 679 567 1540 524 498 836 658 427 252 246 136 231 176 154 61 704 686 178 45 211 56 110 72 81 486 112 58 280 358 45 276 268 93 69 47 650 128 55 80 313 78 46 214 216 48 155 61 46 235 64 107 630 253 56 197 53 196 48
is_linear=0
shrinkage=0.03


Tree=42
num_leaves=63
num_cat=0
split_feature=29 19 9 9 19 29 5 8 40 68 75 65 64 37 75 47 9 37 43 45 7 17 15 66 24 73 0 60 56 15 13 64 45 66 65 72 47 6 24 80 25 60 54 17 49 56 83 82 80 45 18 35 38 60 5 28 64 73 4 72 67 58
split_gain=338.758 148.232 32.0163 18.1957 10.2063 9.81145 10.6478 9.14253 10.7091 8.23381 7.12332 7.09244 7.01418 6.66651 5.96251 5.82904 7.76894 8.31047 7.51472 6.47195 5.53586 5.24594 5.21017 5.14143 4.70243 4.51085 4.52286 4.56967 4.50478 5.58011 4.49509 4.07914 3.83403 5.11069 5.10987 4.81226 4.58999 3.32734 3.31464 3.03004 2.72102 2.56187 4.67636 2.37102 2.39159 2.85782 2.27044 3.76117 2.25678 2.17708 3.96492 4.51353 2.08979 2.02756 2.01236 1.92566 1.82789 4.28547 1.73852 1.55003 1.18533 1.15288
threshold=-1.0000000180025095e-35 -1.0000000180025095e-35 -1.0000000180025095e-35 -1.0000000180025095e-35 -1.0000000180025095e-35 1.0000000180025095e-35 71.68129051436047 0.12225262509450506 122.27500152587892 74.324996948242202 1.0876892529420805 0.025071330483011755 0.16189149495376043 0.0085121538714312533 1.0980600780222616 0.1154250709484272 1.0000000180025095e-35 0.0060120601335024006 8323050.0000000009 1.518468175189071 0.012770080727212202 0.020446996092860003 70.903401196318256 0.084612586409499771 14316850.000000002 0.51847660588031641 27.897099494934089 2.467499971389771 0.05412397305627021 51.761555556851718 21.890921763514616 -0.094859001855350983 -0.59756920266653413 0.25397307914245154 0.010038498851727152 52.070536243232958 0.10241026151325937 0.39126380465775418 9014750.0000000019 11421900.000000002 24.595917081981479 2.4759999513626108 41.749306713999324 0.0047039629923705008 11.465000152587892 0.035816823762050302 0.006169898789286951 0.17867322514779538 22320400.000000004 0.40495871070807971 0.029564559045334556 64.875349283451129 0.10726048532436437 2.279500007629395 21.34188182896467 0.017017641637262704 -0.0045746624376452492 -0.062781061979080691 941785600.00000012 81.776938061397757 72.395000457763686 2.6595000028610234
decision_type=2 2 2 2 2 2 2 2 2 2 2 2 2 2 2 2 2 2 2 2 2 2 2 2 2 2 2 2 2 2 2 2 2 2 2 2 2 2 2 2 2 2 2 2 2 2 2 2 2 2 2 2 2 2 2 2 2 2 2 2 2 2
left_child=3 5 7 60 41 6 31 8 14 21 13 32 15 -10 -3 16 17 18 22 38 -20 -4 53 -13 -25 26 -16 -28 -7 -30 -21 -2 -6 35 -35 37 -36 -34 -19 -33 -41 -5 -43 -42 -45 -46 47 -18 -8 -40 -51 -52 -38 -11 -47 -56 57 -57 59 -17 -1 -59
right_child=1 2 9 4 11 28 48 -9 10 12 -12 23 -14 -15 25 58 46 19 20 30 -22 -23 -24 24 -26 -27 27 -29 29 -31 -32 39 33 34 36 -37 52 -39 49 40 43 42 -44 44 45 54 -48 -49 -50 50 51 -53 -54 -55 55 56 -58 61 -60 -61 -62 -63
leaf_value=-0.037032082446981182 -0.028928876387031548 0.025757699096680711 0.017444947107015482 0.034852815783644055 0.029977451215864929 0.01891666051232322 -0.01198035488740312 0.033216158283145551 0.017892771822092989 -0.0050088237911469638 -0.024524964678409922 0.016052374768162972 0.013184211308303688 -0.02715915971711267 -0.028230682721704384 -0.024181414859367301 -0.026057981058021512 0.0057009842163206065 -0.011023462647392724 0.023009113494144102 0.019026174190928197 -0.018908626941119895 0.0055735399301903481 -0.028477254247435073 0.0029293363904035743 0.020289171319813535 0.019123491015580897 -0.018256206754957701 0.0085028478951295269 -0.023199396897734075 -0.016264235770104767 0.011796936651182224 -0.023051419094943737 -0.030416505404548346 -0.0073091865896915114 0.016631972251140274 0.013089703319561261 0.007361058702109115 -0.023151531414642209 -0.033315026646884405 -0.028681983618859857 -0.0021998965008513879 0.029276137540282826 -0.026812025787665672 -0.030793000208115536 -0.034214203737825744 -0.025322351142756046 -0.0001237646784326234 0.012746783350828022 -0.026985242494983692 0.013700510417722987 -0.026285308497490958 0.032971919134321195 -0.024306125526940794 -0.032980267840169428 0.0059234411015851489 0.035397613576499905 0.023589053769742692 -0.010255780934677695 -0.0075093473027021363 0.032890002920389058 0.037829779880626198
leaf_weight=0.21849715709686179 1.196164309978484 12.602094799280165 8.9211548119783384 31.208457171916962 18.618151217699051 10.63571357727051 8.350226089358328 7.2243731915950766 9.0553795546293241 6.425636142492297 22.028668567538261 12.247667834162714 5.7692997902631751 4.3887397199869147 6.2169954776763978 243.24282522499561 11.058906748890879 4.3259872943162909 8.4595772475004214 5.5843459814786893 15.865562885999678 5.9586569666862479 10.045268401503561 6.9544861018657711 11.201646268367766 7.4204218238592139 6.9415539503097516 5.1104243844747543 11.585349544882776 8.7868736386299116 4.9460229277610779 10.604014500975607 6.7410579621791857 1.5805594325065602 3.5588928014039984 14.685229003429411 6.0181099325418499 6.2298648357391357 86.73994068801403 0.62782604992389579 0.62757721543311973 5.5957415997982052 17.638492286205292 0.66420701146125694 0.68156446516513725 0.42457133531570335 93.749020174145699 9.2364160269498807 5.5164375603198996 9.0472034960985201 7.2717068493366224 3.905050590634346 22.721352681517601 20.64326199889183 0.41732126474380393 7.3263991177082088 45.504060313105597 8.2229678928851957 8.7823000252246839 5.1245812326669684 160.1817049831152 13.542740762233732
leaf_count=1 5 30 20 52 37 25 29 13 23 24 89 28 20 23 29 1041 44 14 31 17 39 26 30 34 37 20 20 21 29 37 26 28 31 8 10 38 15 20 411 3 2 18 32 4 2 2 347 33 14 39 29 19 44 74 2 22 81 19 29 17 274 22
internal_value=-0.000164752 -0.0107663 -0.0166517 0.0255997 0.0186051 0.0178975 0.0223245 0.00100804 -0.00214638 -0.0191387 -0.0140226 0.0133692 -0.0197237 0.00318588 0.00885562 -0.0200661 -0.0172054 -0.0133797 -0.00438396 -0.0179167 0.00857578 0.00288707 -0.012878 0.00103187 -0.00910058 0.0005642 -0.00744761 0.0032733 0.00309116 -0.00517085 0.00456276 0.0261012 0.0180491 0.01444 0.0222514 0.00487095 0.0248288 -0.00844447 -0.0200437 0.0268437 0.0288883 0.0292377 0.0216954 0.0293928 0.0298675 0.030362 -0.0233529 -0.0142553 -0.0021434 -0.0210849 -0.0122212 -0.000270147 0.0288085 -0.0197253 0.0309146 0.0312832 0.0316427 0.0257695 -0.0233736 -0.0238374 0.0327948 0.0324497
internal_weight=1116.21 790.805 656.091 325.4 165 134.714 103.706 80.9887 73.7643 575.103 35.4728 110.557 560.223 13.4441 38.2915 554.454 297.304 183.26 61.4393 121.82 24.3251 14.8798 37.1142 30.4038 18.1561 25.6894 18.269 12.052 31.0079 20.3722 10.5304 89.8394 80.1532 61.5351 33.8789 27.6562 32.2984 12.9709 111.29 88.6432 78.0392 54.4427 23.2342 77.4114 76.7838 76.1196 114.044 20.2953 13.8667 106.964 20.224 11.1768 28.7395 27.0689 75.4381 75.0135 74.5962 29.0921 257.15 248.367 160.4 21.7657
internal_count=3603 2924 2598 679 404 326 235 268 255 2330 135 302 2284 46 120 2264 1177 753 198 555 70 46 128 99 71 90 70 41 91 66 43 192 203 166 77 89 69 51 512 187 159 102 50 156 154 150 424 77 43 498 87 48 59 98 148 146 144 63 1087 1058 275 41
is_linear=0
shrinkage=0.03


Tree=43
num_leaves=63
num_cat=0
split_feature=19 19 37 54 29 57 29 70 55 73 88 81 72 39 29 29 72 37 10 80 40 54 84 80 40 26 72 34 28 14 43 17 4 44 57 80 17 55 72 44 50 59 29 55 14 72 17 82 84 73 17 86 45 7 47 9 84 84 28 34 9 14
split_gain=64.4735 58.8363 44.0882 29.6843 15.2256 14.3646 13.8569 12.3239 10.4227 9.7298 9.31412 11.0815 8.48784 8.19144 7.15902 7.03297 6.79708 6.59375 7.61671 6.56008 6.53908 5.40803 6.30283 5.38592 7.45386 5.34287 5.10014 5.00233 4.97177 5.92764 4.67785 4.54764 4.51679 4.38726 4.34739 5.34862 4.41045 4.32582 4.29435 4.55806 4.29193 4.93348 4.55309 7.051 4.27598 4.27266 4.1825 7.74282 4.04076 3.92112 6.91243 3.7388 3.73683 3.68071 4.04934 3.83823 5.26878 5.93678 3.64049 3.45803 3.424 6.58599
threshold=-1.0000000180025095e-35 1.0000000180025095e-35 0.0062952564869617504 50.283409989483594 -1.0000000180025095e-35 2.5866354968977499 1.0000000180025095e-35 84.349998474121108 -0.80376047149606566 0.21657774274187605 21.168544594840139 52.577393054122425 37.319086806858515 105.81000137329103 1.0000000180025095e-35 -1.0000000180025095e-35 63.606263827464581 0.0043674650043562507 58.728586196899421 16153600.000000002 83.505001068115249 49.440381356860591 0.028559273342405555 11931800.000000002 120.02999877929689 0.045539897630472809 78.179356660533116 64750750.000000007 0.12372138514156636 23600850.000000004 18433800.000000004 0.0084200535086088515 168306000.00000003 68.117897268231005 2.7366376017862666 10993000.000000002 0.011401223131535552 -0.48717207574664551 35.22935797812405 38.07489772502413 15.954999923706056 2.7595000267028813 1.0000000180025095e-35 -0.91595487797699693 33096100.000000004 49.051570485365879 0.014204862095144951 0.034165659765969608 0.030238072621089952 0.56082328514814617 0.025077175907601303 9.1962400726849829 -2.5268553254348869 0.013182040067305051 0.11645137973170566 -1.0000000180025095e-35 0.023816515276907854 0.017848230623360651 0.097849005913491063 121536700.00000001 1.0000000180025095e-35 51380600.000000007
decision_type=2 2 2 2 2 2 2 2 2 2 2 2 2 2 2 2 2 2 2 2 2 2 2 2 2 2 2 2 2 2 2 2 2 2 2 2 2 2 2 2 2 2 2 2 2 2 2 2 2 2 2 2 2 2 2 2 2 2 2 2 2 2
left_child=4 2 5 13 -1 9 10 12 25 16 11 32 -5 20 15 59 17 21 58 -16 -4 22 -2 -13 -25 -6 40 -11 -12 -30 46 -7 -3 49 36 -36 37 -10 -22 -40 41 -15 53 -44 -45 -39 47 -14 -33 -17 -51 -37 -8 54 -42 -55 57 -57 -19 -9 61 -54
right_child=1 6 3 7 8 31 52 14 34 27 28 23 30 26 19 33 -18 18 -20 -21 38 -23 -24 24 -26 -27 -28 -29 29 -31 -32 48 -34 -35 35 51 -38 45 39 -41 42 -43 43 44 -46 -47 -48 -49 -50 50 -52 -53 60 55 -56 56 -58 -59 -60 -61 -62 -63
leaf_value=-0.021350113916024038 0.029289437658512739 0.012493858008875642 0.03925396571484014 0.021513853022463572 0.0011673666906717489 0.0095237111396999554 0.017063011776968021 -0.011386614358162754 -0.025239922769114312 0.0057157337463173133 -0.014290079246410826 0.031153821554609041 -0.013655034009032244 0.036145469870610625 0.025424328874272633 0.032081772971552958 -0.01847098274041056 -0.0094230690893804276 0.02995197979229209 -0.010616099987692635 0.021897054909123262 -0.015229106553244824 -0.0066267654290510193 -0.0050331980699942283 0.021437947119661807 0.033820873463481095 0.004505530184131701 0.036599246481060332 0.026636500510660938 -0.0092628052155561569 0.011736997691046554 -0.016147340242947599 -0.0099602463791728813 0.0054588002697104898 0.013001626353511651 0.0025310911742483099 0.019309262154726718 0.018762161868297711 0.01596174404306373 -0.0083886823823026337 -0.0038398513514594956 0.0045295924265558391 -0.0083449024013706879 0.0087287548955259347 0.042235382517105291 -0.011062044885227763 -0.017442332504800154 0.022558958175506801 -0.00063155857891562524 -0.0078579137702054144 0.035690676219239673 -0.020289666200917756 -0.016689792502517304 0.0096691107306386137 0.028670309806507074 0.032451200620907034 0.034208191366707781 0.0045523985232317201 0.021255381202206151 0.016444698063576835 -0.022014431939265593 0.011339913674149323
leaf_weight=119.06552569568157 7.3124267458915737 9.8422894179820997 6.0946947187185279 10.410663843154905 11.0877583026886 9.0571053773164731 2.9837729930877677 9.8944033384323138 8.0907495915889758 7.8465462177991894 60.62455590069294 12.015656962990759 15.219912171363832 43.803725957870483 6.0329454690217998 31.551674619317055 13.70307809114456 10.918191656470304 15.298085913062094 18.434418678283691 11.158364683389662 18.721182927489281 11.031093284487723 19.249355122447014 19.046367153525352 7.6016807556152335 11.255651161074637 11.846902564167975 6.4743595272302654 11.478812143206595 9.6635430157184583 69.788448885083199 44.592496916651726 11.351558104157446 5.7389068603515616 7.4114073961973181 7.3313160836696616 7.3430089652538326 10.646076798439028 19.759095281362534 7.7125197947025281 4.9433647990226737 10.116505295038225 7.211760073900221 6.533011332154274 10.512234002351759 34.540977209806442 8.1637334823608381 19.279531255364418 6.9852410405874235 6.1849337518215179 50.39686344563961 37.134172916412354 10.102285906672476 6.2363594621419907 13.561865925788881 59.669262036681175 13.901180997490881 5.1108286976814261 6.7651547640562049 55.72489857673645 9.4680138975381833
leaf_count=284 30 35 28 40 33 31 11 25 17 25 167 50 40 197 24 135 34 29 63 53 43 50 31 56 73 32 37 52 26 33 34 180 128 37 20 23 27 27 39 54 23 16 29 25 30 28 86 32 58 19 27 119 103 34 26 58 263 46 19 24 151 34
internal_value=0.000196183 0.00382392 0.00904806 0.0145909 -0.013822 -0.00253891 -0.00735829 0.00518028 -0.00606235 0.00535675 -0.00237625 0.00348059 -0.0037019 0.0213841 0.0123078 0.01703 0.00081391 0.00467786 0.0148101 -0.00172957 0.0102344 -0.00388592 0.0076908 0.0136304 0.00813222 0.0144487 0.0241084 0.0242942 -0.0101836 0.00368338 -0.0075859 -0.0107293 -0.00590035 0.0221148 -0.0100215 -0.0146216 -0.00123699 -0.00704255 0.0059791 0.000137384 0.0253089 0.0329394 0.0225546 0.0106638 0.0246548 0.00120323 -0.0108095 -0.00101195 -0.0127888 0.0263426 0.0125932 -0.0173639 -0.016031 0.0251065 0.010695 0.0271739 0.0292034 0.0183295 0.000358708 -8.48058e-05 -0.016996 -0.0109951
internal_weight=1141.03 906.453 617.818 417.905 234.579 199.913 288.635 175.199 115.514 101.788 183.324 104.746 77.9988 242.706 97.2003 72.733 82.0949 68.3918 31.3271 24.4674 47.6582 37.0647 18.3435 50.3114 38.2957 18.6894 195.047 19.6934 78.5777 17.9532 67.5882 98.1251 54.4348 56.0734 96.8245 63.5472 33.2773 25.946 41.5635 30.4052 183.792 48.7471 135.045 23.8613 13.7448 17.8552 57.9246 23.3836 89.068 44.7218 13.1702 57.8083 105.311 111.183 13.9489 97.2346 87.1323 27.463 16.029 16.6596 102.327 46.6022
internal_count=3603 2993 2126 1524 610 602 867 576 326 333 568 342 232 948 344 267 256 222 111 77 164 111 61 179 129 65 784 77 226 59 192 269 163 218 261 162 99 72 136 93 747 213 534 84 55 55 158 72 238 181 46 142 299 450 49 401 367 104 48 49 288 137
is_linear=0
shrinkage=0.03


Tree=44
num_leaves=63
num_cat=0
split_feature=19 29 9 29 29 9 19 84 54 83 29 17 29 15 54 88 81 37 65 67 68 46 56 8 6 52 42 54 59 81 56 54 54 81 25 44 25 64 39 50 15 26 89 11 66 4 47 66 17 25 26 26 47 68 59 45 12 74 56 55 0 44
split_gain=190.875 105.865 45.2262 26.9977 14.9579 12.8019 12.1724 11.1722 10.713 10.2824 9.95033 9.31154 8.21944 8.34283 7.36402 6.96907 8.52255 6.93344 6.836 7.30076 5.93813 6.73452 5.72963 5.71835 5.34876 9.77809 6.27866 5.28008 7.66853 5.14355 5.13335 5.11973 5.10228 4.94073 4.80473 4.67118 4.42907 4.41279 4.4018 4.39141 3.92809 3.639 3.57427 4.09356 3.53877 3.51297 3.46349 4.71206 3.4376 3.38576 3.22889 3.19275 3.27278 6.19635 3.04183 3.02308 2.73295 4.37815 2.4455 6.91733 3.40922 2.52774
threshold=1.0000000180025095e-35 1.0000000180025095e-35 1.0000000180025095e-35 -1.0000000180025095e-35 -1.0000000180025095e-35 -1.0000000180025095e-35 -1.0000000180025095e-35 0.031047069959586154 56.323254882878139 0.0083974994003657519 1.0000000180025095e-35 0.016289434382945403 -1.0000000180025095e-35 76.019321597007789 33.011320988600914 20.671737824135658 54.076655096087698 0.0040186195883121509 0.023977532955335903 81.655002593994155 97.68500137329103 0.014685047439840152 0.11532256371624511 0.073245652506159969 0.37111899068496795 15.72499990463257 166.90999603271487 48.260176468586259 1.5925000309944155 68.574658870431833 0.07461756982581641 69.519263029199806 39.51503167295224 43.553971212421303 61.573398067502012 63.364490522841216 39.464213661815513 0.013674334384574853 115.67499923706056 26.105000495910648 72.168423678973284 -0.46244743957686291 73709079.500000015 21.612929486409843 0.25397307914245154 631899800.00000012 0.11801394545778622 0.24955163807527259 0.0087743601124860519 23.863551488033348 0.37267965712272938 1.3717494403918489 0.11003286976772216 80.604999542236342 0.67649999260902416 -1.6595416512575694 21.505679031291304 0.0060970137995821506 0.063716609878901515 -0.20846792042768666 124.96753311157228 82.037914294495792
decision_type=2 2 2 2 2 2 2 2 2 2 2 2 2 2 2 2 2 2 2 2 2 2 2 2 2 2 2 2 2 2 2 2 2 2 2 2 2 2 2 2 2 2 2 2 2 2 2 2 2 2 2 2 2 2 2 2 2 2 2 2 2 2
left_child=1 2 4 27 54 18 33 12 22 11 14 17 50 20 29 16 23 37 19 -5 21 32 24 45 25 44 36 -2 -29 -7 -25 38 -14 -3 -35 42 -26 40 -19 -9 -6 -34 -18 -44 -8 -16 47 -38 -10 -11 -4 52 53 -40 -1 -12 57 -27 59 60 -51 -60
right_child=3 6 7 5 9 10 8 39 48 49 55 -13 13 -15 15 -17 35 31 -20 -21 -22 -23 -24 30 26 56 -28 28 -30 -31 -32 -33 41 34 -36 -37 46 -39 51 -41 -42 -43 43 -45 -46 -47 -48 -49 -50 58 -52 -53 -54 -55 -56 -57 -58 -59 61 -61 -62 -63
leaf_value=0.04211117970048496 -0.023244187501699605 0.011021274133122172 -9.0687606084368546e-05 -0.01638806127645636 0.0066723884742875402 0.011231851870434888 -0.024885063025974086 -0.020499057306506564 0.0022051482442381433 0.0034493024363004342 0.010909041280744347 0.020071198144517254 9.0062048924211883e-05 -0.017777374637018995 0.034782380868788883 0.027364318671945533 -0.0088305092378813226 0.0040293697768561771 -0.023552551227667556 0.021694797958875769 -0.014611269058122706 -0.0095036071778434716 -0.02057290318514535 0.02228051756912014 0.042031082782768348 -0.012090423860763777 -0.0047229984781700174 0.033806355970633806 -0.010448041824668739 -0.029585527189295788 -0.013679950607927352 0.013397784526915375 0.0021574599659157805 -0.025213751282518789 0.0063627112585333033 -0.021706653419632706 -0.0043692077647702254 0.019611789393234907 0.0062756061691195582 0.0071442994516536769 -0.027654544012173755 0.027199889490012622 0.00071772762242070919 0.031649278172318308 0.0046348662327152278 0.014167619335624285 0.032879200637978861 0.029474772266451739 0.02996616061056365 -0.021861032943299438 -0.026470925989807929 0.0046497931710751152 -0.026964171572760039 -0.024277709637987744 -0.02513754460981895 0.03097046998538042 0.024797340314955042 0.02168897077908321 -0.021893179106938793 0.0068392572354937153 0.0039692914787412955 0.00091635499002930038
leaf_weight=0.60738760232925315 12.595468789339067 11.450680628418924 9.1699276715517062 6.3893240392208162 7.5669730901718157 7.2287009656429273 10.026976481080053 22.615469977259639 4.3999617397785178 6.3158716112375251 7.1807357668876639 10.549474552273749 9.4560061693191511 8.1713182181119901 24.056420907378197 66.836986258625984 7.8845293968916002 8.6623345613479596 6.9334706813096991 15.573316484689711 5.9073941260576239 7.7463380694389334 5.115478813648223 7.8606599122285825 9.9947292506694776 6.4463507384061831 7.723600059747695 4.955396547913554 12.200401425361632 4.5133451372385025 6.5493330955505371 5.7503213584423056 5.9438038319349209 12.158820748329164 6.7416469603776923 6.1988311707973471 8.9844651371240634 10.232333227992056 9.662474453449251 6.7056218534708014 4.9712836146354675 43.029909163713462 7.7912102490663511 7.6136501729488373 5.7510359287261954 10.770820692181585 9.1955262720584852 6.2977379858493796 45.819572374224663 40.9422257989645 7.6673225611448279 4.8338283896446219 32.893041864037514 15.649426251649855 180.73707546293736 115.46941030025482 13.975806906819342 7.4374573826789856 128.435786485672 11.732947781682013 5.1806228607892981 4.5267283469438544
leaf_count=2 40 27 25 22 25 20 48 98 13 22 20 27 37 39 51 156 36 29 24 39 29 30 27 21 19 29 26 10 34 24 24 15 18 43 21 31 35 23 25 25 17 108 30 19 20 26 22 13 102 196 25 16 130 55 520 240 38 22 617 36 19 23
internal_value=-3.549e-05 -0.00813716 -0.0139441 0.0187993 -0.0180772 0.0214285 0.0127065 0.00205204 0.0164122 -0.0140515 0.0233907 -0.00673802 0.00695314 0.0109512 0.0183966 0.0202402 0.0141918 -0.00955998 0.00241729 0.0106158 0.0142079 0.0167805 0.0102711 0.0218307 0.0121093 0.00474517 0.0197251 -0.00849436 0.0023347 -0.00445731 0.00593651 -0.0138384 0.0202651 -0.00452942 -0.0139507 0.00143712 0.0252027 0.00499265 -0.0160227 -0.0141771 -0.00693787 0.0241606 0.0075972 0.0160052 -0.0141251 0.028407 0.0183314 0.00957777 0.0275339 -0.0181611 -0.0121037 -0.0187782 -0.0207238 -0.0126144 -0.0249123 0.0297959 0.0154322 0.00600496 -0.0188763 -0.0137278 -0.0189597 -0.0211166
internal_weight=1125.79 787.183 615.663 338.602 489.25 308.851 171.52 126.413 141.169 307.906 279.955 110.771 97.092 80.2548 157.304 145.562 78.7255 100.222 28.8961 21.9626 72.0835 66.1761 90.9492 49.2372 85.8337 43.6376 42.1961 29.7513 17.1558 11.742 14.41 77.4514 58.4297 30.3511 18.9005 29.4882 34.4725 22.7706 71.7011 29.3211 12.5383 48.9737 23.2894 15.4049 15.778 34.8272 24.4777 15.2822 50.2195 197.134 16.8373 63.0388 58.2049 25.3119 181.344 122.65 27.8596 13.8838 190.818 57.8558 46.1228 132.963
internal_count=3603 2736 2231 867 1797 783 505 434 414 1275 698 362 311 261 438 394 238 335 85 61 222 193 299 122 272 157 115 84 44 44 45 270 163 91 64 116 89 65 255 123 42 126 85 49 68 77 70 48 115 913 50 226 210 80 522 260 89 51 891 251 215 640
is_linear=0
shrinkage=0.03


Tree=45
num_leaves=63
num_cat=0
split_feature=29 19 9 9 19 29 5 26 18 50 45 9 65 37 19 4 40 36 17 58 52 56 66 66 54 45 15 5 29 15 81 43 73 64 55 34 45 66 65 47 4 5 73 44 36 4 34 80 25 55 26 46 55 56 17 51 80 46 84 25 73 52
split_gain=319.817 141.15 30.89 17.3955 9.54196 9.33503 10.004 8.83216 9.81653 12.5929 7.76948 7.6996 6.7186 6.43924 9.85234 8.66236 7.18063 6.18609 10.9723 5.75124 5.0396 5.01699 5.64139 4.8881 4.65452 6.32564 7.39814 4.09733 5.75111 4.70164 4.20616 5.20102 4.0309 3.89833 3.80222 3.67594 3.64088 4.85765 4.88518 4.40743 3.47087 4.30509 3.37269 3.32853 6.45322 3.26384 3.15183 2.88333 2.58956 2.56131 4.7297 2.54824 2.44083 2.73221 2.36357 2.40316 2.14787 1.98137 1.96389 1.6974 1.68959 1.50511
threshold=-1.0000000180025095e-35 -1.0000000180025095e-35 -1.0000000180025095e-35 -1.0000000180025095e-35 -1.0000000180025095e-35 1.0000000180025095e-35 71.68129051436047 0.19446707772167923 0.022489009962559404 13.805000305175783 -1.2511788614665134 1.0000000180025095e-35 0.025071330483011755 0.0062523101773901005 1.0000000180025095e-35 455375200.00000006 108.77499771118165 1.1543717149644019 0.014316498255112602 2.4305000305175786 12.135000228881838 0.053233307521574909 0.19431961877983969 0.084612586409499771 57.889782066823081 0.54143195398560817 44.238642413706351 66.590777200731182 1.0000000180025095e-35 71.249290616902172 69.501159419375625 9800650.0000000019 0.30594404834143069 -0.094859001855350983 0.57349700340613741 172199000.00000003 -0.59756920266653413 0.25397307914245154 0.010038498851727152 0.10241026151325937 743290800.00000012 46.455202179231975 0.19858509808331345 54.688708267275146 1.2038971467180348 1196781600.0000002 68629500.000000015 11421900.000000002 24.595917081981479 -0.076316209214072936 0.40967415868443174 0.0086812896376815517 -1.2269106701675179 0.035816823762050302 0.0047039629923705008 11.215000152587892 22320400.000000004 0.0057675547792523504 0.018328706016837403 62.921436188651079 0.61187541762672037 10.934999942779543
decision_type=2 2 2 2 2 2 2 2 2 2 2 2 2 2 2 2 2 2 2 2 2 2 2 2 2 2 2 2 2 2 2 2 2 2 2 2 2 2 2 2 2 2 2 2 2 2 2 2 2 2 2 2 2 2 2 2 2 2 2 2 2 2
left_child=3 5 7 -1 49 6 33 19 -9 46 -11 13 36 14 15 20 17 40 -19 -3 57 -7 -23 -14 -18 60 -27 28 30 -29 31 -22 -25 -2 35 -21 -6 42 -39 -40 -15 -42 43 -38 -45 61 -10 -35 -49 50 -5 -12 -50 -54 -55 -56 -8 -4 -41 -20 -26 -13
right_child=1 2 11 4 12 21 56 8 9 10 51 45 23 16 -16 -17 24 18 59 34 27 22 -24 32 25 26 -28 29 -30 -31 -32 -33 -34 47 -36 -37 37 38 39 58 41 -43 -44 44 -46 -47 -48 48 52 -51 -52 -53 53 54 55 -57 -58 -59 -60 -61 -62 -63
leaf_value=0.031929897384918561 -0.028710367048786198 -0.026929440284957161 -0.0077465999947705765 0.0013131988836397703 0.029141324004058829 0.020085144361359743 -0.011710419874579582 -0.018628114257254882 0.0041726136215364251 -0.027461571412641644 0.020050086883785886 -0.01332472597089268 0.015551696118671528 -0.024053490073298218 -0.024453736689477798 0.022762912965493143 -0.024532113460831277 0.036106190500706174 -0.027399678056788158 -0.0064228156451217825 -0.011605982188480263 -0.020309386523903045 0.011037119584607942 -0.023909425665265702 -0.026295570052886741 -0.015491398819508041 0.027560226520778268 -0.027165477902204124 -0.014151118030656938 0.0012548209686153394 0.0330715014522222 0.022778185114584553 0.0044753422830106091 0.011411375716049327 -0.02012255823083102 0.026145085842887793 0.02060510375318416 -0.0301297791244283 -0.0073733575531352066 0.012792933436941531 0.0082996580405991418 -0.021412958761177329 -0.019997013585599143 0.015670869202783204 -0.029652356945200086 -0.00033021128056395067 -0.027412037148792395 -0.032845829749813975 0.001365389248770228 0.034782795996308007 0.029520994800953621 0.038971540756447313 -0.030475211772236388 -0.028324979540350834 -0.026605515785644955 0.031167299397936388 0.012424280053872701 -0.026674857818235982 0.032057727286725464 -4.2410222920260798e-06 -0.0065178120101935817 -0.024493203152484148
leaf_weight=159.47774210572243 1.1845226138830174 12.785448774695398 7.473064377903941 7.3878969252109554 18.630721792578697 10.263812005519869 8.2981797307729703 9.4045785665512067 5.8451440632343274 2.2390127927064887 11.305085942149168 11.481562092900274 12.277122288942339 20.774939805269241 32.69740517437458 8.9875636696815473 137.8288779258728 6.5456553548574439 4.803528428077696 6.7370302677154559 8.7933878898620623 10.980938315391542 9.7595532834529859 8.5623857676982897 19.073112264275554 8.4901070892810804 6.2274035811424246 11.172993943095209 11.523277774453161 9.8638269752264005 6.1480202525854102 7.2019835859537116 9.4968163967132551 10.619972139596937 6.1612850427627555 5.8082005083560944 11.529980108141904 1.5660275369882573 3.5579079538583747 6.0245397984981564 9.1559202820062655 8.4291858077049238 4.2259836643934241 7.2428771853446943 4.6377193480730057 5.4283188581466666 5.5372028052806854 0.62297481298446555 2.8596176654100409 27.424695745110512 19.392586261034012 14.78134526312351 0.6749710738658895 0.61674094200134177 0.6538449227809896 72.532945722341537 5.5304960161447516 14.902750119566916 22.733492717146873 3.5323050320148468 4.8826769739389411 200.55311883985996
leaf_count=275 5 55 23 21 37 24 29 40 19 9 30 43 28 96 109 22 755 14 27 29 30 39 28 38 79 28 18 45 39 28 15 17 33 28 22 14 26 8 10 15 30 42 19 21 23 13 23 3 10 45 36 27 2 2 4 138 14 63 44 15 17 762
internal_value=-0.000182531 -0.0105778 -0.0163961 0.0248677 0.0180291 0.0173719 0.0216941 0.00097943 0.0089315 0.0154588 0.0261684 -0.0188707 0.0129711 -0.0161067 -0.010435 -0.00510916 -0.0190386 -0.00938185 0.00703616 -0.011422 -0.00835909 0.00293028 -0.00555911 0.000946385 -0.0219515 -0.0127545 0.00272499 -0.00345304 0.0030371 -0.0138397 0.0119817 0.00387563 -0.00898269 0.0253532 -0.000823008 0.0086555 0.0175225 0.0140038 0.0216173 0.024125 -0.0157511 -0.00594269 0.00466962 0.00912234 -0.00202154 -0.0233004 -0.0111925 0.0260761 0.0280738 0.0283386 0.0217393 0.0307715 0.0285645 0.0296088 0.0301583 0.0306512 -0.00205824 -0.0203532 0.0280219 -0.0157909 -0.0222645 -0.0238884
internal_weight=1105.34 781.174 646.575 324.168 164.691 134.599 103.594 80.6043 49.1124 39.7078 28.3254 565.971 110.486 348.508 118.764 86.0669 229.744 53.2415 14.8815 31.492 77.0793 31.0043 20.7405 30.3363 176.502 38.6733 14.7175 54.7035 33.6667 21.0368 22.1434 15.9954 18.0592 89.7656 18.7065 12.5452 80.1493 61.5185 33.882 32.3159 38.36 17.5851 27.6366 23.4106 11.8806 217.463 11.3823 88.5811 77.9611 54.2052 26.7805 26.0864 77.3381 74.4785 73.8035 73.1868 13.8287 22.3758 28.758 8.33583 23.9558 212.035
internal_count=3603 2924 2598 679 404 326 235 268 148 108 66 2330 302 1512 391 282 1121 224 56 120 260 91 67 99 897 142 46 174 101 73 62 47 71 192 65 43 203 166 77 69 168 72 89 70 44 818 42 187 159 102 57 57 156 146 144 142 43 86 59 42 96 805
is_linear=0
shrinkage=0.03


Tree=46
num_leaves=63
num_cat=0
split_feature=54 56 54 17 55 56 56 35 73 3 25 7 7 0 54 54 36 51 25 73 73 11 16 25 49 8 25 25 18 17 7 55 48 51 13 17 34 4 12 15 18 72 56 58 73 63 35 56 17 7 66 14 75 6 35 80 36 38 38 75 26 47
split_gain=61.5984 27.5925 18.3623 13.5327 15.4507 12.1079 11.7715 12.5467 11.4933 11.228 8.62412 7.52862 6.64322 7.56061 7.26994 6.43071 7.30576 6.14703 6.03663 6.32383 8.56324 5.56991 5.5635 7.47405 8.31576 6.6746 6.94654 5.4942 5.30346 5.18463 4.92812 7.2541 6.12039 5.69517 7.38799 6.23169 4.87084 4.82056 7.80885 4.78518 4.47761 5.66722 5.77365 4.79738 4.51172 4.54187 4.15001 4.12681 4.12208 4.03935 3.74947 3.55979 3.52547 6.72335 5.88508 3.61621 3.52463 3.47645 3.3587 3.21116 3.25303 3.18129
threshold=57.083729006780125 0.07161286216696186 33.011320988600914 0.0093891285988394017 -0.076316209214072936 0.12113621787449021 0.046181241398554007 56.328171239333891 -0.21729029979155709 25.13329018333587 78.059003645368705 0.0083351390073124528 0.012185295299836552 16.018938064575199 26.40329535522898 72.181830407583348 -1.8989174946162561 24.375000000000004 41.827853882883126 0.27297535111819832 0.76606092523439184 21.760009942966775 3.8549773242895502 48.390051253729062 22.739999771118168 0.083753834569836053 62.37024731173603 65.423467213612483 0.033220046220579551 0.012198934777249452 0.019634705582479501 0.42434917486145279 1.0000000180025095e-35 19.144999504089366 22.863601507785564 0.016545620357612204 74553550.000000015 808773000.00000012 19.162352569822982 45.497930525545982 0.047862781204989407 34.898243735558864 0.03803134477976166 3.2779999971389775 0.17686475793711762 55.777163621908294 65.096747433527639 0.14137853893776173 0.018451865123167904 0.0099810056463835017 0.24439699755126085 20309150.000000004 1.1382919003487806 0.30095309542073245 72.60922682327822 13538600.000000002 0.30831135683011729 0.11219937823379351 0.11547457940026716 1.1405185728218743 1.5444935317317958 0.11450795050213396
decision_type=2 2 2 2 2 2 2 2 2 2 2 2 2 2 2 2 2 2 2 2 2 2 2 2 2 2 2 2 2 2 2 2 2 2 2 2 2 2 2 2 2 2 2 2 2 2 2 2 2 2 2 2 2 2 2 2 2 2 2 2 2 2
left_child=1 3 -3 11 6 8 10 18 17 12 40 36 13 -9 21 16 47 -4 28 39 -21 -14 23 -11 25 -25 -27 -6 56 -29 33 32 46 34 -10 49 51 -18 -39 -20 41 42 -5 -44 -43 -46 -32 -2 -42 -36 -33 -1 53 -13 55 -55 -8 -16 -35 60 -28 -52
right_child=15 2 5 4 27 -7 7 9 30 22 -12 52 14 -15 57 -17 37 -19 19 20 -22 -23 -24 24 -26 26 59 29 -30 -31 31 50 -34 58 35 -37 -38 38 -40 -41 48 44 43 -45 45 -47 -48 -49 -50 -51 61 -53 -54 54 -56 -57 -58 -59 -60 -61 -62 -63
leaf_value=0.0065361066023859387 -0.0029649130092239857 0.030717402281483092 0.031715456385162662 -0.017158641397963127 -0.014158656680223774 0.023679907798301224 0.0074950906445006796 0.030452567322323168 0.033963268570448617 -0.019461332441377373 0.023506918308311194 -0.0174761332117143 -0.013775320924739444 -0.0091565477293888194 0.019592192908442354 -0.020943593245955426 -0.012630459421912902 -0.0063302571709131766 0.0061128746596265078 0.024504855001895802 -0.020198594632282577 0.026949911787527002 0.02731460900662145 -0.01071285993234028 -0.019214283737041527 0.036064742249166518 0.014600909116368747 -0.0093928796896415104 -0.0097205317327330888 0.028320776126753128 0.032864105374748806 0.011002453995640883 -0.00054557167785446734 -0.022424249495393046 0.01743296568372938 0.026247561333111059 -0.0070203873952994758 -0.019834472230329771 0.019854815039815375 -0.022039599751578574 0.026996457434766235 -0.018652011846798672 0.027627728429229895 -0.0049327348136715358 -0.011071589110573028 0.025162195773211347 0.0038432176400762389 0.019073703326923284 -0.0065960531985767394 -0.0038179521319771786 -0.022544671458051942 0.041695081418848534 -0.023839352062443649 0.011803880698203361 0.03259438587973882 -0.013843072065554664 0.036322145681054331 0.035833793979744684 -0.0016719189794847833 0.023012019299399538 -0.01052437502380262 0.0022302812693298845
leaf_weight=6.2486623674631137 31.963073059916496 39.996988087892532 21.188240334391597 8.1405165046453494 55.981869131326675 41.825954884290695 7.9406677931547183 6.889152109622958 6.6363984048366538 11.389593333005903 10.045981720089911 39.384336292743683 6.6009144783020002 11.708506464958189 17.603566154837608 49.549887895584106 206.57678267359734 4.663231059908866 7.052609175443652 10.143581703305246 6.2222058027982703 5.5753882527351379 9.4415985047817212 9.5236520916223508 9.1534089446067792 12.252361401915548 9.0394608825445228 7.4153409302234632 7.3046897351741782 5.8837317824363708 20.889046937227253 15.03909347951412 10.300433620810507 13.900634139776232 9.0827927440404874 8.0783162266015989 11.498152434825895 7.6208408027887371 10.761971861124037 23.674127534031868 6.6883003711700422 41.696806535124779 9.5045331716537493 7.1258655190467826 9.3194412440061551 4.6755476593971244 5.630016863346099 10.051761016249655 6.4657016694545746 70.798951163887978 8.59257321059704 4.4286202043294907 20.770864740014076 7.7775166034698549 4.6907675415277472 13.600217297673224 7.3512073904275894 36.359165087342262 14.178424671292303 9.6953399181365949 9.5242682397365552 10.204282492399214
leaf_count=21 98 172 91 21 149 168 27 29 29 28 39 102 17 32 67 126 573 14 24 41 15 23 39 26 23 54 32 22 20 24 91 53 32 33 34 33 34 19 41 56 27 102 39 20 26 19 19 39 19 214 20 20 49 28 20 36 32 160 45 38 26 33
internal_value=0.000217348 0.00457124 0.0117891 0.000359009 0.00286562 0.00888854 0.00551028 0.00923247 0.00606594 0.0137461 -0.00290792 -0.00906141 0.0213566 0.0055159 0.0258109 -0.0110179 -0.00917572 0.0248526 -0.00143849 -0.00755469 0.00750879 0.00487229 0.00568698 0.00279374 0.00707626 0.0118858 0.0171985 -0.010041 0.011308 0.00729227 0.00355387 0.00986514 0.01908 -8.11374e-05 0.00344054 0.00113767 0.00652849 -0.0113204 0.00340109 -0.0155779 -0.00574248 -0.00839525 0.0035428 0.0136761 -0.0137051 0.00103366 0.0267029 0.00230767 0.0104844 -0.00140166 -0.000162294 0.021119 -0.0130709 -0.00965362 0.00216463 -0.00451235 0.021353 0.0305355 -0.0119454 0.00901858 0.00171018 -0.00909505
internal_weight=1133.32 816.794 301.005 515.788 407.389 261.008 338.108 234.445 219.182 164.756 103.663 108.399 84.7367 18.5977 66.139 316.524 266.974 25.8515 69.6891 47.0925 16.3658 12.1763 80.0197 70.5781 59.1885 50.0351 40.5114 69.2809 22.5966 13.2991 193.331 70.6554 36.8195 122.676 94.5965 87.9601 22.1754 224.96 18.3828 30.7267 93.6167 80.4627 24.7709 16.6304 55.6918 13.995 26.5191 42.0148 13.154 79.8817 33.8359 10.6773 86.2237 65.4528 26.0685 21.3777 15.2919 53.9627 28.0791 28.2591 18.5637 18.7969
internal_count=3603 2707 1081 1626 1316 909 1121 809 741 594 312 310 328 61 267 896 770 105 215 136 56 40 266 227 199 176 150 195 79 46 636 248 142 388 310 281 75 633 60 80 273 227 80 59 147 45 110 137 46 248 106 41 235 186 84 64 59 227 78 96 58 53
is_linear=0
shrinkage=0.03


Tree=47
num_leaves=63
num_cat=0
split_feature=29 29 37 15 27 35 56 35 56 26 85 37 49 54 25 15 35 40 27 56 58 7 68 1 17 50 60 58 66 82 7 58 85 22 89 45 73 42 51 15 5 84 64 69 37 4 72 89 38 37 67 15 59 47 25 46 84 50 55 28 26 54
split_gain=167.918 74.1833 18.2917 15.0626 14.2204 12.5565 12.2231 10.7846 13.9643 10.2651 10.2026 8.16866 16.3368 7.93732 7.03836 9.54556 6.8905 6.92084 6.70608 7.68255 6.33194 6.25569 6.22328 9.6873 6.87867 6.07215 7.02227 6.64254 5.72121 6.12481 6.63789 5.48188 4.97725 5.03637 4.96364 4.90862 4.86577 4.78301 4.77699 4.74916 5.3074 4.43603 7.16499 4.40209 4.3474 4.18823 3.98708 5.88181 3.84792 3.77589 5.53956 8.36024 3.76105 3.55857 5.97868 4.20848 3.51362 3.33032 3.30624 3.25856 5.93977 3.53856
threshold=1.0000000180025095e-35 -1.0000000180025095e-35 0.0057074468155778003 52.024319103428809 0.014656469387201053 56.029780621591492 0.03803134477976166 53.990175726551762 0.08282035436780906 0.99759809756049134 24.9999532699585 0.018723471659977304 24.170000076293949 40.650154322440535 54.524054111441409 52.024319103428809 79.479094081361993 170.43499755859378 0.016074944715892801 0.078308408074218266 3.429999947547913 0.014368152657072251 94.905002593994155 17.654947862167948 0.0087343948956667521 16.224999427795414 2.3174999952316289 2.4695000648498535 0.27622472507024182 0.091994135096536714 0.018714240954882552 1.7685000300407412 7.6142091751098642 18.525958133324966 42137600.000000007 -1.6902665332383575 0.71897315353125191 172.1350021362305 13.63000011444092 63.274891596706595 28.487489816327905 0.020897231197245705 -0.018054363322043295 80.155002593994155 0.0035661666987681505 274012800.00000006 59.05789212657281 81800996.500000015 0.13071265045941868 0.0063700318640923003 91.299999237060561 64.932904410452991 1.6865000128746035 0.12222053857392232 37.361801720719605 0.010104660492296353 0.028718413736534106 11.945000171661379 0.441274410719875 0.079507886092785571 -1.6400960849114339 58.670735859876885
decision_type=2 2 2 2 2 2 2 2 2 2 2 2 2 2 2 2 2 2 2 2 2 2 2 2 2 2 2 2 2 2 2 2 2 2 2 2 2 2 2 2 2 2 2 2 2 2 2 2 2 2 2 2 2 2 2 2 2 2 2 2 2 2
left_child=1 52 3 -3 10 11 -7 20 9 16 13 12 21 -5 15 -8 17 25 19 -17 44 46 23 43 -25 26 45 -28 41 30 -30 -12 33 -13 -29 -23 39 53 57 40 -37 42 -16 -15 -2 -9 47 -4 -10 -27 51 -51 56 54 -14 -56 -1 -24 -48 -46 -61 -62
right_child=7 2 5 4 -6 6 14 8 48 -11 31 32 37 22 28 18 -18 -19 -20 -21 -22 35 38 24 -26 49 27 34 29 -31 -32 -33 -34 -35 -36 36 -38 -39 -40 -41 -42 -43 -44 -45 59 -47 58 -49 -50 50 -52 -53 -54 -55 55 -57 -58 -59 -60 60 61 -63
leaf_value=0.00075305977886234239 -0.031632521606902886 0.024516600592238771 -0.014995903980397473 -0.02384894993017066 0.036367682186358143 0.026045041572069345 0.020021542075068181 -0.021408931168670799 0.0010220942974442804 0.031552787279949444 -0.00099253841379926618 -0.015755743936423875 -0.0046307093502419598 -0.023561473757994264 0.011961179149944781 0.014869510386933045 -0.013180144545555685 -0.012332928860330673 -0.021750799454667354 -0.022434459467177269 0.00071440646969895519 -0.02460599131050583 -0.00080374162301466976 -0.0075087254549730011 0.028579183185673228 0.034164213988248482 0.037951526609231304 0.01812744102920957 0.022164452750887405 -0.017011700911169679 -0.019907701517620557 0.026914612576407839 -0.020894612550552021 0.022279625826968456 -0.018091631063874774 0.012959400603048404 0.020099828016731304 -0.0070517626192850612 0.013676005558112349 0.014320009811180206 -0.013124316250008808 -0.024931006123834316 -0.023454046258781107 0.0091221451793412935 0.031082458936486094 0.011979198572004857 0.023748043693154898 0.012683851726961 -0.028917804387792338 -0.020107561216879715 0.034011961472162462 0.026577025675236818 -0.023273524393373695 0.028746534209480343 0.037594869207518929 0.009953641632385336 -0.01946967944000012 -0.025587632163335147 -0.00071821421663637898 -0.0046603314343291432 0.018422533381458491 0.030847201684286459
leaf_weight=11.807565584778784 1.1894534528255452 35.213652551174164 14.951639354228975 17.549820721149445 10.078278437256811 7.8022496104240409 12.105065733194349 8.8680646419525129 7.6176092624664289 29.491788685321808 10.702019542455675 6.6099373251199705 11.609863281250002 10.148628324270247 8.6717516034841555 14.104756563901903 9.3100534379482252 8.1956821978092176 22.018231332302094 7.6708173751831046 9.8657923936843854 13.520766615867613 7.0554796010255876 6.5735926777124432 17.169543221592903 19.401019439101219 9.1635540276765841 9.7992008775472623 10.050884649157522 20.947778701782227 5.0813940465450278 15.524361148476599 24.845571607351303 5.9567141234874725 5.219147950410842 7.9993539303541175 6.3664733320474616 7.4131442904472342 5.2950546443462363 8.1746350824832898 57.391714110970497 61.216699436306953 12.628792420029638 5.844919651746749 64.490666821599007 5.4651801586151114 13.862018913030626 12.844917163252829 7.8391003310680389 6.6415605396032351 9.3943198174238187 7.1895318329334259 195.22052495181561 19.672629550099373 9.0355827361345309 10.983503594994543 22.404741421341896 15.823132038116453 7.7502654343843451 6.8259617984294882 42.468094378709793 40.118703827261925
leaf_count=31 4 85 52 70 24 20 37 29 32 62 28 26 40 29 33 48 38 25 105 41 26 53 27 24 42 41 18 26 33 96 25 37 114 19 19 22 21 26 12 25 231 335 55 17 137 17 38 36 40 29 21 19 579 49 20 32 69 66 27 22 117 82
internal_value=-3.99236e-05 -0.0072316 -0.00150477 0.00723608 0.00223866 -0.00476176 -0.0106919 0.0187856 0.0127742 0.0160234 -0.000841042 -0.000238325 0.00215111 -0.00586405 -0.0123345 -0.00355842 0.0113808 0.0139403 -0.0100762 0.00172855 0.0240185 -0.0033241 -0.00121628 0.00643068 0.0185878 0.016594 0.00796038 0.0178225 -0.0164709 -0.00650619 0.00803669 0.0155267 -0.0131126 0.00227339 0.00554066 -0.00788874 -0.00506097 0.0154731 -0.0120017 -0.00723842 -0.00993347 -0.020828 -0.00903601 -0.0116171 0.0255009 -0.00867824 0.00530956 -0.00220496 -0.0141624 0.024395 0.0162344 0.00415953 -0.0216656 0.018728 0.0124966 0.0224295 -0.0124903 -0.0179446 0.0149743 0.0259425 0.0222352 0.0244581
internal_weight=1116.25 807.698 578.266 156.978 121.765 421.287 182.298 308.554 143.596 128.139 111.687 238.989 201.577 85.4602 174.496 55.8989 98.6473 89.3373 43.7938 21.7756 164.959 142.862 67.9104 39.7367 23.7431 81.1416 38.5151 24.1819 118.597 36.0801 15.1323 26.2264 37.4122 12.5667 15.0183 93.4529 79.9322 58.7147 28.1737 73.5657 65.3911 82.5172 21.3005 15.9935 155.093 14.3332 49.4088 27.7966 15.4567 42.6264 23.2254 13.8311 229.433 51.3016 31.6289 20.0191 34.2123 22.8786 21.6123 153.903 89.4128 82.5868
internal_count=3603 2799 2120 461 376 1659 828 804 416 344 352 831 672 287 808 231 282 244 194 89 388 505 217 112 66 219 109 63 577 154 58 65 159 45 45 352 299 167 105 278 253 423 88 46 362 46 153 88 72 110 69 48 679 141 92 52 100 93 65 358 221 199
is_linear=0
shrinkage=0.03


Tree=48
num_leaves=63
num_cat=0
split_feature=29 19 9 9 19 29 5 8 39 9 75 56 47 17 37 69 47 28 81 80 66 46 56 83 72 74 25 75 81 61 15 4 82 69 4 25 58 56 74 66 74 28 24 57 72 7 56 61 54 80 54 15 69 25 43 72 73 17 52 69 73 89
split_gain=303.045 135.527 29.9211 16.8252 9.18519 8.75535 9.4819 8.3803 9.84464 7.57628 6.77296 6.33353 7.157 6.30917 6.27642 6.14458 6.74348 6.07 5.8884 5.28422 5.04501 4.8924 4.72167 5.42017 4.63051 4.94527 4.99992 4.86754 4.81591 4.56541 4.64998 4.4241 4.16668 4.06648 3.19401 3.14917 3.13461 3.12853 6.24453 3.00934 3.43182 3.2686 2.8426 2.76726 2.7671 2.75463 2.64376 2.46448 3.52744 2.05469 2.02981 5.53925 1.95663 1.88486 1.7996 4.73579 1.69375 1.60746 1.51115 2.35225 1.48767 1.4606
threshold=-1.0000000180025095e-35 -1.0000000180025095e-35 -1.0000000180025095e-35 -1.0000000180025095e-35 -1.0000000180025095e-35 1.0000000180025095e-35 71.68129051436047 0.12225262509450506 122.12500000000001 1.0000000180025095e-35 1.0876892529420805 0.076251863650880311 0.097571414911174562 0.012051545071887852 0.0085121538714312533 75.735000610351577 0.11520899380733102 0.11882794737549002 70.553037563248196 32313100.000000004 0.26413618661526833 0.005507430897196801 0.053233307521574909 0.0091450114889268016 36.688869251638977 0.0033829094667777006 59.373346499718444 1.1266970998796391 61.473893766503508 1.7915000319480898 76.520719962305989 75450800.000000015 0.044382835777951407 99.540000915527358 1196781600.0000002 60.020274857468472 3.6424999237060556 0.043337484771011105 0.0045258231170736008 0.10072946734932137 0.0023255512668709506 0.026935057781340952 9094150.0000000019 2.4617224878856603 58.706276263819241 0.016330580826013356 0.035816823762050302 2.5204999446868901 41.749306713999324 22320400.000000004 58.859190307220288 48.77068271957652 72.069999694824233 24.595917081981479 4892650.0000000009 61.461475844100931 -0.43963765806227423 0.014846972628595701 10.934999942779543 93.264999389648452 0.057430369777421157 42976554.500000007
decision_type=2 2 2 2 2 2 2 2 2 2 2 2 2 2 2 2 2 2 2 2 2 2 2 2 2 2 2 2 2 2 2 2 2 2 2 2 2 2 2 2 2 2 2 2 2 2 2 2 2 2 2 2 2 2 2 2 2 2 2 2 2 2
left_child=3 5 7 -1 47 6 39 8 13 11 14 12 20 -3 -10 -14 21 19 -19 24 -4 -17 -7 -24 35 61 27 57 -28 45 37 -18 -15 -29 58 -6 50 38 -31 -2 -41 -42 -43 -44 -22 -23 -45 -5 -49 -8 -13 -52 -48 -54 55 -39 -55 -27 59 -11 -34 -26
right_child=1 2 9 4 17 22 49 -9 10 34 -12 36 15 32 -16 16 31 18 -20 -21 44 29 23 -25 25 26 28 33 -30 30 -32 -33 60 -35 -36 -37 -38 54 -40 40 41 42 43 46 -46 -47 52 48 -50 -51 51 -53 53 56 -56 -57 -58 -59 -60 -61 -62 -63
leaf_value=0.03118405830684538 0.0076887254894310898 -0.013187579110302217 0.019535637164047111 0.033176819121736478 -0.012607413403417563 0.019566249357636414 -0.011479866031163187 0.031743966438821415 0.01722103458815738 0.0014023679138106572 -0.024114110475970996 -0.024619163504976213 0.0062569381082931809 0.00069965201647747871 -0.026839120093345551 0.011545463468978239 -0.0033442647879751227 -0.028782432904049336 0.0151349092667098 -0.007783135507674583 0.0037984559618852295 0.017362671751618288 -0.022783400142974728 0.0082268780874897775 0.019376863220895751 0.019109791038928216 0.01437741212285943 -0.010543489454979857 -0.022710690010373902 -0.021950265082093006 0.0053338657411159422 -0.024240699828609769 0.015789402062659736 0.023003638315456435 -0.00033253441354651832 0.017333392618389905 -0.002475213628166357 -0.026400187959595679 0.016710262902672045 -0.031904289481115691 -0.032269985362267481 -0.029644359646102403 -0.026608135671485934 -0.030347084320546273 -0.026599007690689715 -0.0088616854765826217 -0.034558882963383997 0.00092149275165243853 0.027345080055491473 0.012138367078651067 -0.023750688107947168 0.0070659750106694301 -0.033488983946398411 0.01932055451214593 -0.025193250767440792 0.010809755877866112 0.031971014431173658 0.034365085225196414 -0.024280350885524795 -0.025963045136723914 0.033034490325517175 0.034631125940928216
leaf_weight=158.52230723202229 8.4504151493310911 9.2219300866126996 9.8357986509799975 30.864039570093155 7.3187614232301694 10.292683839797975 8.2516199648380262 7.2422854453325263 9.0847160220146161 5.3646497875452024 21.387103721499443 90.72750785946846 11.987437859177588 10.940286859869959 4.280973181128501 8.3328236192464811 10.302881762385367 5.9655624330043775 5.0938986837863922 8.4733976125717145 5.8835415840148908 6.5176804661750785 9.0037049204111117 11.618989661335943 8.0343765616416949 11.415744855999948 7.131517365574835 7.0871292203664762 5.6454286575317383 9.3988776206970197 8.5405673086643201 79.320238441228867 9.2645419985055941 6.0095415562391281 5.4170444309711447 5.5661780685186386 7.4861295372247687 8.0969227999448758 6.2676231563091269 0.89550589025020499 0.82460774481296439 0.76867440342903037 0.81668584048747916 0.67192332446575065 4.973565399646759 8.0665180981159192 0.42784273624420066 6.2266742289066341 16.855195492506027 5.5412728935480109 18.733565285801891 7.2932994961738578 0.42151914536952872 11.15372711420059 37.27093169093132 4.9665632992982855 65.24360066652298 13.649034425616263 196.73625913262367 5.9762232303619385 8.7581670731306058 19.029947534203529
leaf_count=275 23 38 29 52 26 24 29 13 23 17 89 500 35 38 23 28 38 27 14 29 20 16 30 37 19 27 18 27 27 33 30 362 26 14 13 15 30 35 19 3 4 4 5 2 25 31 2 19 31 14 80 23 2 27 161 17 120 25 762 26 18 34
internal_value=-0.000194098 -0.0104006 -0.0161707 0.0242108 0.0174854 0.0169796 0.0211653 0.000964844 -0.00209134 -0.0186352 -0.0136444 -0.01588 -0.0128193 0.00842329 0.00310876 -0.0145648 -0.015899 0.0125285 -0.00855446 0.0148752 0.00397262 -0.0104371 0.00297076 -0.00531196 0.0169876 0.0197397 0.0142337 0.0196722 -0.00200978 -0.0124923 -0.0154957 -0.0218385 0.0153043 0.00484995 -0.0230745 0.000326746 -0.0212939 -0.018191 -0.00648353 0.024727 0.0264996 0.0271507 0.027767 0.0283275 -0.0101264 0.00285798 0.0289033 0.0276317 0.0202169 -0.00199128 -0.0225005 -0.0151152 0.0294187 0.029775 -0.0218349 -0.0122535 0.0301241 0.0274171 -0.0236665 -0.0130182 0.0241697 0.0301027
internal_weight=1094.95 772.059 637.677 322.889 164.366 134.383 103.467 80.18 72.9377 557.497 34.7528 344.002 219.762 38.1849 13.3657 199.069 187.082 110.421 11.0595 99.3611 20.6929 97.4585 30.9154 20.6227 90.8877 78.0027 50.9384 38.1615 12.7769 89.1257 74.5415 89.6231 28.963 13.0967 213.494 12.8849 124.241 66.0009 15.6665 89.6745 81.2241 80.3286 79.504 78.7353 10.8571 14.5842 77.9186 53.9459 23.0819 13.7929 116.754 26.0269 77.2467 76.8188 50.3344 13.0635 76.3973 25.0648 208.077 11.3409 18.0227 27.0643
internal_count=3603 2924 2598 679 404 326 235 268 255 2330 135 1512 879 120 46 805 770 302 41 261 74 370 91 67 232 191 138 93 45 342 295 400 82 41 818 41 633 265 52 192 169 166 162 158 45 47 153 102 50 43 603 103 151 149 213 52 147 52 805 43 44 53
is_linear=0
shrinkage=0.03


Tree=49
num_leaves=63
num_cat=0
split_feature=19 19 56 54 54 9 36 55 54 65 85 38 40 73 72 56 25 74 20 60 54 74 47 82 63 34 52 6 56 28 34 7 55 38 34 41 69 5 54 55 28 63 9 47 28 67 73 54 39 7 50 65 51 67 55 80 74 26 6 27 49 31
split_gain=58.3189 53.0445 29.4085 24.0814 15.1693 12.8413 11.6589 11.5467 10.3947 9.05575 7.85118 8.57623 7.68973 7.1111 9.53028 7.69874 6.85165 6.77378 6.07843 5.97559 5.73275 5.69767 5.65606 6.20488 5.32181 5.20662 5.10135 8.32298 5.70859 5.00816 5.23961 6.00998 4.95726 4.86254 4.8577 4.6509 4.80216 4.58701 5.18239 4.53984 5.83052 4.35854 4.3336 4.2544 4.22809 4.18487 4.11804 3.99932 3.86456 3.8516 5.70479 3.80248 3.74778 3.74397 3.72678 3.69516 3.87451 3.65697 3.48056 3.40393 3.36068 3.34941
threshold=-1.0000000180025095e-35 1.0000000180025095e-35 0.068738112526224762 52.78044413400815 49.832944595916423 -1.0000000180025095e-35 -1.8126251408836538 -0.80376047149606566 53.669561744374981 0.028635932715407302 21.393988609313968 0.1129500670967007 120.40500259399415 0.21657774274187605 46.214571869798569 0.038485073170565758 53.981559458712645 0.0056956703900549006 40.96538162231446 2.8984999656677251 33.808198343036025 0.0050058331276348509 0.11054452995302226 1.0342213967927807 57.961942733070806 167456600.00000003 22.82499980926514 0.088818157093127223 0.088292938505477966 0.11589821704623036 62193900.000000007 0.011757431634632852 -0.25506635061516464 0.13566511811399587 110306400.00000001 118.72500228881837 95.344997406005874 57.146563423546517 46.661925150900402 -0.32444056455965853 0.096866892753595571 64.290719382734537 -1.0000000180025095e-35 0.12500334385452927 0.10705985473043507 85.829998016357436 -0.07568442952433678 42.400344293626155 171.73000335693362 0.011710319206142251 15.204999923706056 0.014759790528266451 10.07499980926514 75.215000152587905 0.08360339670325076 12779600.000000002 0.0029433543876168007 0.59042184347793392 -0.089780366222702981 0.016396091073563251 23.115000724792484 175.7173685059611
decision_type=2 2 2 2 2 2 2 2 2 2 2 2 2 2 2 2 2 2 2 2 2 2 2 2 2 2 2 2 2 2 2 2 2 2 2 2 2 2 2 2 2 2 2 2 2 2 2 2 2 2 2 2 2 2 2 2 2 2 2 2 2 2
left_child=5 2 4 20 9 52 48 17 10 13 11 -3 21 14 15 -2 -11 59 60 -15 -4 -13 37 42 33 -21 27 34 -29 -12 31 -31 49 -16 -20 36 -6 58 -39 43 -41 -26 -24 -14 -38 -23 -28 -18 -5 50 -17 -34 -1 -10 -37 57 -57 -9 -22 -7 -8 -60
right_child=1 8 3 6 35 7 18 55 53 16 29 12 39 19 24 32 47 -19 26 25 22 45 23 -25 41 -27 46 28 -30 30 -32 -33 51 -35 -36 54 44 38 -40 40 -42 -43 -44 -45 -46 -47 -48 -49 -50 -51 -52 -53 -54 -55 -56 56 -58 -59 61 -61 -62 -63
leaf_value=0.023423403748444926 -0.015267862413196319 -0.0093996525140489159 0.034518493411456852 0.026700851473662572 -0.003712196812118658 0.016369404315945659 -0.018080037542796735 0.016474744044491455 0.011007761120600012 0.00079885468845159824 -0.017558576387841595 -0.0093179053453341064 0.041928905475361433 0.028303067016873039 -0.019876364075815611 0.023552634033504855 0.038449739990104821 -0.010961175704378989 0.0087790631282220252 -0.0049720260421728469 0.016564288408626573 0.0015903201283304514 0.010622199678179319 -0.0024233724351523009 0.019971023405802497 0.031826474349196984 0.0084000926225289811 -0.012883586837200216 0.016113976375541874 -0.0065279905074922331 -0.016228867174482006 0.031784647440607758 0.015355115683079339 0.0047264201785143191 0.04357863500309396 -0.0045314116787743448 0.035687638533127161 0.038134250366362872 0.0032691708662176099 -0.0026954336703928542 0.035153239611091368 -0.0070197795518003791 0.030347983969567765 0.0085697978736813171 0.00038591514977549704 0.039312804689231692 -0.023628217018562572 0.012313587949132706 0.0010185708601751827 0.023436528611350167 -0.016086703515805149 -0.01216613496792722 -0.020420459712049546 -0.014677952502718212 -0.017254901616476005 0.0042420113370631356 -0.015499354808383282 -0.013775057164402194 -0.016830693987246993 0.049450019548424991 0.0028969449123811167 0.01223513784801086
leaf_weight=1.7801514267921437 10.237577944993971 32.475913107395172 33.252006739377975 24.457730486989025 27.998376742005348 6.714920639991762 20.258354023098949 8.5779385268688184 5.3377410918474189 9.971731022000311 36.252494752407074 22.585756912827492 10.775981485843657 19.024354562163353 29.15046688914299 6.6946696788072568 16.876710891723636 5.2481417953968039 6.1831009387969962 13.722419276833536 11.056775018572807 6.4548449665307981 11.804045006632803 6.8399004191160193 9.5319399386644381 4.6274313628673545 6.5121862888336173 13.091560810804369 11.457588717341421 7.8978334516286868 10.669472515583037 6.9081120043992996 7.8899567574262646 9.6146215945482236 8.6756047457456571 57.256193771958351 6.3890795707702619 9.5927913039922696 6.3948636502027503 11.854076370596887 5.3012702614068976 12.375485360622404 66.453687325119972 5.0546974539756766 5.8486866056919098 4.4865169823169708 8.1154436618089658 7.661165162920951 6.7226447761058798 33.080515682697296 6.383175864815712 10.573104709386824 122.65996520221233 118.29983052611351 32.467391848564148 10.446961000561712 62.341152787208557 6.194062888622283 9.2378670126199705 4.8010378628969193 10.403440684080122 5.8137543648481378
leaf_count=7 27 96 151 101 85 24 51 31 19 31 98 65 50 79 71 26 78 14 21 41 41 21 41 21 36 20 22 34 42 24 29 29 29 31 40 172 28 44 21 36 23 35 286 18 18 20 19 27 21 131 16 28 301 339 83 34 160 16 23 23 34 21
internal_value=0.00023715 0.00368178 0.00864476 0.0159013 0.0027014 -0.0132853 0.00548009 -0.0055225 -0.00702942 0.00773677 -0.00199857 0.00323749 0.00940774 0.00493632 0.00174147 0.00890336 0.0217681 0.0172872 -0.000293636 0.0165219 0.0234277 -0.000710145 0.0205283 0.0249777 -0.00709503 0.00430775 0.00576035 0.0113763 0.000650167 -0.0103953 -0.000201705 0.0113478 0.0127327 -0.0137743 0.0290976 -0.00533504 0.00313978 0.0115336 0.0241887 0.0196916 0.0090004 0.00472394 0.0273726 0.0312774 0.0188162 0.0170585 -0.00936929 0.0302896 0.0211636 0.0179878 0.00420504 -0.000405275 -0.0197933 -0.013569 -0.00913554 -0.00988961 -0.012666 0.00379067 0.00378422 0.0301608 -0.0109626 -0.00560389
internal_weight=1126.82 898.053 613.698 276.323 337.375 228.764 115.878 104.324 284.355 207.415 160.717 98.9891 66.5131 172.906 135.532 74.859 34.5096 16.7641 84.6973 37.3742 160.446 33.5271 127.194 85.0976 60.6725 18.3499 54.0355 39.4079 24.5491 61.7279 25.4754 14.8059 64.6214 38.7651 14.8587 129.96 40.2361 42.0961 15.9877 32.986 17.1553 21.9074 78.2577 15.8307 12.2378 10.9414 14.6276 24.5379 31.1804 46.1584 13.0778 18.4631 124.44 123.638 89.7236 87.5601 72.7881 14.772 26.1084 11.516 30.6618 15.0516
internal_count=3603 2993 2126 1034 1092 610 385 302 867 706 509 329 233 570 430 257 136 61 263 140 649 106 498 348 173 61 178 137 76 180 82 53 230 102 61 386 131 150 65 127 59 71 327 68 46 41 41 105 122 173 42 57 308 358 255 241 194 47 85 47 85 44
is_linear=0
shrinkage=0.03


Tree=50
num_leaves=63
num_cat=0
split_feature=19 29 9 29 29 9 19 84 83 54 35 12 38 10 81 46 19 15 66 37 36 68 46 54 59 35 81 41 6 50 37 80 26 83 50 65 37 45 9 74 45 18 81 25 25 44 66 73 59 7 14 28 26 28 18 60 36 74 35 80 19 35
split_gain=172.823 95.5413 42.3688 23.2561 14.2087 11.733 11.1915 10.4313 9.66501 9.512 9.05031 11.0348 9.68247 9.89038 7.53012 7.32164 6.98388 6.41781 5.97199 6.97951 6.38685 5.8074 5.32985 5.20088 7.26883 4.94739 4.9247 4.88438 7.92685 7.35411 4.679 4.56292 4.36429 4.3245 4.15915 4.06755 4.02158 6.70021 3.61189 4.71839 5.05448 3.93523 3.56787 3.4939 3.39157 4.84146 3.38444 3.01862 3.0038 2.91213 2.74842 2.70284 2.69131 3.44309 2.60168 3.92862 2.52291 3.9218 2.62333 3.08389 2.63694 2.76193
threshold=1.0000000180025095e-35 1.0000000180025095e-35 1.0000000180025095e-35 -1.0000000180025095e-35 -1.0000000180025095e-35 -1.0000000180025095e-35 -1.0000000180025095e-35 0.031047069959586154 0.0083974994003657519 56.323254882878139 52.545783080531784 44.549594545735609 0.11528362035127766 19.828076362609867 74.954691154671181 0.0087854504626382526 -1.0000000180025095e-35 66.686819189387137 0.30488610452157366 0.0040186195883121509 1.0438071680879946 97.68500137329103 0.014685047439840152 48.260176468586259 1.5925000309944155 38.415745973890587 56.196226019949798 168.06999969482425 0.44366343906592931 16.115000724792484 0.0047680177886016513 7946200.0000000009 -0.51184812035594962 0.0086625154253234509 26.105000495910648 0.021215211211740505 0.0081259585557469007 0.33778376192496756 -1.0000000180025095e-35 0.0042139736997111503 1.1201163852059539 0.048069922813246103 77.913950986471562 23.863551488033348 44.479541635113186 57.463383463675179 0.25397307914245154 -0.81678672105069683 0.67649999260902416 0.011201002206937203 13794800.000000002 0.12680856873892532 0.072340008053185259 0.07885743558813367 0.028928080885487904 2.7244999408721928 2.8781429128870006 0.0033725779546675502 51.01138236413184 23844600.000000004 -1.0000000180025095e-35 41.398596493680962
decision_type=2 2 2 2 2 2 2 2 2 2 2 2 2 2 2 2 2 2 2 2 2 2 2 2 2 2 2 2 2 2 2 2 2 2 2 2 2 2 2 2 2 2 2 2 2 2 2 2 2 2 2 2 2 2 2 2 2 2 2 2 2 2
left_child=1 2 4 23 48 17 25 14 18 27 50 12 13 -12 16 -14 -4 26 19 49 -20 22 32 -2 -25 -3 35 28 29 46 -16 -10 -18 -27 -9 -5 -31 -38 -21 41 -41 -40 51 -33 -30 -46 -8 -11 -1 -6 -7 -13 -34 -54 -55 -56 58 -58 59 60 -45 -62
right_child=3 6 7 5 8 10 9 34 31 47 11 42 15 -15 30 -17 21 -19 20 38 -22 -23 -24 24 -26 33 -28 -29 44 36 -32 43 52 -35 -36 -37 37 -39 39 40 -42 -43 -44 56 45 -47 -48 -49 -50 -51 -52 -53 53 54 55 -57 57 -59 -60 -61 61 -63
leaf_value=0.042161597529181465 -0.022726902785317301 0.014565818983391857 -0.012469266972542924 0.016465395652261114 0.019208995386172781 -0.030206447526712206 -0.019453385798146577 -0.020080338624269386 0.0051758307082038473 -0.031882696436277135 -0.0088335570447156848 0.028037435259688832 0.0093851525143946492 0.028469729732158205 0.0063742841030034253 -0.025337742689204468 -0.0071151807103592762 0.024232352237588971 0.030921329953044023 -0.024491108810442815 -0.0065432514811209104 -0.011428215211110773 -0.0077000222821375676 0.033533509757674496 -0.0096954856230411814 -0.000981489872941809 -0.028766421020638411 -0.011521889185151873 0.033743364158548714 0.028660104006587445 -0.026953970477196346 0.0032537418094669805 0.033732589442554944 -0.028200643552619441 0.0069305487682402691 -0.016452646422750756 0.018207536099591474 -0.022372133365188916 -0.020266229978510353 -0.0085592266857667555 0.02671168841775845 0.0070321905970477131 0.0063044846824953545 -0.026042009714389035 -8.077252649848033e-05 0.02827175519901913 0.0074464493985239022 0.026876173953804126 -0.024688603384787872 -0.0035776860575579992 0.027756533246985966 0.011870572863601488 8.7921008088201496e-05 0.031117208855421779 0.025510352575591162 -0.0076766321086890335 0.0055749767480854943 -0.020455680391547552 -0.024516730035348874 -0.023743367040756212 0.002513218816538848 -0.014736480498400597
leaf_weight=0.60706156492233176 12.161310285329821 8.6124563217163104 10.452645167708395 8.2500209510326439 8.5472889840602893 0.74007076025009055 12.77437797188759 22.137912511825565 7.5278561413288108 0.79961901903152366 9.2756174504756945 62.834101557731628 10.138399407267572 20.610387533903122 6.709671974182128 11.857408866286276 4.9245502203702847 8.3410336822271329 7.340142264962199 20.801347091794014 9.2640481889247877 7.350417047739028 7.1203062534332267 4.9578433930873897 11.911079406738279 12.607484862208368 6.4147508144378653 8.8433991372585279 14.389168098568915 10.164893925189974 8.7157992869615537 6.3292838633060446 13.87549071013928 9.0057893991470319 6.6783839613199225 5.7212010920047751 10.97139096260071 5.4965746551752082 29.315652370452881 10.436566561460497 5.6288486123085013 5.6722534894943228 9.7177172154188138 8.9865374714136106 10.20987990498543 11.555062070488928 6.2784022688865653 49.361689746379852 172.55798429250717 12.328137889504431 142.51092252135277 10.925284728407858 7.4994470924139014 15.885555878281595 8.7358475774526578 5.0754861980676642 8.8193191587924975 12.724817976355551 80.755932301282883 32.615341618657112 13.957105547189711 20.809209853410721
leaf_count=2 40 21 26 22 23 2 61 98 27 2 35 144 32 50 23 57 18 22 19 68 29 32 27 10 34 36 22 37 31 25 48 22 33 34 25 19 33 28 116 37 13 19 30 26 34 29 21 113 520 38 315 33 23 38 23 20 37 57 449 140 51 104
internal_value=-4.93831e-05 -0.00787526 -0.0135124 0.0178946 -0.0176039 0.020319 0.0119023 0.00201587 -0.0136741 0.015457 0.0222012 0.0166388 0.00577362 0.016892 0.0067524 -0.00933312 0.0104142 0.00206441 -0.00655075 -0.00951764 0.0100186 0.0138086 0.0167476 -0.00777185 0.00300969 -0.00466145 -0.00700572 0.00965857 0.0119473 0.00364153 -0.0124571 -0.0177195 0.0198563 -0.0123231 -0.0138204 0.00298549 0.013822 0.00466311 -0.0139539 -0.00966053 0.00379866 -0.0158406 0.0233916 -0.0186511 0.0224427 0.0149717 -0.0105892 0.0259395 -0.0244542 0.00575215 0.0274571 0.0256428 0.022457 0.0182509 0.0228376 0.0133146 -0.0194271 -0.00979976 -0.0207471 -0.0167609 -0.0115559 -0.00781151
internal_weight=1107.62 771.256 600.186 336.367 475.025 307.337 171.07 125.162 301.86 140.844 278.61 135.359 51.8818 29.886 96.3452 21.9958 80.9197 28.727 109.334 92.7301 16.6042 70.4671 63.1167 29.0302 16.8689 30.2257 20.386 90.6831 81.8397 45.6856 15.4255 192.525 55.9964 21.6133 28.8163 13.9712 26.6329 16.468 71.8547 51.0533 16.0654 34.9879 83.4771 184.998 36.1541 21.7649 19.0528 50.1613 173.165 20.8754 143.251 73.7594 51.0718 37.1963 29.6969 13.8113 178.668 21.5441 157.124 76.3682 43.7529 34.7663
internal_count=3603 2736 2231 867 1797 783 505 434 1275 414 698 381 174 85 311 89 240 85 362 314 48 214 182 84 44 91 63 299 262 168 71 913 155 70 123 41 86 61 253 185 50 135 207 886 94 63 82 115 522 61 317 177 137 104 81 43 864 94 770 321 181 155
is_linear=0
shrinkage=0.03


Tree=51
num_leaves=63
num_cat=0
split_feature=29 19 9 9 19 29 5 26 18 50 68 45 64 65 47 9 37 50 45 58 89 24 56 37 7 17 21 5 89 64 55 45 73 14 24 28 72 25 84 27 80 45 84 25 56 45 55 26 74 16 50 45 18 73 85 4 80 36 4 49 48 72
split_gain=287.182 128.516 28.89 16.045 8.74345 8.27988 8.99499 8.1858 9.27767 11.3886 7.60654 7.06292 6.68653 6.08545 5.70924 7.42028 7.83464 6.84262 6.19453 5.49797 5.45308 5.00236 4.49975 4.98303 4.34234 3.98091 4.26109 4.83982 3.74014 3.7164 3.60666 3.36762 4.17322 3.34972 3.11697 3.02571 2.98212 4.04052 3.64077 3.42292 2.83634 4.63347 3.13273 2.5276 2.56467 2.50122 2.44479 4.46214 2.4414 3.41759 2.2267 2.12374 3.92005 4.28552 2.07003 2.03337 1.95785 1.95194 1.74725 1.69996 1.62408 1.5528
threshold=-1.0000000180025095e-35 -1.0000000180025095e-35 -1.0000000180025095e-35 -1.0000000180025095e-35 -1.0000000180025095e-35 1.0000000180025095e-35 71.68129051436047 0.19446707772167923 0.022489009962559404 13.805000305175783 74.324996948242202 -1.2511788614665134 0.16189149495376043 0.025071330483011755 0.1154250709484272 1.0000000180025095e-35 0.0060120601335024006 16.394999504089359 1.518468175189071 2.4305000305175786 103408493.00000001 14903200.000000002 0.053233307521574909 0.0069738302610556505 0.022289301499784402 0.012929689433267902 121.48344993705466 54.6446763455696 68258760.500000015 -0.094859001855350983 0.57349700340613741 -0.59756920266653413 0.22677142692811003 52800200.000000007 9014750.0000000019 0.10380793352019352 36.688869251638977 56.78850524287563 0.032918456519661805 0.0072045489138969502 14974700.000000002 -1.0290978284014114 0.025888327281594455 24.595917081981479 0.035816823762050302 -0.2298844220662061 -0.076316209214072936 0.40967415868443174 0.0044811120804288508 1.863988220286185 11.675000190734863 0.40495871070807971 0.029564559045334556 0.16488693974625332 10.185616016387941 145961000.00000003 22320400.000000004 2.9564569305825334 941785600.00000012 11.465000152587892 1.0000000180025095e-35 81.776938061397757
decision_type=2 2 2 2 2 2 2 2 2 2 2 2 2 2 2 2 2 2 2 2 2 2 2 2 2 2 2 2 2 2 2 2 2 2 2 2 2 2 2 2 2 2 2 2 2 2 2 2 2 2 2 2 2 2 2 2 2 2 2 2 2 2
left_child=3 5 7 -1 46 6 29 19 -9 35 24 -11 14 31 15 16 17 21 34 -3 -20 48 -7 -24 -4 -15 27 -27 -23 -2 33 -6 36 -21 -18 -10 37 -33 39 -38 41 -31 -43 -42 -45 -41 47 -5 49 -12 -17 -36 -53 -54 -13 -56 -8 -52 61 -46 -61 -16
right_child=1 2 10 4 13 22 56 8 9 11 12 54 -14 25 58 50 18 -19 20 30 -22 28 23 -25 -26 26 -28 -29 -30 40 -32 32 -34 -35 51 -37 38 -39 -40 45 43 42 -44 44 59 -47 -48 -49 -50 -51 57 52 53 -55 55 -57 -58 -59 -60 60 -62 -63
leaf_value=0.03042968049598456 -0.028781207327637653 -0.026592181512100532 0.018805878000337992 0.00065065195313621809 0.027699474858920072 0.018951498899243628 -0.011363878400259994 -0.018372043445683859 0.004386250832375334 -0.027017206050882325 -0.026357128329752667 0.0083084368367581495 0.01327415982782971 0.016377364065585751 -0.023526783244660978 -0.007255128063910727 0.0057749510134721309 0.021369210584078507 -0.016489685989845099 -0.0061187210197092981 0.02712148962383075 0.012484920072631443 -0.022462737355912817 0.007393182306355872 -0.013777800219376982 0.015691397896456311 -0.027887345301777947 -0.02029681149923597 -0.01397595720560099 0.029655218629290585 -0.019796076984603905 -0.011697213105568616 -0.010138010992063058 0.025011208029892405 -0.022478818548304452 -0.02685520839957193 -0.035096886106839136 0.021823898771015357 0.0031396968737507271 0.0078541883872302373 -0.032270438005951696 0.015249135099153059 -0.014719263253937699 -0.029943270277927737 -0.026487616825906002 0.029860924748048627 0.033294473868265943 0.028106112987570042 -0.00065077245225138118 0.0022257932629825956 -0.02478666540050348 -0.026534661161116635 -0.017328441038941995 0.020341634057087159 0.022088806649243793 0.040350060649912999 0.011684922428249249 -0.005071801141561404 -0.0093254801604756143 0.032184190436963585 0.019730121870891584 -0.0065440113089692015
leaf_weight=157.27544002234936 1.1861756294965733 12.401741161942484 7.5339475721120817 7.3750942051410702 18.594697847962379 10.328749716281893 8.2237821817398054 9.297762528061865 5.7697836905717832 2.1664419472217551 18.354316279292114 3.6266210675239625 5.7272914797067633 9.8481714725494403 230.22112809121609 7.8502257317304602 4.2742123752832404 8.3450529724359495 5.2332215458154661 6.6635011881589907 5.090396910905838 13.823324412107469 8.7599623948335665 11.819972187280653 7.19773069024086 8.8995693027973193 6.081030771136283 5.4062184989452353 7.3710761517286292 12.211897343397142 6.054316133260726 7.254387825727461 6.2346632182598105 5.835228905081749 82.646654665470123 5.4023663103580475 0.84849520027637382 5.8427928686141968 9.3470109552144987 5.6509346663951829 0.6176583468914022 8.4624350666999799 4.9907828420400611 0.66357378661632438 0.48676642775535484 26.194496750831611 27.068271845579147 19.189517468214035 7.3584842681884757 4.7364000380039206 95.052918881177902 8.6802830696105975 5.7482176721096021 5.1560236215591431 9.4201933443546313 13.146123006939886 5.5588480979204169 4.7454649806022635 8.5016865432262403 49.218555867671967 11.655540168285368 4.9496919661760321
leaf_count=275 5 55 18 21 37 24 29 40 23 9 73 11 20 24 1041 32 14 19 29 29 14 37 29 38 28 22 29 24 29 24 22 26 25 14 411 19 4 14 30 14 3 21 19 2 3 53 45 36 27 13 374 39 31 17 23 23 14 18 29 90 25 17
internal_value=-0.000213863 -0.0102355 -0.0159267 0.0235853 0.0170149 0.016416 0.0204929 0.000940891 0.00859188 0.0149338 -0.0183798 0.0250403 -0.0189666 0.0121801 -0.0193162 -0.0164293 -0.0126488 -0.00383608 -0.0171739 -0.0111281 0.00501423 -0.00790898 0.00279403 -0.00531515 0.00288586 0.000715098 -0.00685081 0.0020913 0.00328225 0.0239674 -0.00079112 0.0165149 0.0131262 0.00841478 -0.0193246 -0.0107208 0.0157568 0.00325691 0.0196509 0.0243714 0.0246759 0.0162762 0.00413166 0.0281173 0.0287187 0.0259559 0.0269492 0.0204837 -0.0156987 -0.0204942 -0.0226391 -0.020374 -0.0114914 0.000483692 0.029346 0.032727 -0.00206777 -0.0238492 -0.0226863 0.0293531 0.0297996 -0.0231693
internal_weight=1083.68 762.567 628.382 321.111 163.835 134.185 103.276 79.7841 48.8293 39.5315 548.598 28.3594 533.866 110.202 528.139 284.466 176.818 59.9887 116.829 30.9548 10.3236 51.6436 30.9087 20.5799 14.7317 30.235 20.3868 14.3058 21.1944 89.4934 18.553 79.9675 61.3728 12.4987 106.505 11.1722 55.1381 13.0972 42.0409 32.6939 88.3072 25.6651 13.4532 62.6421 62.0244 31.8454 53.6329 26.5646 30.4492 23.0907 107.649 102.231 19.5845 10.9042 26.1929 22.5663 13.7826 99.7984 243.673 61.3609 60.8741 235.171
internal_count=3603 2924 2598 679 404 326 235 268 148 108 2330 66 2284 302 2264 1177 753 198 555 120 43 179 91 67 46 99 75 46 66 192 65 203 166 43 512 42 141 40 101 71 187 64 40 123 120 67 102 57 113 86 424 498 87 48 57 46 43 392 1087 118 115 1058
is_linear=0
shrinkage=0.03


Tree=52
num_leaves=63
num_cat=0
split_feature=54 29 37 9 9 9 51 7 49 81 38 17 64 73 51 11 78 76 29 29 29 37 31 38 29 81 14 88 66 18 54 46 9 12 37 49 40 38 45 81 27 28 21 26 60 7 21 20 45 73 43 24 20 47 13 27 17 34 26 64 45 60
split_gain=55.5914 44.1395 37.3782 18.524 17.6041 17.5569 11.7761 7.77738 7.94871 7.6119 7.31872 7.9493 7.15514 9.49673 6.97507 9.42044 10.0235 7.96367 6.93781 6.91445 8.37465 9.25025 10.184 6.20868 6.17761 5.83632 5.32532 5.27961 5.13691 4.98487 4.80648 4.67093 4.58256 4.33367 4.91043 4.98524 6.20573 8.7538 4.51444 4.24632 4.51983 4.18197 4.12236 4.03149 3.95495 3.90797 3.83123 3.59166 3.57183 3.91589 3.73382 3.51534 4.55502 4.06216 3.47171 3.97299 4.17135 4.18549 4.32316 3.37069 3.31673 3.25044
threshold=57.083729006780125 -1.0000000180025095e-35 0.0063431030852144502 1.0000000180025095e-35 -1.0000000180025095e-35 -1.0000000180025095e-35 14.305000305175783 0.008490327721149651 13.335000038146974 68.952722861824967 0.13773401184549838 0.026263835064514202 0.010530068887292202 0.022317926214796505 14.50500011444092 24.413882668906179 8.6047117810491276 17.589390754699711 1.0000000180025095e-35 -1.0000000180025095e-35 1.0000000180025095e-35 0.011318526665478302 89.962650387089909 0.10847116449663601 1.0000000180025095e-35 40.580108773530362 52800200.000000007 34.23064355259752 0.29138612331562624 0.015486489480025251 49.440381356860591 0.0075938671463129511 1.0000000180025095e-35 21.700032520749645 0.0051157907267261006 13.614999771118166 116.89500045776369 0.12594750245456024 1.163237314503782 78.425763950834735 0.01212651825906485 0.12414220103211401 26.695425634207403 0.49942797771999642 2.0034999847412114 0.016330580826013356 26.873223988667409 65.931488037109389 -1.7287042542669864 0.45606294371928163 10465300.000000002 51008400.000000007 27.144624710083018 0.11505981675952622 20.40439135927328 0.0096075636467260021 0.012876690593544503 106062350.00000001 1.1657019272906128 0.0073764342849050512 -0.087500602570372579 1.8174999952316286
decision_type=2 2 2 2 2 2 2 2 2 2 2 2 2 2 2 2 2 2 2 2 2 2 2 2 2 2 2 2 2 2 2 2 2 2 2 2 2 2 2 2 2 2 2 2 2 2 2 2 2 2 2 2 2 2 2 2 2 2 2 2 2 2
left_child=1 5 7 4 12 -1 60 8 47 10 11 14 13 26 28 16 -16 -17 29 -2 21 48 42 46 31 -24 -4 30 -6 -8 54 59 -22 -9 38 36 -36 -38 41 40 44 45 -23 -14 -37 -35 -18 -3 -21 50 -50 52 53 -31 -7 -56 -57 58 -58 -19 -5 -45
right_child=19 2 3 6 9 27 18 33 -10 -11 -12 -13 43 -15 15 17 23 24 -20 20 32 22 25 -25 -26 -27 -28 -29 -30 51 -32 -33 -34 34 35 39 37 -39 -40 -41 -42 -43 -44 61 -46 -47 -48 -49 49 -51 -52 -53 -54 -55 55 56 57 -59 -60 -61 -62 -63
leaf_value=-0.020715852280975437 -0.018580008826473489 0.0023694259070777494 0.043083396317500529 0.035520996751803001 0.032333420831467577 0.01786377478855912 -0.013483833295138626 -0.021645498722321427 -0.0076239430620315147 0.031173425553812965 0.030156253773665223 0.030000297169793671 -0.019576842326591907 -0.0055600769175450458 -0.0043289159224476053 -0.024765925554491565 0.0022109638410232522 -0.012094595473629635 -0.013138704841759469 0.0087304200488724452 -0.0094564201807380305 0.0083362346689700734 0.037056583466884535 0.034497325006258732 -0.014815172957342047 0.0060335549141693218 0.0041722601369761315 0.023252346572397605 -0.0011572639215392184 0.0089856782792869655 -0.012706730373852544 0.026270407044054388 -0.022803608638397629 -0.0099783529699840456 -0.0075130426736597887 0.020703626324337636 0.00094613184835359886 0.040917648097320181 -0.023056192162319761 0.01403185491772822 -0.019007704880146088 0.017240486358512434 -0.019957794436993304 -0.011235122427960787 -0.0097396747541919574 0.010392657112373496 0.031394996642982578 0.029360341218016176 -0.0021450532628054563 -0.025540023163487434 -0.015559383415717566 -0.0073393798391876448 0.0059788786910202306 0.043568127954920939 0.012174946549184591 -0.017292816938433046 0.030839741252830916 -0.0092237946493388852 -0.0055196853452147403 0.018600050672051466 0.0087426393700409648 0.017404504587452997
leaf_weight=68.737045511603355 73.419076547026634 6.1578690409660366 9.4466157108545321 11.361487641930582 21.410501703619961 9.8521080911159498 11.8758298009634 12.526375532150267 13.194052025675772 50.280175283551216 36.57566998898983 27.197884857654572 14.381665974855425 12.831494897603987 14.994693621993063 10.272140040993689 12.902652159333231 7.7588507831096667 28.743373200297356 9.9884005635976774 57.026416897773743 8.2671504765748995 11.680959507822992 23.500442340970039 9.973610043525694 10.244183510541914 4.7607910931110373 7.3411752283573142 5.1046167314052573 5.8400706052780134 31.956658199429512 12.372295454144476 38.9729013890028 61.79726767539978 9.8152444809675234 6.5579026639461508 9.5096006393432635 10.241653546690939 14.876906484365461 9.2605499327182752 18.338946118950844 6.9183855652809134 10.546950981020926 7.2106572687625867 9.2688918709754926 9.8227798640727979 5.8995774686336508 15.878887072205542 45.664679169654846 12.810045704245566 31.596477478742599 11.265196308493612 36.914039373397827 6.4146739542484283 14.586125507950781 17.426801174879074 6.6596911847591418 14.482421472668646 5.2737971097230911 5.5039432048797607 6.5700095295906058 7.0572395026683807
leaf_count=170 186 20 44 51 94 36 33 31 39 221 159 118 34 37 44 24 42 22 84 34 172 28 53 105 27 34 15 29 16 20 84 52 108 176 28 25 31 47 37 33 48 26 26 19 26 34 25 67 142 29 84 33 126 30 50 42 28 39 15 21 24 26
internal_value=0.000260584 0.00440127 0.00810102 0.0133182 0.0172973 -0.00887271 0.00330467 -0.00209199 0.010792 0.0207741 0.0180715 0.0152542 0.00207905 0.0131481 0.0121618 0.00863491 0.0167466 -0.0014952 -0.000670984 -0.0105364 -0.00804247 -0.00338392 0.00866703 0.0242171 0.00521777 0.0225616 0.0300446 -0.00130557 0.0258859 0.00428497 -0.00310414 0.0130118 -0.014875 -0.00462874 -0.0033478 0.00248212 0.0119838 0.0216726 -0.00790318 -0.00398704 -0.00887102 -0.00503287 -0.00752505 -0.00836775 0.00287464 -0.00718444 0.011368 0.0218181 -0.00829047 -0.010178 -0.00763094 0.00777671 0.01124 0.0270877 0.00139004 -0.00138772 -0.00589991 0.00161609 0.0147713 0.000643414 0.0257095 0.00293072
internal_weight=1119.12 808.901 632.586 418.42 299.436 176.316 118.985 214.165 35.2308 243.747 193.467 156.891 55.6885 27.0389 129.693 103.178 57.2974 45.8808 101.053 310.217 236.798 140.799 40.7392 42.3027 35.6087 21.9251 14.2074 107.579 26.5151 72.3098 100.238 25.6351 95.9993 178.935 166.408 72.9928 29.5665 19.7513 93.4153 43.4263 34.1657 78.5384 18.8141 28.6496 15.8268 71.62 18.8022 22.0368 100.06 90.0712 77.2612 60.434 49.1688 12.2547 68.2809 58.4288 43.8427 26.4159 11.9335 13.2628 17.9315 14.2679
internal_count=3603 2707 2214 1546 1145 493 401 668 126 970 749 590 175 96 472 362 216 146 326 896 710 430 141 172 122 87 59 323 110 242 294 95 280 542 511 238 106 78 273 132 99 236 54 79 51 210 67 87 289 255 226 209 176 50 210 174 124 82 43 43 75 45
is_linear=0
shrinkage=0.03


Tree=53
num_leaves=63
num_cat=0
split_feature=29 29 37 15 27 52 66 83 35 56 86 26 55 15 56 35 48 6 15 73 39 69 59 64 55 25 58 35 42 58 84 26 47 24 74 28 27 73 16 6 8 55 46 47 37 44 59 84 17 60 27 80 4 17 17 44 28 26 65 51 84 65
split_gain=150.772 67.7062 16.7649 13.6741 13.266 12.2722 12.0785 9.96844 9.62837 12.7314 9.45129 9.43152 8.12478 7.25938 6.82001 7.04737 7.77919 8.00634 6.62654 6.41725 6.19935 6.33206 6.11919 8.01928 6.92234 5.90997 5.79915 5.73278 5.58229 4.95873 4.8799 7.96934 7.91691 4.89538 4.82092 5.78005 4.79944 4.65737 8.36574 7.14824 4.6367 4.93907 4.40641 4.35832 4.07654 3.93249 3.71653 3.4549 3.30271 4.54281 3.28669 4.34635 3.82429 3.50971 3.14242 3.11291 3.06461 5.53482 3.98853 7.98703 3.01578 2.96367
threshold=1.0000000180025095e-35 -1.0000000180025095e-35 0.0057074468155778003 52.024319103428809 0.014656469387201053 15.425000190734863 0.30976589034586971 0.018646620864696855 53.990175726551762 0.08282035436780906 25.018955410823008 0.99759809756049134 1.7832420511432903 33.15091499215508 0.038914385308113059 68.161874525413182 1.0000000180025095e-35 0.11659387829844811 50.869423303167416 0.51847660588031641 169.51999664306643 75.474998474121108 2.3504999876022343 -0.0060350233498912996 -0.44858743150387331 37.900393786400798 3.429999947547913 79.479094081361993 170.33500671386722 1.7685000300407412 0.020111731046501203 0.59344188374690188 0.11577030326178936 29040800.000000004 0.0032326155366049006 0.092757741823842763 0.014147664531343801 0.079991388624428311 0.56613465919321027 0.8685131398343523 0.075233362900225614 0.1071288312899767 0.0055901786279503015 0.11203989074436956 0.0035661666987681505 55.532307548033863 1.6865000128746035 0.028718413736534106 0.0087343948956667521 2.7085000276565556 0.015837896469005405 13678200.000000002 561887200.00000012 0.021786367678146606 0.014204862095144951 49.132343796825673 0.079507886092785571 -1.6400960849114339 0.019161376754325454 14.305000305175783 0.028907213438283456 0.016338371544453254
decision_type=2 2 2 2 2 2 2 2 2 2 2 2 2 2 2 2 2 2 2 2 2 2 2 2 2 2 2 2 2 2 2 2 2 2 2 2 2 2 2 2 2 2 2 2 2 2 2 2 2 2 2 2 2 2 2 2 2 2 2 2 2 2
left_child=1 46 3 55 10 6 25 12 26 11 22 19 14 -9 -7 16 20 45 -19 27 21 -16 -5 -24 -25 -4 44 28 34 -12 31 32 54 -34 35 -10 -17 38 40 -39 41 43 -36 -32 -2 -18 47 -1 -26 -50 -15 52 -52 -53 -23 -3 -46 -58 -59 -60 -11 -44
right_child=8 2 5 4 -6 7 -8 13 9 60 29 -13 -14 50 15 36 17 18 -20 -21 -22 30 23 24 48 -27 -28 -29 -30 -31 37 -33 33 -35 42 -37 -38 39 -40 -41 -42 -43 61 -45 56 -47 -48 -49 49 -51 51 53 -54 -55 -56 -57 57 58 59 -61 -62 -63
leaf_value=0.0013632178400525532 -0.03139774646791265 0.030536185064354574 0.0032605480223093751 -0.018542851038579944 0.034934782371037566 0.022449523473354372 0.016262220262999498 0.017310337649602204 0.020570735097549735 -0.0012524701336911316 -0.00097758708168213396 0.030102219609464503 0.024321063029200899 0.0044005393612440193 -0.018746827842396813 0.0085319494582563986 0.027897082114468306 0.009901791114721269 -0.023323295268089381 -0.017864470773705773 -0.0241496814643926 -0.022335109713796004 -0.020011207671580062 -0.015313932031995161 -0.0036986928611586417 -0.023542997968918327 0.00043659049395376818 -0.011076048452669789 -0.010199635369230504 0.025655180451656507 0.020526100499604707 0.030877923332006209 -0.0025876180494507645 0.027043717683567198 -0.01092418217166059 -0.013663992987814785 -0.020687243885514833 -0.017467576662787171 -0.026712549887710782 0.014768018520936031 -0.0070594294811033055 0.037181254468471599 0.0355632717931533 -0.018353488578361964 0.029608633394014382 0.0068935496872859709 -0.022767783153768907 -0.018947461140571522 0.026812134247485943 0.00045354466067696735 0.013631257530478882 -0.0031197361438649201 -0.020903685645121125 -0.025356513899853265 -1.1932532183780743e-05 0.012289560086051738 -0.0049909380452029632 0.031042386478547488 -0.016712335091421449 0.02195581785943642 -0.028015833429353817 0.019651849671918156
leaf_weight=11.563309788703917 1.178762599825858 21.257382020354271 8.4907150417566282 24.26329505443573 10.120597109198568 10.938390180468557 9.378475606441496 6.8061210066080085 9.0845283716917056 8.0537246614694578 10.596837878227236 29.386215284466743 12.212363541126249 6.8513080328702918 16.93121974170208 6.3058182448148754 19.452376335859299 12.857226192951204 9.3178264349699003 6.590201884508132 11.752888098359106 10.508233144879343 14.6452339887619 10.926943466067312 8.8875574916601163 57.825009405612946 9.850663945078848 8.2447170913219434 7.1478835046291342 15.487749040126799 7.1121084541082435 10.642077520489691 8.3329498767852801 12.613675430417059 3.5038092881441107 8.6788938641548139 25.595489606261253 32.044111087918282 6.5483288764953604 7.6737487912178031 8.8208974897861463 8.0213675498962385 14.222057804465292 4.0855042040348053 64.080987393856049 13.654243007302282 186.68951863795519 21.650095105171204 16.674506291747097 9.0941252410411817 6.6845786422491056 7.6477791965007773 5.0782346427440643 38.782558530569077 12.340132489800451 13.928399309515951 6.8076628297567359 33.912818178534508 5.4150094687938681 42.853052839636803 7.1564629375934592 40.643887460231781
leaf_count=31 4 47 31 98 24 27 33 21 24 34 28 62 31 27 68 25 48 37 38 23 52 45 52 40 30 308 26 35 23 37 20 26 30 28 9 32 123 140 30 21 37 19 29 20 137 50 579 69 42 25 27 31 22 206 38 38 22 73 25 101 38 107
internal_value=-5.45273e-05 -0.00697798 -0.00153235 0.00685678 0.00205937 -0.00468116 -0.0156046 -0.0022465 0.0177971 0.0120983 -0.00094958 0.0151931 0.000415974 -0.0121686 -0.000726422 -0.0017628 0.000209213 0.00989076 -0.00405919 0.0107278 -0.00319053 -0.00149956 -0.00582285 -0.00069854 0.00550635 -0.0201112 0.0227532 0.0127865 0.0151489 0.0148356 0.000768653 0.0075925 0.0019342 0.0152558 0.0175288 0.00384425 -0.0149116 -0.00423054 0.00381783 -0.0112395 0.0109478 0.0192125 0.0216933 0.00634069 0.0241784 0.0192345 -0.0211228 -0.0118763 0.0120709 0.0175098 -0.0152532 -0.0175671 -0.00127815 -0.0216938 -0.0102786 0.0233132 0.0246064 0.0210042 0.0231576 0.0176178 -0.0138448 0.0237763
internal_weight=1097.9 791.091 571.188 155.883 120.697 415.306 75.6942 339.612 306.811 142.712 110.576 127.502 267.761 71.8506 255.549 244.61 212.709 55.2817 22.1751 98.116 157.427 145.674 84.4917 60.2284 45.5831 66.3157 164.099 91.5258 83.2811 26.0846 128.743 54.4371 43.795 20.9466 76.1332 17.7634 31.9013 74.3061 34.5882 39.7179 28.0399 19.219 58.3698 11.1976 154.248 33.1066 219.903 33.2134 34.6562 25.7686 65.0445 58.1932 11.7628 46.4303 22.8484 35.1858 153.07 88.9885 82.1809 48.2681 15.2102 54.8659
internal_count=3603 2799 2120 461 376 1659 372 1287 804 416 352 344 953 334 922 895 747 173 75 282 574 522 287 189 137 339 388 259 224 65 454 167 141 58 201 56 148 287 126 161 96 59 145 40 362 98 679 100 97 67 313 286 49 237 83 85 358 221 199 126 72 136
is_linear=0
shrinkage=0.03


Tree=54
num_leaves=63
num_cat=0
split_feature=29 19 9 9 19 26 18 49 29 5 9 37 19 4 64 65 40 58 87 36 52 14 66 75 56 66 28 27 5 64 38 75 64 55 34 4 52 66 52 41 40 16 43 80 34 66 27 46 25 56 60 55 61 54 26 46 54 15 65 49 48 52
split_gain=270.752 123.431 27.9427 15.4478 8.47073 7.81632 8.87133 9.39133 7.81104 8.55752 7.49367 6.14814 9.4189 7.9115 6.93626 5.7619 5.74999 5.34567 5.10328 7.86296 4.7169 4.56339 4.46518 4.30662 4.30506 6.26792 4.16934 4.60781 5.80459 4.14695 4.06774 4.00381 3.56445 3.50495 3.15387 3.14097 3.05862 3.95389 3.2804 4.26877 5.2271 4.00804 3.10511 2.70438 3.0246 2.70271 2.65831 3.08473 2.44013 2.47429 2.43439 4.60771 2.35487 2.16251 2.14197 1.97981 1.85514 3.92697 1.7146 1.63309 1.53616 1.51731
threshold=-1.0000000180025095e-35 -1.0000000180025095e-35 -1.0000000180025095e-35 -1.0000000180025095e-35 -1.0000000180025095e-35 0.19446707772167923 0.022489009962559404 13.375000000000002 1.0000000180025095e-35 71.68129051436047 1.0000000180025095e-35 0.0062523101773901005 1.0000000180025095e-35 455375200.00000006 0.15203367376110541 0.025071330483011755 108.77499771118165 2.4305000305175786 8.6545901217103367 1.1543717149644019 12.135000228881838 84700350.000000015 0.084612586409499771 1.059535708091311 0.05192719873613371 0.19431961877983969 0.085836110068200314 0.0085567425845781524 67.198607189923493 0.010144667377418452 0.12303557933346006 1.1392721839032676 -0.094859001855350983 0.57349700340613741 172199000.00000003 1196781600.0000002 12.335000038146974 0.25613829359744716 13.025000095367433 113.23500061035158 129.18000030517581 0.44816938185491395 10574600.000000002 14974700.000000002 124253150.00000001 0.27941162795734248 0.010074560456930252 0.010589430717153953 24.595917081981479 0.035816823762050302 2.4759999513626108 -0.076316209214072936 2.2185000181198125 52.78044413400815 -0.48532439731742366 0.0057675547792523504 58.859190307220288 48.77068271957652 0.037914655178638457 11.465000152587892 1.0000000180025095e-35 10.934999942779543
decision_type=2 2 2 2 2 2 2 2 2 2 2 2 2 2 2 2 2 2 2 2 2 2 2 2 2 2 2 2 2 2 2 2 2 2 2 2 2 2 2 2 2 2 2 2 2 2 2 2 2 2 2 2 2 2 2 2 2 2 2 2 2 2
left_child=3 8 5 -1 50 17 -7 29 9 32 11 12 13 20 16 36 18 -3 58 21 55 54 -17 -18 -10 -26 -22 53 46 -8 -24 -30 -2 34 -19 61 37 -6 -38 -40 41 -41 -42 44 -34 -11 -29 -48 -45 -50 -5 -52 -9 -28 -20 -4 -25 -58 -13 -51 -61 -12
right_child=1 2 10 4 15 6 7 52 24 45 35 14 -14 -15 -16 22 23 33 19 -21 26 -23 30 56 25 -27 27 28 31 -31 -32 -33 43 -35 -36 -37 38 -39 39 40 42 -43 -44 48 -46 -47 47 -49 49 59 51 -53 -54 -55 -56 -57 57 -59 -60 60 -62 -63
leaf_value=0.029676015576140018 -0.028510385377104496 -0.026369396465145276 -0.0068665110075936727 0.031850266290105518 -0.011997110174953061 -0.018087320745250001 0.0090660534707472477 0.014848837024566932 0.020201503282485003 -0.015243243787230243 -0.012443153676334865 -0.026288337610013809 -0.023875559805933023 0.022079489234221674 0.0099043922850218392 0.014472723836144043 0.010849418914735056 -0.0058862096632081584 -0.0041200161373181991 0.026284811935903707 -0.022428299191602618 0.017054767292674008 0.0053682627589468268 -0.024251419941473021 -0.020050116646501016 0.012180962906932574 -0.0010412588675341556 0.029052994916235093 -0.026621322800935255 -0.026597112235708403 -0.023247633506974397 0.009126840400679433 0.0047261513019678722 -0.019603375911390452 0.024353205457779917 4.6051937268522251e-05 0.034417687249522572 0.01961018334355049 0.028408476186512467 -0.019101978882970921 0.029825659515179022 0.011357238547907399 0.0078044786357210905 -0.032014599025885417 0.025414142586665894 0.011365734111944598 -0.0044313641748236201 0.025377852836188604 -0.02973621583667917 -0.026339533916524771 0.0055738599747719685 0.032522908628201848 0.032379632370182751 -0.026196305036880592 -0.026154240682631225 -0.026118701673033092 -0.02331308583733762 0.00039506550907302749 -0.0053781987146060001 0.031470364273510583 0.019347954443650065 -0.023879894402541495
leaf_weight=155.88685539364815 1.1730740964412678 12.172392606735231 7.2692112326622036 30.433579787611961 7.337848171591757 9.2194480746984464 6.1866248548030836 13.009123057127001 9.0597340166568774 6.8984667658805829 11.050223112106321 15.837467402219774 31.013897567987442 8.980715870857237 7.5717280954122534 12.292593628168108 3.514124482870101 6.6128898710012454 6.3722192198038163 6.7594849169254294 8.352251395583151 4.2105014324188224 8.8952735066413897 130.79447770118713 11.192915350198748 10.547077998518942 5.5793374925851804 8.2932197153568286 6.3422521203756315 5.5823263674974442 8.9882554858922941 5.0768983960151672 11.752783179283144 5.9975022673606864 5.8502810746431351 5.3486511558294287 10.082726329565046 6.9222152531147003 16.878200605511665 7.3978881686925879 12.153498232364656 8.1952617317438108 10.959612503647802 0.61399330198764701 13.861888810992239 6.8436359465122223 7.912076920270918 5.1631982177495956 0.65891264379024406 0.48118613660335441 11.553785115480425 11.289538145065306 14.675728589296339 6.8543726950883865 10.53553043305874 14.194819197058676 20.091307625174526 9.1522209495305997 4.5413535237312308 49.077607333660126 11.639339879155157 189.14516902714968
leaf_count=275 5 55 23 52 28 40 22 37 21 27 43 79 109 22 29 28 13 29 28 16 27 12 27 753 40 30 18 20 25 21 44 18 34 22 14 13 18 17 33 30 25 22 30 3 30 16 28 14 2 3 31 19 28 24 55 63 83 31 22 90 25 762
internal_value=-0.000231346 -0.0100467 -0.0156922 0.0229203 0.0164744 0.0009359 0.00840758 0.0145988 0.0160825 0.0200462 -0.0181345 -0.0153637 -0.00974627 -0.00453069 -0.0183093 0.0117227 -0.0193178 -0.010936 -0.010218 -0.00187682 -0.00771547 -0.0108907 0.000553544 -0.0220028 0.00282712 -0.00441333 -0.00295456 0.000642187 0.00653933 -0.00784993 -0.00901408 -0.0107279 0.0234392 -0.000759618 0.00830834 -0.0226424 0.0159395 0.00334591 0.0186743 0.0158185 0.0103286 -0.00309359 0.0193838 0.024131 0.0159219 -0.00199184 0.0157668 0.00733978 0.027497 0.0280877 0.0262944 0.0188925 0.0241419 -0.0149086 -0.0178499 -0.0195986 -0.0227241 -0.0158932 -0.0216286 0.0287102 0.0291465 -0.0232486
internal_weight=1072.33 753.064 619.263 319.267 163.38 79.3063 48.6733 39.4538 133.801 103.001 539.957 334.413 115.032 84.0184 219.38 110.103 211.809 30.6331 48.2566 27.8777 75.0376 21.1183 30.1761 163.552 30.7997 21.74 53.5736 45.2214 32.7876 11.769 17.8835 11.4192 89.2588 18.4607 12.4632 205.544 79.9273 14.2601 65.6672 55.5845 38.7063 15.5931 23.1131 88.0857 25.6147 13.7421 21.3685 13.0753 62.471 61.857 53.2769 22.8433 27.6849 12.4337 16.9077 21.464 160.038 29.2435 20.3788 61.1981 60.7169 200.195
internal_count=3603 2924 2598 679 404 268 148 108 326 235 2330 1512 391 282 1121 302 1092 120 212 111 260 95 99 880 91 70 174 147 105 43 71 43 192 65 43 818 203 45 158 140 107 52 55 187 64 43 62 42 123 120 102 50 65 42 83 86 867 114 101 118 115 805
is_linear=0
shrinkage=0.03


Tree=55
num_leaves=63
num_cat=0
split_feature=54 29 37 19 9 9 51 19 37 9 9 7 49 5 63 50 45 63 73 64 16 19 80 24 8 45 38 25 85 63 45 74 45 29 84 73 12 37 80 50 27 24 5 80 29 50 45 49 45 30 58 47 69 27 37 84 38 87 43 25 20 26
split_gain=52.7154 41.4212 35.2819 22.2798 16.8564 16.2479 13.564 9.01455 11.4067 11.2822 8.79857 7.34378 7.57289 6.15108 6.02508 5.96418 6.22584 6.3631 5.87016 6.9776 6.91225 5.57636 4.87736 5.02195 4.83709 4.59971 5.18502 5.15103 4.66765 4.47354 4.42679 4.77676 4.50724 4.38987 6.73193 4.28375 4.188 4.62197 5.7824 5.52669 6.34638 4.61659 4.55095 4.34598 5.1218 4.18068 4.15205 5.23541 4.03084 5.8913 3.82727 3.77481 3.99503 3.5918 4.18348 3.58491 5.18148 3.55185 3.39976 3.38938 3.3841 3.28318
threshold=57.083729006780125 -1.0000000180025095e-35 0.0063431030852144502 1.0000000180025095e-35 -1.0000000180025095e-35 -1.0000000180025095e-35 14.305000305175783 -1.0000000180025095e-35 0.011318526665478302 1.0000000180025095e-35 1.0000000180025095e-35 0.008490327721149651 13.335000038146974 60.622252127400131 73.806577706259361 15.885000228881838 1.0367177854537888 65.273486384989084 0.53718939047601577 0.0093569489347312528 0.016096931863323453 -1.0000000180025095e-35 24016200.000000004 14472750.000000002 0.091210824703218604 0.40495871070807971 0.13497320111850716 42.083463844953037 11.762189388275148 52.841547893036847 0.54143195398560817 0.0044434891344541511 1.0501862788557406 1.0000000180025095e-35 0.02803143967647265 -0.090739300108339124 21.700032520749645 0.0051157907267261006 27951200.000000004 13.534999847412111 0.010153356874035402 11869200.000000002 78.909002633052097 12435100.000000002 1.0000000180025095e-35 12.784999847412111 0.38093262574892606 24.039999961853031 0.047593309220900361 242.63877868652347 2.9005000591278085 0.11019088434208776 81.405002593994155 0.021699693581009604 0.012991374590196902 0.027265901690552954 0.12927230687505983 8.73875920383969 14021100.000000002 46.364108047346718 28.215706825256351 -0.048505087532017592
decision_type=2 2 2 2 2 2 2 2 2 2 2 2 2 2 2 2 2 2 2 2 2 2 2 2 2 2 2 2 2 2 2 2 2 2 2 2 2 2 2 2 2 2 2 2 2 2 2 2 2 2 2 2 2 2 2 2 2 2 2 2 2 2
left_child=1 4 11 5 -1 18 -5 57 61 30 25 12 55 46 21 -12 17 33 19 20 -4 -6 23 24 -23 51 27 28 -27 -15 31 -10 -32 34 -17 -31 -13 38 43 40 -39 -41 -43 44 45 -38 -8 -48 49 -21 -26 52 -7 -29 -55 -3 -57 -2 -11 -54 -25 -9
right_child=7 2 3 6 14 10 13 8 9 58 15 36 -14 29 -16 16 -18 -19 -20 48 -22 22 -24 60 50 26 -28 53 -30 35 32 -33 -34 -35 -36 -37 37 39 -40 41 -42 42 -44 -45 -46 -47 47 -49 -50 -51 -52 -53 59 54 -56 56 -58 -59 -60 -61 -62 -63
leaf_value=-0.020391765332065721 -0.00073572840705450691 0.038125069867904933 -0.00055843546015856645 0.027653225403891295 -0.014782284913749916 0.008480046181463816 -0.01658562036897188 -0.016412836778894678 0.0031495868819572557 -0.0010315418349087068 0.029005361346623317 -0.021366742558591403 -0.0075318346630799679 -0.0024633384451811314 0.028338596794631597 -0.0094057237174997518 0.02356670285617378 0.028468183439434299 -0.023698748771449778 0.023832828499591806 0.03599887037960757 -0.0083858239123633938 0.019711418751460721 0.0075742912649624621 0.028980312149950723 0.01703759894459262 0.029312386313892509 0.026301730899380399 -0.017455178218283462 0.0071614550628372638 -0.013730650161254816 0.033077598687763728 0.018406898501659868 -0.022676294582859333 0.023878412261986046 0.043176352661855814 0.028664790641268797 -0.0016798606024839549 0.02170009978982157 0.016033868529352877 0.031827768153023336 -0.011791867842848155 0.012866651986668771 -0.013647398293538782 -0.015749355765107716 -0.0041999203390287541 0.01707996820234732 -0.012231422652992516 -0.019240700958432545 -0.016044457794609411 -0.003127382605566777 0.031901780089677208 0.0090711600936496436 -0.0094645178218586319 0.018108061712813442 -0.0043876962696720277 0.031458877784252604 -0.021119434023028429 -0.025058264758916572 0.031278634171075237 -0.013502603888711384 -0.0078300466369253495
leaf_weight=67.290270939469337 8.6180881112813932 7.477063640952113 8.6315248310565966 14.43891556560993 26.44620718061924 15.99782872200012 32.806228742003441 66.101424321532249 7.2392944842577007 10.399745941162111 12.509584605693815 12.344828039407728 13.143682941794394 18.833341225981716 5.862582027912139 16.565383613109592 13.55406506359577 6.0181088745594016 7.2806207835674277 7.2862585335969943 10.103928804397581 9.4102269411087054 10.982720687985418 8.8915529102087003 10.62347127497196 6.1789490431547156 24.596490532159805 22.887784585356712 8.2389424145221692 7.9870629459619522 8.0032878518104535 14.243335857987402 7.7124944329261771 9.2149636596441251 8.1644631773233396 4.7341837733983976 7.3021691143512726 9.8282712697982806 5.6560602486133567 9.6174114495515806 10.545921891927717 34.43305367231369 8.3744267225265485 63.844553589820862 9.3007457703351974 6.6616693884134293 9.4963769167661685 12.980988681316374 10.47756268084049 6.1474126577377319 4.8743635118007651 62.274867743253708 7.8972859084606162 7.1866156458854702 15.931137397885321 7.6720571517944318 6.8867805451154709 71.720865249633789 10.809452936053274 28.533656999468803 29.948262020945549 102.0242830067873
leaf_count=170 27 34 26 60 70 56 91 182 24 35 55 31 39 60 24 47 54 25 16 29 45 25 41 29 44 23 108 98 21 27 21 62 29 23 33 22 30 31 22 36 45 96 30 175 26 20 36 38 25 15 14 276 28 20 62 23 30 180 28 127 76 308
internal_value=0.000280033 0.00431589 0.00789689 0.012972 -0.00862617 0.0169 0.00072873 -0.0102987 -0.00723669 0.00418464 0.01985 -0.00203373 0.0104906 -0.00374811 -0.00122974 0.0103561 0.00599684 3.77448e-05 0.0011976 0.00544789 0.0191567 -0.00294304 0.00124671 -0.00193445 0.00858015 0.0229886 0.0177005 0.0129737 -0.00267291 0.00682027 0.0141406 0.0229923 0.0020408 -0.00500272 0.0015829 0.0205643 -0.00451028 -0.00325342 -0.00769382 0.00240481 0.0156641 -0.00274821 -0.00696792 -0.00960239 0.00149824 0.0129862 -0.00978029 0.000152236 -0.00529355 0.00558449 0.0188818 0.0269082 0.0209769 0.0178773 0.00953657 0.0212404 0.0125688 -0.0189328 -0.013277 0.0264646 -0.0086775 -0.0112045
internal_weight=1111.25 804.373 630.043 416.955 174.33 315.677 101.277 306.872 226.533 58.4076 265.75 213.089 35.1796 86.8382 107.039 66.0266 53.517 39.9629 49.9273 42.6467 18.7355 101.177 74.7306 63.7479 24.9081 199.724 85.0199 60.4234 14.4179 31.5546 37.1984 21.4826 15.7158 33.9448 24.7298 12.7212 177.909 165.564 92.7652 72.7991 20.3742 52.4249 42.8075 87.1091 23.2646 13.9638 55.2836 22.4774 23.9112 13.4337 15.4978 114.704 52.4288 46.0055 23.1178 22.0359 14.5588 80.339 21.2092 36.4309 38.8398 168.126
internal_count=3603 2707 2214 1546 493 1212 334 896 689 199 1056 668 126 274 323 237 182 128 156 140 71 299 229 188 83 819 332 224 44 109 136 86 50 103 80 49 542 511 273 238 76 162 126 251 76 50 165 74 69 44 58 487 211 180 82 87 53 207 63 155 105 490
is_linear=0
shrinkage=0.03


Tree=56
num_leaves=63
num_cat=0
split_feature=19 29 9 29 29 9 19 84 54 37 35 12 38 10 50 26 65 67 45 29 82 63 54 59 80 72 14 28 37 36 35 16 8 40 6 50 25 26 50 21 37 45 27 37 52 75 81 80 59 43 89 63 37 28 14 28 7 43 65 35 52 47
split_gain=156.634 86.5716 39.6808 20.1929 13.5825 10.8925 10.433 9.81664 8.47707 8.43134 8.18903 10.1478 8.91277 9.12435 6.96438 6.61858 5.98497 6.32467 5.81052 6.10516 5.58612 5.25582 5.07767 6.81298 5.02793 4.92224 5.30277 8.11791 6.70659 5.46628 4.83351 4.80998 6.80814 4.55202 7.78038 6.82032 4.47069 4.34525 3.96508 3.77089 3.76925 6.25051 3.7288 3.54068 4.38148 3.49551 3.36552 2.9317 2.88867 2.85939 3.22943 2.77493 2.67147 2.53524 2.50538 2.49958 2.33107 4.46279 2.32414 2.26626 2.85315 2.55104
threshold=1.0000000180025095e-35 1.0000000180025095e-35 1.0000000180025095e-35 -1.0000000180025095e-35 -1.0000000180025095e-35 -1.0000000180025095e-35 -1.0000000180025095e-35 0.031047069959586154 56.323254882878139 0.0078133241803028507 52.545783080531784 44.549594545735609 0.11528362035127766 19.828076362609867 13.805000305175783 -0.0066832129691504994 0.023977532955335903 81.655002593994155 -0.16424102896785078 -1.0000000180025095e-35 0.15669098206535018 58.838699638491015 48.260176468586259 1.5925000309944155 7946200.0000000009 57.246539263550211 51380600.000000007 0.090730556945185517 0.0043674650043562507 4.3036987390551937 38.116099151178652 0.36384390764071389 0.070638179294515754 169.2600021362305 0.44366343906592931 16.115000724792484 23.863551488033348 1.0458388458632586 26.105000495910648 27.708301491340894 0.0081259585557469007 0.33778376192496756 0.0122791937845189 0.0069738302610556505 17.314999580383304 1.0861878479104361 77.913950986471562 12340100.000000002 0.67649999260902416 12486100.000000002 76080847.000000015 49.437933459245023 0.0052067999570495514 0.10157514539129646 13794800.000000002 0.12680856873892532 0.012185295299836552 6441200.0000000009 0.013677353992171652 51.955622577040081 16.98499965667725 0.12687150415202408
decision_type=2 2 2 2 2 2 2 2 2 2 2 2 2 2 2 2 2 2 2 2 2 2 2 2 2 2 2 2 2 2 2 2 2 2 2 2 2 2 2 2 2 2 2 2 2 2 2 2 2 2 2 2 2 2 2 2 2 2 2 2 2 2
left_child=1 2 4 22 48 16 30 14 33 25 54 12 13 -12 20 -14 17 -5 21 -20 -4 -16 -2 -24 -11 26 27 31 37 47 -3 32 -6 34 35 42 -26 -29 -9 45 -37 -42 52 44 -32 -21 55 -30 -1 50 -41 -36 -8 -35 -7 -13 57 -27 -10 60 -38 -62
right_child=3 6 7 5 9 10 8 38 58 24 11 46 15 -15 18 -17 -18 -19 19 39 -22 -23 23 -25 36 56 -28 28 29 -31 43 -33 -34 53 51 40 59 -39 -40 49 41 -43 -44 -45 -46 -47 -48 -49 -50 -51 -52 -53 -54 -55 -56 -57 -58 -59 -60 -61 61 -63
leaf_value=0.04076056048867327 -0.022246127858635726 0.014351127354134676 0.0052181993916346698 -0.016176512219108877 0.022250906925638012 -0.029591814894380605 -0.0014023490823252601 -0.019734526017390085 0.0094077213270454593 0.0064965549747388095 -0.0087873485649745259 0.026825547832977206 0.010848854295502523 0.027151104465563625 0.027352927977300389 -0.022845322147022711 -0.023026255275617042 0.01954789266636835 -0.021083211600715669 0.0078010860872392285 -0.026894365627486434 0.001302720606049542 0.032949562472800835 -0.0090201862098639209 0.0072064899326338703 -0.022425012028689094 -0.0196662374999097 -0.0031724774462008995 -0.004121027782365839 0.012137962651247263 -0.018006783973532729 0.033288701135631399 -0.016445899836723957 0.0019354937499360785 0.028829614817332767 0.027505952286283681 0.0015415272482246177 0.030382644295016456 0.0067446370177700081 0.016478523399230935 0.017252264243562847 -0.022133641455342183 0.012839799160273389 -0.028115203305740265 0.01643475046902039 -0.028495599696210364 0.0056974475833062067 -0.024823719923558151 -0.024284200398289737 0.026598163604861631 -0.014350840689638114 0.011370967217224474 -0.028252111551367851 -0.02913627844306891 0.026436407729479489 0.011246988854144782 -0.022012224201495224 0.0070839643872591829 0.027325092086561132 -0.023937804553221163 -0.021019072683198164 -0.0057945463472150087
leaf_weight=0.61679239571094413 11.750013098120691 8.4853206872940081 10.762264266610147 6.2523935884237352 8.9837216734886223 0.72196131944656272 5.3634891211986568 21.709293484687809 7.7040159702301017 7.2286278903484336 9.2030534148216265 62.448684185743332 8.8124759793281573 20.567384481430054 24.327475756406784 12.96753817796707 6.7455245256423941 15.559684485197065 7.6199261695146552 5.8601477146148664 8.9128539413213712 9.7697127014398557 4.9646884351968792 11.64831207692623 5.5988629162311545 9.4206228107213992 15.755101472139357 8.878588527441023 8.4791317880153674 5.9988764077424994 7.6255715936422366 7.7415204793214789 7.5145544111728659 6.1994097381830198 21.607062950730324 10.161880344152452 7.147536411881446 5.705091878771781 6.6482794284820548 8.856619521975519 10.988109990954401 5.4127926528453818 4.6576178669929496 8.0583373010158521 5.8934786766767502 4.0301217883825302 9.6856301277875883 22.470360606908798 164.68282210826874 10.681737914681433 4.6707225888967505 13.198569700121878 8.8188364058732969 3.8193988800048828 141.4242238253355 10.885182961821554 25.175724640488625 9.0374943017959577 42.239010944962502 71.546412795782089 56.948862016201019 11.991050764918326
leaf_count=2 40 20 35 22 24 2 18 98 21 24 35 144 29 50 64 60 24 39 21 20 43 36 10 34 20 32 47 34 35 17 24 20 27 19 52 25 32 14 25 24 33 28 17 31 16 23 30 101 520 28 17 39 47 21 315 33 104 30 94 411 252 51
internal_value=-5.7968e-05 -0.00762254 -0.0131036 0.0170603 -0.0171545 0.01931 0.0112055 0.00197239 0.014645 -0.0133036 0.0211304 0.0158263 0.00537172 0.0160413 0.00657504 -0.00921222 0.00167006 0.00930756 0.0107023 0.00319402 -0.00932883 0.0198889 -0.0071529 0.0035222 -0.0179534 -0.00778328 -0.00383039 -0.000537672 -0.00727233 -0.0140717 -0.0048313 0.0137797 0.00462547 0.00915608 0.0115376 0.0033568 -0.0191068 0.00995419 -0.0135266 0.00861907 0.0131491 0.00425373 -0.0104496 -0.0123748 -0.00299238 -0.00698922 0.022318 -0.0191519 -0.0240415 0.0149956 0.00583376 0.0222092 -0.018098 -0.00990978 0.0261518 0.0245132 -0.0160749 -0.00797678 0.0245612 -0.0201047 -0.0165004 -0.018371
internal_weight=1088.64 755.004 584.771 333.637 460.922 305.274 170.233 123.849 140.17 295.622 276.716 134.57 51.5505 29.7704 95.4916 21.78 28.5576 21.8121 75.8165 41.7193 19.6751 34.0972 28.363 16.613 160.461 135.161 91.5269 75.7718 51.532 36.9484 30.0627 24.2398 16.4983 90.2272 80.2084 45.4027 153.233 14.5837 28.3576 34.0993 26.5628 16.4009 18.8399 21.5774 13.5191 9.89027 83.0195 30.9495 165.3 24.2091 13.5273 34.8056 14.1823 10.0188 142.146 73.3339 43.6338 18.4581 49.943 147.634 76.0874 68.9399
internal_count=3603 2736 2231 867 1797 783 505 434 414 1275 698 381 174 85 311 89 85 61 233 133 78 100 84 44 790 485 319 272 201 153 91 71 51 299 259 168 766 48 123 112 86 61 82 71 40 43 207 136 522 69 41 91 65 40 317 177 166 62 115 746 335 303
is_linear=0
shrinkage=0.03


Tree=57
num_leaves=63
num_cat=0
split_feature=29 19 19 29 5 40 37 87 19 36 4 4 16 65 82 18 66 67 40 5 44 65 63 48 46 5 81 5 3 43 55 52 64 80 63 26 72 8 54 58 24 54 24 80 45 44 66 25 34 38 37 52 52 27 25 81 37 65 43 75 11 37
split_gain=255.81 117.848 14.8948 7.47548 8.13038 7.36036 12.3926 9.46336 9.01435 6.98706 10.2807 6.58802 5.74241 9.81822 7.24919 6.17178 5.69425 4.60558 4.48664 4.46007 5.9836 5.75662 5.66711 6.71792 5.59673 5.00854 4.62765 4.45309 4.16751 3.81712 3.80557 3.64377 3.41794 3.28055 4.22253 4.71057 3.22342 2.83955 2.76077 2.71752 3.79802 5.65096 2.95198 2.58159 4.39263 3.30183 2.56525 2.33142 2.2965 2.54473 2.12904 6.05726 5.52961 4.23323 2.2844 1.89708 1.79647 1.7817 1.76031 1.62887 1.60941 4.08539
threshold=-1.0000000180025095e-35 -1.0000000180025095e-35 -1.0000000180025095e-35 1.0000000180025095e-35 71.68129051436047 105.22000122070314 0.0060120601335024006 8.7126040005621999 1.0000000180025095e-35 1.1543717149644019 836899000.00000012 455375200.00000006 1.8158892178081489 0.026597818826325902 0.11185078065513381 0.025257891452878451 0.39611567925823038 74.274997711181655 122.064998626709 82.925915139294247 72.477998517330619 0.021683598216718353 45.335238608529259 -1.0000000180025095e-35 0.0086340892653453526 56.313405898142484 53.082975498101185 44.935607121248061 25.545850910648731 4699150.0000000009 -0.45699257445503333 10.184999942779543 -0.094859001855350983 14490000.000000002 49.437933459245023 0.25335974896344743 72.595992770357199 0.14485935143738082 54.557655201227412 2.8474999666213994 37487900.000000007 43.025505982641143 10949600.000000002 14974700.000000002 -1.0290978284014114 63.023867198740874 0.27941162795734248 24.595917081981479 117463050.00000001 0.11939318069228251 0.0077481552455365508 16.925000190734867 17.554999351501468 0.018122738224107354 39.653761613214279 83.584469367401468 0.0061602223975765506 0.010269248610822401 16055100.000000002 1.0876892529420805 20.228514691931871 0.0087994201405844526
decision_type=2 2 2 2 2 2 2 2 2 2 2 2 2 2 2 2 2 2 2 2 2 2 2 2 2 2 2 2 2 2 2 2 2 2 2 2 2 2 2 2 2 2 2 2 2 2 2 2 2 2 2 2 2 2 2 2 2 2 2 2 2 2
left_child=2 3 60 4 32 7 8 33 11 10 58 12 14 -14 15 -7 17 -8 -17 20 21 31 25 -24 -22 -23 -25 -12 -5 -16 -28 -4 -2 34 -3 -36 39 50 -30 42 41 -41 -33 44 -34 -46 -6 -45 -31 -50 51 -19 -53 54 -54 59 -44 -52 -9 -10 61 -1
right_child=1 5 19 28 46 6 16 9 55 -11 27 -13 13 -15 29 18 -18 37 -20 -21 24 22 23 26 -26 -27 30 -29 38 48 -32 36 43 -35 35 -37 -38 -39 -40 40 -42 -43 56 47 45 -47 -48 -49 49 -51 57 52 53 -55 -56 -57 -58 -59 -60 -61 -62 -63
leaf_value=-0.0024723170674100484 -0.028297083710261201 -0.02577759843845609 -0.031204363200045424 -0.011748416610994983 -0.014951885851796531 -0.021221180667704433 0.0077753410645640276 -0.026615836111141804 -0.0080393697836430439 0.028692708164589423 0.030241567392639963 0.014177028598777813 0.01906590770542204 -0.021081935208632115 0.00087505684899339949 0.022430844089981628 0.011414784502753106 -0.023471047129391943 -0.0053252010943049153 0.031867148143330873 -0.023934252165789895 0.0066357002978800457 0.034619630861107246 -0.0083784918255669291 0.017100211402323259 -0.030290561604880615 0.0031642584547170124 -0.0028084650244409063 0.00099170104493501773 -0.023860336012273137 0.031217794285255524 0.0042382138515827238 0.028574586247263587 -0.026079462267176785 0.01774282565226204 -0.015104933017046808 0.034739327736259915 -0.0040460747804690915 0.023756740272387014 0.016969570262661257 0.028798957657904793 -0.021088708065827338 0.032344357042388763 -0.031604879492759495 -0.0093622594825513075 0.02066620377724146 0.0110053579916821 0.027411287875165544 -0.020956690492176914 0.0064425864421147651 -0.0054317550323283665 0.017127721242753562 -0.0053038178813085536 0.01190696489117331 -0.025737150940489246 -0.0040213601305835126 0.018641441070362991 -0.023827285600298297 -0.0021376261747210064 -0.022838347928241472 0.030145787433418725 0.027768728415183332
leaf_weight=4.9724598377943066 1.1600520461797703 9.0416654497385043 1.1761220842599858 11.354353830218317 6.8465087264776212 8.4062535017728823 4.993274897336959 11.00782059133053 7.5998148918151847 8.1044085174798948 7.8769676238298398 12.917053580284117 15.334245383739473 8.5326585173606855 8.7330607473850232 10.991390243172647 5.0100342333316794 64.336482524871826 10.019243597984312 14.164817377924917 6.8155224770307523 8.2726043760776502 10.621455550193785 11.186664640903475 5.3315190821886063 5.5062060952186576 9.270969480276106 6.8684244155883789 10.761664673686029 41.838498532772064 8.2022970169782656 6.100232705473899 12.154794096946718 18.59397329390049 7.2414502799510947 8.5902752727270109 14.535020157694815 8.3972613811492902 8.6465440243482572 8.7920557856559771 6.8771878629922858 5.8460077047348014 21.344860106706619 0.60839825868606467 7.5902309417724592 5.8244730085134506 6.8596342206001282 61.623685389757156 7.0995471179485303 5.3494691699743271 4.8489551097154608 6.4805753827095023 7.2707945108413758 4.7926244288682929 15.25747576355934 6.46727231144905 14.432993054389952 208.27150823920965 3.4799573272466651 56.141568034887314 132.59258751571178 21.001353576779366
leaf_count=14 5 37 6 38 27 27 16 57 26 18 18 35 38 32 33 28 17 308 32 26 29 25 19 38 14 24 29 24 36 184 16 17 24 85 21 39 24 35 17 22 13 21 38 3 26 14 16 120 22 19 15 20 24 16 67 21 34 1073 14 197 231 39
internal_value=-0.000254774 -0.00987802 0.0223074 0.0156604 0.0195473 -0.0154652 -0.0167532 -0.00703208 -0.0108501 0.00404521 -0.0027879 -0.00614878 -0.00840622 0.00471265 -0.0117934 0.000503148 -0.0203243 -0.0208141 0.00919495 0.0158031 0.0142263 0.0160783 0.00843354 0.0142403 -0.00592361 -0.00812055 0.00668759 0.0148468 0.00268802 -0.0175333 0.0163331 0.0212061 0.0228611 -0.0165472 -0.00942148 -8.03288e-05 0.0219971 -0.0212606 0.0111337 0.0190755 0.0104098 0.00177022 0.0235276 0.023537 0.0155117 0.00367567 -0.00196084 0.0268343 -0.0204946 -0.00918294 -0.0217251 -0.0180687 -0.00778617 -0.0136958 -0.0191425 -0.0195031 0.0268165 -0.0234087 -0.0207362 -0.0210739 0.0288081 0.0219793
internal_weight=1060.37 743.324 317.043 133.43 102.668 609.894 529.089 80.8049 199.43 37.3376 29.2332 129.221 116.304 23.8669 92.4375 29.4169 329.659 324.649 21.0106 158.477 144.312 132.165 53.0602 39.2814 12.147 13.7788 28.6599 14.7454 30.7626 63.0206 17.4733 79.1045 88.9616 43.4674 24.8734 15.8317 77.9284 319.656 19.4082 63.3933 21.5153 14.6381 41.8781 87.8016 25.5695 13.4147 13.7061 62.2321 54.2875 12.449 311.258 98.138 33.8015 27.3209 22.5283 70.2087 35.7779 213.12 14.4878 63.7414 158.566 25.9738
internal_count=3603 2924 679 326 235 2598 2285 313 694 131 113 450 415 70 345 87 1591 1574 60 395 369 326 151 102 43 49 83 42 91 258 45 175 192 182 97 60 169 1558 53 145 56 43 89 187 64 40 43 123 225 41 1523 435 127 107 91 244 72 1088 71 223 284 53
is_linear=0
shrinkage=0.03


Tree=58
num_leaves=63
num_cat=0
split_feature=54 29 37 35 9 52 9 9 72 7 49 29 29 37 30 80 9 55 83 42 40 88 35 54 48 46 36 24 68 28 46 25 55 51 66 80 47 37 52 35 5 47 36 80 84 21 40 18 84 58 34 46 45 73 43 82 35 55 26 28 26 84
split_gain=49.8771 38.8074 33.369 18.519 16.2215 12.2037 10.5788 14.243 7.87307 6.99743 7.14802 6.51075 7.70487 8.30139 9.7086 6.83074 6.37209 5.62742 5.51619 4.99909 5.71594 4.67973 4.63193 4.52284 4.58098 4.50661 6.55802 4.27566 6.01053 6.06976 4.48009 4.15972 4.11006 4.1096 5.97041 7.39018 5.38231 4.08185 5.36571 4.59651 5.65773 7.54539 4.72182 3.99317 3.72007 3.71611 3.69699 3.64631 3.41654 3.45936 3.3978 3.39433 3.38437 3.84634 3.57611 3.34782 3.87326 3.33403 4.78504 3.33343 3.44397 3.31375
threshold=57.083729006780125 -1.0000000180025095e-35 0.0063431030852144502 44.606435018972405 -1.0000000180025095e-35 14.59500026702881 1.0000000180025095e-35 -1.0000000180025095e-35 43.939415832700185 0.008490327721149651 13.335000038146974 -1.0000000180025095e-35 1.0000000180025095e-35 0.011318526665478302 89.262111663818374 10833100.000000002 1.0000000180025095e-35 1.0895594554872103 0.021615288610049153 164.25000000000003 163.29999542236331 34.23064355259752 73.970673645162989 49.440381356860591 -1.0000000180025095e-35 0.0092886239626616511 1.1071197671926358 57300500.000000007 93.255001068115249 0.10157514539129646 0.0087493911020667513 41.541379617831176 0.20448641438591328 17.214999198913578 0.097285276585386202 16602500.000000002 0.11779836621211937 0.0040186195883121509 10.730000019073488 76.465477954441425 55.101558287126167 0.1056741115028718 1.0022432053373793 18499000.000000004 0.028559273342405555 27.206651182289079 164.0100021362305 0.062915551258887023 0.027265901690552954 2.5314999818801884 188183800.00000003 0.0092570950775829018 -1.7287042542669864 0.45606294371928163 10465300.000000002 0.027295011563080753 58.221986839866439 -0.47198348986252714 0.55464503170144408 0.1084658552805577 -0.082509369418307388 0.028471794483330756
decision_type=2 2 2 2 2 2 2 2 2 2 2 2 2 2 2 2 2 2 2 2 2 2 2 2 2 2 2 2 2 2 2 2 2 2 2 2 2 2 2 2 2 2 2 2 2 2 2 2 2 2 2 2 2 2 2 2 2 2 2 2 2 2
left_child=1 4 9 16 -1 -5 7 8 51 10 48 -2 13 52 45 -14 17 31 19 20 22 23 25 24 -6 26 59 28 29 43 -30 50 -27 34 35 -11 37 -36 -39 40 41 -40 -43 -8 -32 -15 -16 -21 -3 -50 -4 -7 -13 54 -54 56 -26 -42 -59 60 -9 -34
right_child=11 2 3 5 21 6 27 18 -10 33 -12 12 15 14 46 -17 -18 -19 -20 47 -22 -23 -24 -25 55 32 -28 -29 30 -31 44 -33 61 -35 36 -37 -38 38 39 -41 57 42 -44 -45 -46 -47 -48 -49 49 -51 -52 -53 53 -55 -56 -57 -58 58 -60 -61 -62 -63
leaf_value=-0.02007649810097098 -0.018002827620644073 0.037167338911450874 0.02224973262560468 0.027163254346114024 -0.014232714740166489 0.036690541248365321 0.0015681900774884743 -0.0059415923355307125 -0.010243323758848167 0.039583533816311106 -0.0073244705269740586 0.008749945217071611 0.023489507597097257 0.0049911917194009484 0.035393337250917194 -0.016018139600047328 -0.015438625931270192 0.026752356720621998 0.033324297289939263 0.031527107661149301 -0.015084848166962497 0.021952055034251905 0.033512736495086765 -0.012267748146572886 0.0048526300308213213 0.023296396842612456 -0.011632032136059008 -0.013690394356005667 -0.014008967396141662 0.038902938511261309 -0.0068667696860731471 -0.010538209322754807 -0.009665257042138822 -0.016780887810251527 -0.010682977146285466 -0.0056611222202356927 -0.013513791050277953 0.029126647805180546 -0.010412066614126352 0.017140275879580561 -0.019806243290116834 0.0085435388051315706 0.048663862149224364 0.024869937503813801 0.024395799867555103 -0.02149839917352226 0.010314907416028437 0.0039931115711959774 0.025816396982156011 -0.0035266540450416073 -0.0078338035664823752 0.0023521490710102962 -0.0017850992763753231 -0.025112268522974952 -0.015021753281965184 0.0013704513095472172 0.039066659094339012 0.018477775356619843 -0.013517972788201426 0.039163260946848626 0.020469250099756562 0.019394344374657046
leaf_weight=65.870470985770226 70.964412346482277 7.477407872676852 9.0621696859598142 64.054383501410484 13.346118152141569 5.6033155024051648 22.476014420390133 7.5248745083808926 24.892455965280533 6.4369377046823484 13.061911702156065 9.9560167491435987 4.1201144009828559 10.405214682221414 10.137238487601282 89.430092990398407 21.877524510025978 8.253560006618498 23.559563785791397 30.149503335356712 5.5407200306653968 7.3567525148391715 12.267424732446669 31.35094653069973 7.1009305864572507 45.899684131145477 12.878355920314787 11.229410186409948 16.937506526708606 7.2152890413999549 6.7239309847354871 18.154002234339714 7.0990598648786527 21.260513097047806 27.104686200618744 6.5606343150138855 42.002662733197212 6.4249808341264716 9.1431252509355563 12.138502851128576 17.401267200708382 5.821297347545622 4.8312014639377594 9.3815949261188489 6.9836205244064331 8.7949977666139585 11.065066784620283 5.0543764233589163 7.8002279251813871 6.7409037798643112 5.387912154197692 4.8189830780029297 45.202617764472961 12.511940464377401 30.944847121834755 42.108833193778992 5.1287267953157425 6.7873169630766013 11.06424008309841 4.2403949052095404 10.852036267518999 7.0280634015798569
leaf_count=170 186 34 36 275 34 25 73 23 67 29 39 34 17 34 46 263 63 35 109 134 15 29 56 84 23 188 36 31 48 33 20 52 21 57 78 19 117 27 26 44 46 20 23 38 29 22 39 17 33 20 15 15 142 29 84 130 23 26 30 20 44 28
internal_value=0.000304604 0.00423546 0.00769939 0.012645 -0.00837663 0.0153183 0.0126872 0.0162769 -0.00107768 -0.00198254 0.0102577 -0.0100488 -0.00762171 -0.00314236 0.00831091 -0.0142782 -0.00237258 0.00462373 0.0198381 0.0176991 0.0146316 -0.00113291 0.0161591 -0.00284775 0.00151551 0.0139305 0.00545671 0.0034893 0.00625642 0.0140574 -0.00368991 -0.000978027 0.0189413 -0.0044088 -0.0027196 0.0167459 -0.00449234 -0.000730049 0.00293472 0.000430032 -0.00325467 0.00957992 0.0267392 0.00843021 0.00906065 -0.00714284 0.0223054 0.0275739 0.0206879 0.0122137 0.0110327 0.0208134 -0.00783473 -0.00969711 -0.00716422 0.00538345 0.0192009 -0.0104617 -0.00135291 0.0151871 0.00965469 0.00479152
internal_weight=1103 799.466 627.204 415.146 172.263 352.411 288.356 207.409 35.3148 212.058 35.0805 303.533 232.568 139.018 40.4025 93.5502 62.7352 40.8576 172.094 148.534 113.331 106.392 107.79 99.0356 67.6846 95.5225 35.4957 80.9474 69.718 39.0729 30.6451 32.6041 60.0268 176.977 155.717 12.9976 142.719 100.717 73.6119 67.187 55.0484 19.7956 10.6525 31.8576 13.7076 19.2002 21.2023 35.2039 22.0185 14.5411 14.4501 10.4223 98.6154 88.6594 76.1475 54.3385 12.2297 35.2528 17.8516 22.6173 18.3769 14.1271
internal_count=3603 2707 2214 1546 493 1345 1070 798 107 668 126 896 710 430 141 280 201 138 691 582 431 323 416 294 210 360 123 272 241 144 97 103 237 542 485 48 437 320 242 215 171 69 43 111 49 56 85 151 87 53 51 40 289 255 226 176 46 102 56 87 67 49
is_linear=0
shrinkage=0.03


Tree=59
num_leaves=63
num_cat=0
split_feature=9 37 81 49 46 66 25 9 37 44 66 34 47 66 56 20 54 38 89 46 45 9 86 0 64 6 63 48 45 17 66 56 84 14 14 45 45 84 38 56 24 25 80 25 14 32 44 34 47 45 74 38 14 87 64 68 50 20 26 5 38 45
split_gain=129.892 26.2322 25.1342 19.0568 13.9614 12.1272 10.745 11.1591 9.16083 10.6605 9.16879 8.69034 8.8133 7.75449 8.70677 9.08466 7.9536 7.48256 7.23242 6.90038 7.51066 6.33118 6.23296 6.16143 6.27119 6.03132 5.81794 5.97906 5.66705 5.40227 5.14991 6.45733 5.12314 5.973 5.00659 5.00576 4.98375 5.51387 4.86836 4.55696 4.33381 4.16284 3.93803 3.91791 5.30156 6.39771 4.35196 3.87031 3.72497 3.57165 6.52242 4.90742 3.43327 3.19606 3.17225 2.88051 2.77653 4.73945 6.45463 5.64018 2.72346 2.67526
threshold=1.0000000180025095e-35 0.0066674272798747007 77.399092246387085 19.384999275207523 0.0073562551123191504 0.30103654208226421 53.312188251483896 -1.0000000180025095e-35 0.0041622690187411516 57.224820880518884 0.12811757633298201 145187250.00000003 0.11232001625770401 0.35088626267956446 0.10978457177925861 34.119901657104499 64.017601329770727 0.11254098183977841 48506878.000000007 0.0057994084552558008 -0.75703878724380036 -1.0000000180025095e-35 9.2828256059467957 18.954624176025394 -0.094859001855350983 -0.28872601931398306 66.210950662055879 -1.0000000180025095e-35 -0.42828598750031682 0.013068263581129903 0.29209326778933203 0.06751447823294307 0.03253708870834756 30894150.000000004 41969250.000000007 1.0773306125423618 -1.2511788614665134 0.020828790058629004 0.10768232228379697 0.084949395386578211 16835450.000000004 57.849163956888667 7946200.0000000009 58.01615237381899 24905000.000000004 149.17728891171876 52.774972301686311 64327000.000000007 0.11064771626996481 0.25511097612911021 0.0034469571421414003 0.11528362035127766 47756000.000000007 33.572958906102642 0.028279364582702252 90.155002593994155 14.305000305175783 42.043176651000984 1.1657019272906128 68.58837651284027 0.12981088366995228 0.1322492941067139
decision_type=2 2 2 2 2 2 2 2 2 2 2 2 2 2 2 2 2 2 2 2 2 2 2 2 2 2 2 2 2 2 2 2 2 2 2 2 2 2 2 2 2 2 2 2 2 2 2 2 2 2 2 2 2 2 2 2 2 2 2 2 2 2
left_child=1 3 17 4 8 25 7 -3 9 19 -10 12 -7 14 15 16 22 61 29 -1 -21 -12 35 30 -25 -6 27 60 -29 -17 31 -19 56 53 -35 38 37 -8 48 -31 47 -4 -38 44 -27 -46 -47 -30 -9 -20 -51 -52 -33 -34 -43 -5 57 -26 59 -59 -23 -2
right_child=2 6 41 55 5 11 36 13 10 -11 21 -13 -14 -15 -16 18 -18 23 49 20 -22 26 -24 24 32 43 -28 28 40 39 -32 52 33 34 -36 -37 42 -39 -40 -41 -42 54 -44 -45 45 46 -48 -49 -50 50 51 -53 -54 -55 -56 -57 -58 58 -60 -61 -62 -63
leaf_value=-0.017064639106719182 0.029870780652990727 -0.01777607476721231 0.0075413656836897077 0.037773803906107142 0.0090908273909547435 0.012526132921252646 0.010451505955785995 -0.0045219730926094985 0.022369979837220843 0.028361248750617116 -0.020293910119170821 0.034135608426156878 -0.027326727395528754 -0.026460997625737757 -0.014118187482837975 -0.023716471556615899 0.01398857674410524 -0.021896971363549705 0.024246636579281139 -0.0095841572965275276 0.024873706100365697 -0.0027024653993191977 -0.026840040143080127 -0.02088586930513478 0.036668859067426403 -0.027573489789212126 -0.027916946248736065 0.023271648683631775 0.0046923025374300559 0.014594922467527914 0.014496923735221422 0.024274680503824413 0.020525537185330137 -0.024475368221586163 0.013939863709192696 -0.019028971251489529 0.0062962075246255009 -0.015428164788234267 -0.017309518512371044 -0.020266046377451274 0.021415370504333894 -0.024132438058459028 -0.021533352999718865 -0.022844432706377441 -0.022324659211499738 0.025129887931144346 -0.0048183510555446915 -0.02782408051988676 0.026041805993315532 0.034374807659828276 0.016290810910278463 -0.015096568815901313 -0.0085066297252578069 -0.0021650781997201041 -0.0010089006389784119 0.016395645712200053 0.025945899762099194 -0.020480960618193791 0.023631329606240533 0.020578880398614913 -0.028072576170047148 0.020237910713950317
leaf_weight=11.156013846397398 45.497790172696114 77.510402321815491 9.1513672620058042 10.335451021790506 8.6209408864378911 12.998896047472959 10.447741881012915 6.0446909517049816 11.769622221589087 24.016107350587845 20.598155602812767 7.8793793618679038 8.1100036352872831 13.296242117881773 45.4906390234828 8.6256629526615161 12.98903153836727 10.89938433468342 21.941298589110374 9.3054885566234571 14.66498412191868 9.8830265402793902 17.525999367237091 3.7496401965618125 7.4427844285964957 11.217708542942999 6.3433486223220816 15.280046507716174 7.0014772862196022 12.717700973153116 24.920221388339996 6.6852586269378644 31.322445020079613 6.9116837680339795 5.4696854203939438 13.840341821312903 4.7490849345922461 25.477892652153969 6.6146886348724356 4.5937021225690833 5.3391621559858313 15.699246361851694 125.73395657539368 49.13439504802227 10.074902236461641 7.4285766184330013 10.596139073371885 6.2222687900066376 8.8332162946462613 6.1134391874074963 7.9400445669889477 10.297356367111204 5.045522004365921 6.7996299862861624 8.0915549248456937 12.572883054614065 65.585425212979317 8.306182414293291 14.222824871540068 4.7229754924774161 6.1954649835824958 60.386182636022568
leaf_count=31 102 239 34 22 24 39 36 22 28 52 73 18 27 59 211 40 34 49 65 24 34 31 78 13 15 44 28 40 25 40 71 19 85 28 15 58 20 113 29 23 15 73 591 173 33 18 29 20 20 16 23 41 21 26 29 32 152 35 34 13 26 145
internal_value=-6.10356e-05 -0.00713959 0.0152528 -0.00024402 -0.00244293 -0.00977709 -0.0117818 -0.00813407 0.00381355 0.0129575 -0.00228802 0.00725029 -0.00278527 -0.00433776 -0.00273533 0.00101485 -0.0070445 0.0179169 0.00836218 0.00242592 0.0114969 -0.00606377 -0.012213 0.0145321 0.0174378 -0.0148619 -0.00085421 0.00258456 0.00974076 -0.00432017 0.00508861 -0.00527179 0.0183909 0.0105987 -0.00750477 -0.00495757 -0.0177963 -0.00790195 0.00410383 0.00534432 -0.00139718 -0.00965361 -0.0205205 -0.0171964 -0.0101382 -0.00317781 0.0075243 -0.0106079 0.0136242 0.015468 0.00755799 -0.0014314 0.0101751 0.0164783 -0.0162678 0.0260407 0.0223152 0.0154518 0.00965725 -0.00559707 -0.0124782 0.0243771
internal_weight=1078.44 737.528 340.91 296.744 273.836 126.061 440.783 274.374 147.775 59.1426 88.6326 28.9883 21.1089 196.864 183.568 138.077 65.848 307.968 72.2292 35.1265 23.9705 76.863 52.8589 202.084 154.533 97.0727 56.2648 49.9214 33.843 25.9371 47.5504 22.6302 150.784 50.5034 12.3814 35.3329 166.409 35.9256 21.4926 17.3114 18.5629 32.9422 130.483 88.4517 39.3173 28.0996 18.0247 13.2237 14.8779 46.2921 24.3508 18.2374 11.7308 38.1221 23.7908 22.9083 100.28 34.6948 27.252 13.0292 16.0785 105.884
internal_count=3603 2644 959 886 832 405 1758 998 427 141 286 84 66 759 700 489 241 823 248 89 58 258 207 576 416 321 185 157 100 103 160 89 403 154 43 129 760 149 71 63 60 136 611 297 124 80 47 45 42 145 80 64 40 111 102 54 249 97 82 48 57 247
is_linear=0
shrinkage=0.03


Tree=60
num_leaves=63
num_cat=0
split_feature=19 9 9 9 65 56 55 73 56 48 45 55 83 42 61 63 44 69 46 68 47 49 11 47 63 56 85 81 54 68 16 58 84 63 64 64 74 73 65 55 83 55 84 14 49 68 81 73 74 39 64 52 84 68 18 26 54 18 63 76 26 81
split_gain=226.642 61.6505 14.9067 8.29706 8.22304 7.97219 10.356 10.2196 7.61848 7.5512 8.01064 7.54692 6.67571 7.23874 6.98555 6.2308 6.19996 7.22782 5.40829 8.33826 5.02045 4.90585 4.72356 4.47294 4.44029 4.40827 5.7772 4.39763 4.3646 4.23016 4.21672 6.15913 5.70454 4.18707 4.66002 3.79025 3.63479 3.56587 6.62287 5.92007 4.35528 3.67066 3.51126 3.40479 3.37924 3.27385 3.21985 3.16262 3.11726 2.96496 3.81524 3.4241 10.0859 2.78852 2.75128 2.74299 4.5943 3.19844 2.72827 3.52881 2.70866 2.569
threshold=-1.0000000180025095e-35 -1.0000000180025095e-35 1.0000000180025095e-35 -1.0000000180025095e-35 0.025071330483011755 0.087910086313207916 0.42434917486145279 -0.13108309083421682 0.10345135462972146 -1.0000000180025095e-35 0.32285558443272327 -0.68328038439136296 0.009403298197934902 148.84999847412112 2.6345000267028813 65.273486384989084 59.555479634046399 93.985000610351577 0.006224666613730551 96.704998016357436 0.092726993122244708 10.635000228881838 30.777482071756896 0.11157476606653781 52.732350839894387 0.058247553880726159 10.031448364257814 61.473893766503508 32.275448363312421 97.229999542236342 1.1132659174691855 2.5475000143051152 0.023471826701968602 27.136445393521708 0.05611153382695596 0.039358884036190901 0.0056956703900549006 0.09655773048564241 0.023747414987298505 -0.49754927512949088 0.0071026517222905509 -0.11764487205608094 0.029701786101250703 120340400.00000001 16.914999961853031 85.795001983642592 25.375165904924391 0.35641971012613999 0.0046123627137908503 146.51999664306643 -0.10097410245053694 24.365000724792484 0.016577602578221454 73.139999389648452 0.036628758299659551 1.0178422418794464 60.348182956789579 0.05182518768614456 44.384667332053475 21.322612762451175 1.0458388458632586 82.143528156517789
decision_type=2 2 2 2 2 2 2 2 2 2 2 2 2 2 2 2 2 2 2 2 2 2 2 2 2 2 2 2 2 2 2 2 2 2 2 2 2 2 2 2 2 2 2 2 2 2 2 2 2 2 2 2 2 2 2 2 2 2 2 2 2 2
left_child=3 8 4 21 5 6 12 -8 18 10 -6 36 14 60 16 25 17 35 19 -2 45 -1 -9 24 -19 26 -16 43 -13 -7 31 32 -20 -33 -35 -3 44 38 39 40 -29 -41 -10 -4 -5 -11 -30 -34 -12 50 -48 52 -52 -23 -17 -22 57 -57 -54 -60 -14 -39
right_child=1 2 27 11 9 29 7 22 42 20 48 28 13 -15 15 54 -18 23 30 -21 55 53 -24 -25 -26 -27 -28 37 46 -31 -32 33 47 34 -36 -37 -38 61 -40 41 -42 -43 -44 -45 -46 -47 49 -49 -50 -51 51 -53 58 -55 -56 56 -58 -59 59 -61 -62 -63
leaf_value=-0.026619916345382074 -0.015513338631922266 -0.018773963660109669 -0.023305658028502287 0.007927285952067719 -0.020459868498831458 -0.020578352447045371 -0.016016748471781216 0.032403208872704196 -0.024383452008797608 0.015826004280139538 0.02837146345659582 -0.030992278496435856 -0.024075887184427783 0.0079740727801588321 -0.0015235487912688879 -0.027530173378916056 -0.02341124884986431 0.015676105209701068 0.013559332530671511 0.020534094244500256 -0.021999562738242023 -0.032579239719773188 0.0047453287173610456 0.023500534843982377 -0.01931908590395948 -0.005943438449085587 0.026736143947971615 0.027774758096070939 -0.012951485715728595 0.0016303924984951092 0.031418974938945396 -0.033700087854633742 -0.022600134512943518 0.029369267349608819 0.0070575626450401574 0.0078938433522924394 0.018808683061087642 -0.024505903110691077 -0.02159149700591214 -0.021796354765950089 -0.0035949946913227376 0.0084372219825240499 0.0062306070589475222 0.0017473833218854863 -0.020740065862501888 -0.017311671100233416 -0.031485625147957677 0.0083632708198239421 0.00022775480879446685 0.029849888068916825 -0.019425547725504467 0.031771712784176051 0.028614488193292438 0.027507079437727219 0.0043057905407982953 -0.025487812332979538 0.014211572146938183 -0.00043345943025145894 0.0030312120666341025 0.024069013038911718 -0.0011327063495486093 -0.003126307576210339
leaf_weight=1.5359336733818043 13.430159136652948 23.065292038023475 128.68512640893459 6.7281872779130962 9.6054048538208026 42.122009038925171 8.5027182400226575 15.169631868600847 7.6693144142627698 6.2931958138942701 7.4608940854668599 1.4980257898569096 35.025788493454456 9.5730599761009199 9.7025975435972232 6.0576005429029447 18.44877303391695 6.2213783860206622 21.055232688784599 10.132338017225264 90.485289864242077 0.69812864065170188 8.770552456378935 10.658413320779799 6.8626604825258255 9.6242870390415174 19.790543034672737 8.2557406127452833 2.5133876651525489 9.450658090412615 13.761033326387404 1.2177940160036076 8.436635494232176 28.438375130295753 11.971463203430174 6.0560329705476752 6.6569826602935782 31.242299295961857 22.577209621667862 12.0502547994256 7.6968095898628226 5.1625358611345318 6.0173379629850388 5.0746802389621726 8.2244226336479169 4.6776203513145447 1.3611270189285267 4.5809213966131201 6.7434757649898529 27.358123421669006 6.4772939532995215 15.357795819640158 20.937871113419533 161.69403396546841 4.0944304168224335 13.970135927200323 5.2217077463865271 6.8267066627740851 13.287711173295977 15.600688859820364 5.3368055075407019 6.0355373471975318
leaf_count=8 54 86 502 21 58 230 25 29 34 17 20 8 183 36 26 29 74 18 59 22 485 2 25 26 37 35 41 18 7 34 27 6 38 55 32 18 15 133 105 50 28 18 19 14 35 24 6 15 27 52 18 27 40 298 14 72 13 29 38 35 24 29
internal_value=-0.000269396 -0.00888512 -0.0127109 0.0222947 -0.00926833 -0.00597605 -0.00329971 0.0122362 0.0102151 -0.0148075 0.000700848 0.016506 -0.00625559 -0.0154796 -0.00243571 0.00625138 -0.00843758 -0.00321196 0.0127749 -1.22323e-05 -0.0177042 0.026744 0.0222707 0.00907341 -0.00267909 0.0116863 0.0174393 -0.0188714 0.0198465 -0.0165086 0.0161428 0.0133659 0.00390744 0.0211077 0.0227594 -0.0132282 0.00036883 -0.0138618 -0.00905841 -0.000526542 0.0126394 -0.0127286 -0.010924 -0.0223552 -0.00784069 0.00169711 0.0205867 -0.011704 0.0150103 0.0214264 0.0182705 0.0192156 0.0157907 0.0272488 -0.0146904 -0.0195312 -0.0109468 -0.0172635 0.0203687 0.0143923 -0.0210423 -0.0210444
internal_weight=1049.24 759.308 632.598 289.93 405.818 254.533 202.961 32.4429 126.711 151.284 23.8098 126.002 170.518 49.9357 120.582 49.2695 71.3126 52.8638 113.024 23.5625 127.475 163.928 23.9402 23.7425 13.084 39.1174 29.4931 226.78 104.392 51.5727 89.4615 75.7004 34.0728 41.6276 40.4098 29.1213 21.6096 93.0204 55.7426 33.1653 15.9526 17.2128 13.6867 133.76 14.9526 10.9708 102.894 13.0176 14.2044 100.381 73.0225 71.6614 56.3036 162.392 10.152 116.504 26.0186 20.7968 49.8263 28.8884 40.3626 37.2778
internal_count=3603 2993 2632 610 1735 990 726 79 361 745 105 302 647 243 404 145 259 185 308 76 640 308 54 81 55 102 67 897 231 264 232 205 112 93 87 104 71 381 219 114 46 68 53 516 56 41 223 53 47 216 164 158 131 300 43 599 114 101 113 73 207 162
is_linear=0
shrinkage=0.03


Tree=61
num_leaves=63
num_cat=0
split_feature=54 29 37 19 9 9 50 19 37 9 9 7 56 28 58 73 5 50 45 87 54 45 38 74 25 22 56 35 21 45 36 3 52 44 37 25 44 29 84 37 27 28 70 38 75 47 67 6 87 67 80 44 43 25 29 50 13 27 37 74 38 14
split_gain=47.3274 36.0241 31.45 19.8646 15.783 14.7505 10.2376 8.50593 10.5315 10.2818 7.5018 6.64681 7.56116 6.35494 7.98556 5.55473 5.48326 5.37031 5.68093 5.22974 4.48022 4.37259 4.89552 4.70827 4.92167 4.43742 4.89338 4.24208 4.16993 5.71858 4.38256 6.15882 4.13841 5.7643 4.12019 4.09749 4.29596 4.07792 5.65693 4.0348 7.33736 3.99071 3.84757 5.21771 3.75056 3.64047 3.77133 5.11764 3.49016 3.41586 3.36737 3.33709 3.27177 3.21698 3.21254 3.15408 3.12973 3.73221 3.38301 5.08367 3.08101 4.52932
threshold=57.083729006780125 -1.0000000180025095e-35 0.0063431030852144502 1.0000000180025095e-35 -1.0000000180025095e-35 -1.0000000180025095e-35 14.934999942779543 -1.0000000180025095e-35 0.011318526665478302 1.0000000180025095e-35 1.0000000180025095e-35 0.008490327721149651 0.090646622133515209 0.10271754623682706 2.4585000276565556 0.53718939047601577 60.622252127400131 15.885000228881838 1.0367177854537888 33.892346115253623 49.440381356860591 0.40495871070807971 0.13497320111850716 0.0040205576749871011 49.039481574380197 24.784875304293038 0.080403028515212069 29.047086466463224 26.873223988667409 1.0367177854537888 1.2214240253810973 25.13329018333587 16.744999885559086 61.140007203761861 0.0051157907267261006 31.643377430265122 46.452662661535719 1.0000000180025095e-35 0.027920455589726754 0.0057384689596882508 0.010849805464199053 0.094576225417399171 93.83499908447267 0.11136810492559276 1.0921241995636162 0.11019088434208776 81.545001983642592 0.079231630662114569 8.73875920383969 77.104999542236342 11931800.000000002 41.367318886157101 14021100.000000002 46.364108047346718 1.0000000180025095e-35 24.404999732971199 20.40439135927328 0.0096075636467260021 0.0062952564869617504 0.0039159656361653005 0.11316957793576192 44722200.000000007
decision_type=2 2 2 2 2 2 2 2 2 2 2 2 2 2 2 2 2 2 2 2 2 2 2 2 2 2 2 2 2 2 2 2 2 2 2 2 2 2 2 2 2 2 2 2 2 2 2 2 2 2 2 2 2 2 2 2 2 2 2 2 2 2
left_child=1 4 11 5 -1 15 50 48 54 27 21 13 28 14 -3 32 49 -12 37 20 56 45 23 24 -23 26 -25 -10 -13 30 39 34 41 -34 44 -29 -37 38 -19 -30 -41 -4 43 -18 -32 46 47 -7 -2 -8 -5 -15 -11 -48 -9 -45 -6 -58 -59 -60 -51 -62
right_child=7 2 3 6 19 10 16 8 9 52 17 12 -14 51 -16 -17 42 18 -20 -21 -22 22 -24 25 -26 -27 -28 35 29 -31 31 -33 33 -35 -36 36 -38 -39 -40 40 -42 -43 -44 55 -46 -47 53 -49 -50 60 -52 -53 -54 -55 -56 -57 57 58 59 -61 61 -63
leaf_value=-0.019779249071181195 -0.00020722360845467462 0.02140624300612964 0.0031446426213915771 0.0099247227647270963 0.017270477500735834 0.02688477516576521 0.0098713650638562935 -0.0074626816834473184 -0.0070351121506956457 -0.00071866861011432007 0.027831664367652428 0.018235011308602386 0.022545481803713973 0.011536354606549769 -0.014939597458010094 -0.023457367323088816 -0.0013511743799677174 -0.0032360661963402662 0.022657550265475775 0.024179072228606869 -0.012089932679533684 -0.015874862363788225 0.027932031706894064 -0.011171430740215123 0.017721904079648573 0.024438837824989505 0.021659273491148604 0.037182510906560794 -0.016472057899487993 -0.017347642013387437 -0.010004925613308617 -0.0044731105226689166 -0.011037625174053793 0.016982142979679853 0.03192121479956226 -0.0042695727747225068 0.022812884266855536 -0.016173747409140172 0.024947555627582687 0.027373902392622738 -0.016536594399640829 0.03601355819509526 -0.0085639526621556668 0.039644809095735388 0.021714662700077242 0.030518812453058052 0.0081691104974427383 -0.00735872730413381 -0.020607349458219376 -0.021592348479870311 0.042160627955114036 0.042292134752553993 -0.024582412212559281 0.029856664498200229 -0.01610948079459493 0.0075276589819044991 0.012119002889796228 -0.017645352072339748 0.01975013534365835 -0.0077597249226152871 -0.01086463309829893 0.019735377114128014
leaf_weight=64.484608709812164 8.4731753468513471 9.3952934443950671 6.9032341390848142 5.4889952242374402 9.8455115705728513 6.9769464433193198 7.9188703298568717 103.18951521813869 7.191912814974784 10.24915696680546 12.38796918094158 6.27780757844448 8.9543876051902753 6.3390873372554761 12.924835518002508 7.1524930894374839 10.530354678630831 19.915113627910618 13.55718247592449 6.9649172723293296 31.334932804107666 9.4180659055709857 24.313257038593292 8.4492392688989657 6.7274457216262809 27.479779914021492 7.9121211469173423 7.8848139792680767 33.67205074429512 35.337791264057159 7.3497292250394839 56.581844285130501 18.868092924356464 10.169251963496206 7.7396197915077201 8.7907948642969149 13.166990563273428 10.211938366293905 9.4515009820461255 6.1039791554212552 7.8031439781188965 6.4126913547515869 9.7897733896970731 7.4044385850429517 6.1724867075681686 61.727933675050735 7.8755884915590277 8.9877483397722226 69.114452078938484 17.186064302921295 6.2227406799793243 6.3613312244415283 10.435235276818274 28.185517117381096 61.84830205142498 4.3797409683465958 14.515244290232657 13.906645134091375 8.5698352903127688 20.525523036718369 26.326229527592663 5.215981349349021
leaf_count=170 27 38 23 20 36 30 28 304 21 35 55 24 36 22 36 16 33 61 54 28 85 25 108 23 27 117 32 35 90 95 21 173 50 38 33 27 53 28 39 25 21 29 30 34 24 276 28 26 180 47 29 30 28 127 186 15 50 34 33 57 78 20
internal_value=0.000319988 0.00415411 0.00748792 0.0122967 -0.00808328 0.0160213 0.000689584 -0.00982505 -0.00684549 0.0041847 0.0188433 -0.00193644 -0.00431157 0.00999957 0.00035959 0.000996048 -0.00278929 0.0100442 0.00589721 -0.000945364 -0.00271835 0.0217544 0.0165764 0.0119738 -0.0018759 0.0170742 0.00470503 0.0136474 -0.00575129 -0.00668797 -0.00368461 0.000699623 0.00512567 -0.00122474 0.0144653 0.0186318 0.0119704 0.000156143 0.00583469 -0.0108576 0.00273617 0.0189737 0.00711584 0.0139948 0.00447412 0.0255918 0.0197459 0.00760649 -0.0183795 -0.00840295 0.0270525 0.0269412 -0.0127579 0.0251202 -0.0107031 0.0277081 0.001641 -0.00103437 -0.00547427 0.000343113 -0.0113727 -0.00580446
internal_weight=1095.05 794.707 624.56 413.546 170.147 313.083 100.463 300.344 222.757 57.7189 263.577 211.013 175.993 35.0205 22.3201 49.5058 88.7515 65.5237 53.1357 105.663 98.6977 198.054 84.2999 59.9867 16.1455 43.8411 16.3614 37.0345 167.038 160.761 125.423 77.8437 42.3533 29.0373 21.2618 29.8426 21.9578 39.5786 29.3666 47.5792 13.9071 13.3159 32.1043 22.3145 13.5222 113.754 52.0258 15.9647 77.5876 56.6471 11.7117 12.7004 20.6844 36.0611 165.038 11.7842 67.3628 57.5172 43.002 29.0954 48.7283 31.5422
internal_count=3603 2707 2214 1546 493 1212 334 896 689 199 1056 668 542 126 74 156 285 237 182 323 295 819 332 224 52 172 55 136 506 482 387 251 140 88 78 115 80 128 100 136 46 52 112 82 45 487 211 56 207 173 49 52 63 155 490 49 210 174 124 90 145 98
is_linear=0
shrinkage=0.03


Tree=62
num_leaves=63
num_cat=0
split_feature=29 29 37 15 52 66 11 84 56 15 17 80 54 26 44 82 67 33 45 48 25 78 25 26 51 5 17 67 18 37 25 56 26 58 73 39 4 36 89 51 37 82 7 73 43 36 26 14 86 15 51 5 17 45 55 58 84 68 89 26 26 74
split_gain=130.11 60.4403 14.5075 12.0734 11.094 11.2472 10.3986 8.02714 7.26931 8.34171 8.33921 6.90773 6.71147 6.49459 6.72119 6.16035 14.2836 12.5207 5.94703 8.15687 5.52517 5.45583 5.6991 7.52839 9.913 8.3172 5.76783 5.5446 5.29003 5.27665 5.09056 8.37326 6.6971 4.61983 4.58842 4.53537 4.385 8.27311 4.37454 4.36415 6.86152 4.40516 5.0414 4.20316 4.18199 4.11836 6.07778 3.9476 4.83511 5.19246 3.81047 3.56896 3.48356 3.45045 4.5097 3.37126 3.42386 3.26673 3.28584 3.20385 5.73622 2.92057
threshold=1.0000000180025095e-35 -1.0000000180025095e-35 0.0057074468155778003 52.024319103428809 15.425000190734863 0.30976589034586971 137.67907598976217 0.017262966086870151 0.038914385308113059 33.15091499215508 0.022194937275075006 14334100.000000002 36.711473937345545 0.70175422443837132 60.935151484287069 0.091994135096536714 92.854999542236342 79.475344934532572 0.76733013104573911 1.0000000180025095e-35 37.900393786400798 73.382425935600409 40.507578424762805 0.99759809756049134 14.125000000000002 78.272238021376054 0.018021115460652853 79.575000762939467 0.025739358378372254 0.0063700318640923003 56.681459359954324 0.069552668239786578 -0.15855276572381519 3.4854999780654912 -0.047636082405290346 133.68499755859378 596243200.00000012 1.2978387913220433 73335818.000000015 17.814999580383304 0.010896824932564301 0.0041200907764950513 0.016963363675013853 0.022317926214796505 14946500.000000002 2.0360906220419399 1.5444935317317958 84700350.000000015 15.462508434956041 23.552407412360704 17.945000648498539 71.68129051436047 0.017181452259172104 1.0000000180025095e-35 -0.27492785005767922 1.6754999756813052 0.028718413736534106 95.939998626708999 54588073.500000007 0.42977591174396151 0.19446707772167923 0.0021199853491349007
decision_type=2 2 2 2 2 2 2 2 2 2 2 2 2 2 2 2 2 2 2 2 2 2 2 2 2 2 2 2 2 2 2 2 2 2 2 2 2 2 2 2 2 2 2 2 2 2 2 2 2 2 2 2 2 2 2 2 2 2 2 2 2 2
left_child=1 55 3 -3 5 20 12 33 -6 47 15 36 -5 28 45 17 50 -11 19 39 -4 22 26 24 25 57 61 -26 -14 -29 31 -18 -33 -2 -8 -31 37 -12 52 43 -41 42 -42 -19 -20 46 -15 48 49 -10 51 -17 -37 54 -25 56 -1 58 -24 60 -30 -9
right_child=7 2 4 6 8 -7 34 21 9 10 11 -13 13 14 -16 16 30 18 44 -21 -22 -23 23 53 27 -27 -28 29 59 35 -32 32 -34 -35 -36 38 -38 -39 -40 40 41 -43 -44 -45 -46 -47 -48 -49 -50 -51 -52 -53 -54 -55 -56 -57 -58 -59 -60 -61 -62 -63
leaf_value=0.0016647833975883071 0.025908741871883568 0.021816686840133374 0.0030425919182210824 -0.024754642419336313 0.021066128645297014 0.015726188480605773 0.03069213843795441 0.00031572658955822207 0.018166289403281514 0.02891204801413079 0.024528278050645232 -0.020483664836030851 0.014303400334657211 -0.0042386613053005682 0.032433046344616072 -0.019099095607577925 0.030320636880767422 0.0053946398907479794 -0.025076202392824504 0.022591098443429155 -0.023026615058030216 -0.01303514527057976 0.0001528861111750965 -0.0047110352077318739 -0.0036280021824786025 0.021292393207762602 0.0055925341323722838 0.031072029270546333 -0.020821322048680604 0.021416661709527461 -0.012327625338268488 0.01277811095081228 -0.02391277923719658 0.0039220852371186074 0.0058974847088650402 -0.024222509382085845 -0.017268679189361379 -0.025713495219385835 0.023620210406317503 0.021057710890389651 0.020648955272280497 -0.025639854818846997 -0.0096351938094484738 -0.020786064539312192 -0.00091828348398307052 -0.014703238218203869 0.031477660031531886 0.029330261037837327 0.01970289925642257 -0.0140170695167813 -0.025560655878915924 0.011210898338266875 0.0076681998773400119 0.033024593782119777 0.026860280536855408 -0.022132001834209766 -0.01863663504855248 -0.028778501844249134 -0.025179923801398975 -0.022607573209427596 0.0099519178876592059 0.030186272790540022
leaf_weight=11.349032446742056 86.91886393725872 35.009199768304825 8.433488115668295 11.221457839012144 11.70213535428047 9.3097413927316648 13.329554304480554 3.1902346462011328 6.632963731884959 14.256313666701315 10.094575911760332 46.674004480242729 8.2422016859054548 10.422696366906171 8.7756370902061445 8.7222957760095579 12.164187312126161 8.4470414519310015 13.515726640820505 15.447616487741469 55.269063472747803 6.8707752227783194 18.158448785543449 6.9433396756649044 12.917497783899305 8.7995942384004575 13.917893797159193 18.933918297290802 10.484370321035387 20.008688494563103 11.660553775727747 11.400375530123712 7.3727782517671576 9.5456002652645093 13.540975734591482 6.5339493006467837 8.6063175648450834 4.1675048023462287 5.1985403448343268 14.367519006133078 8.1714818477630669 6.7199125587940207 12.538224920630453 15.921155117452143 12.335032626986502 8.7492489218711835 7.2851783186197272 7.4792980700731269 12.833477601408957 14.10892967879772 30.949346736073494 5.8354759365320197 5.8363576531410217 16.834395185112953 9.8465304076671583 174.32327368110418 21.912030957639217 7.6256894767284384 6.1751858592033377 15.639213562011717 11.356789246201513 38.471550732851028
leaf_count=31 198 85 31 51 29 33 30 10 17 33 30 249 21 39 20 41 31 26 69 43 308 22 62 26 43 22 42 40 42 50 57 36 26 28 35 30 40 26 14 41 24 36 53 61 46 33 18 19 33 54 146 21 21 33 20 573 75 34 25 59 28 84
internal_value=-6.334e-05 -0.00663803 -0.00150627 0.00632977 -0.00448599 -0.0150741 0.00177541 0.0165897 -0.00215837 -0.00300655 -0.00486214 -0.0138654 -0.00301174 2.10817e-06 0.00968191 -0.00187818 -0.00792012 0.00249517 -0.00100934 0.00296256 -0.0195754 0.0132489 0.0141546 0.0110016 0.00720987 -0.00453413 0.0223131 0.0141043 -0.00745692 0.0181576 0.00456479 0.0109317 -0.0016315 0.0237331 0.0181973 0.0116505 -0.000357624 0.00984719 0.000527999 -0.00162012 0.00426282 -0.00453427 0.0023141 -0.0117107 -0.0135489 0.00213552 0.0104554 0.00962027 0.00522964 -0.00372529 -0.0196069 -0.00694935 -0.00917635 0.0234271 0.0138042 -0.020462 -0.0117096 -0.0116451 -0.00627586 -0.0122422 -0.0048201 0.0278989
internal_weight=1069.5 766.777 559.193 154.057 405.137 73.0123 119.047 302.727 332.124 320.422 279.367 69.5424 92.1768 80.9553 35.2328 209.825 88.105 121.72 107.464 81.613 63.7026 206.263 199.392 143.812 110.188 40.7589 55.5797 69.429 45.7226 56.5115 42.5979 30.9373 18.7732 96.4645 26.8705 37.5775 22.8684 14.2621 17.5688 66.1653 41.7971 27.4296 20.7097 24.3682 25.8508 26.4571 17.7079 41.0547 33.5754 20.7419 45.5071 14.5578 12.3703 33.6243 16.7899 207.584 33.2611 31.9593 24.3336 37.4804 21.8412 41.6618
internal_count=3603 2799 2120 461 1659 372 376 804 1287 1258 1135 345 311 260 110 790 358 432 399 284 339 578 556 420 341 143 136 198 150 155 150 93 62 226 65 115 96 56 65 241 154 113 77 87 115 90 57 123 104 71 208 62 51 79 46 679 106 121 87 129 70 94
is_linear=0
shrinkage=0.03


Tree=63
num_leaves=63
num_cat=0
split_feature=29 19 19 4 29 5 56 67 14 36 26 56 18 75 46 61 88 27 44 24 80 36 5 45 46 6 73 26 74 3 48 68 75 35 55 16 64 64 79 27 54 73 80 73 42 63 4 81 72 45 58 43 80 24 10 50 75 26 89 46 4 36
split_gain=232.412 108.081 13.7026 7.64261 6.9694 7.63211 6.3304 6.68851 6.22104 8.15389 8.62614 5.90258 5.43574 5.03563 9.57878 4.94936 4.91607 4.50294 7.61485 8.7807 7.58995 6.66732 4.83619 4.34559 6.99921 4.12994 6.22363 3.94537 3.91971 3.87114 3.85107 4.54169 3.74114 3.56224 3.37987 3.36772 4.68751 3.17876 3.10585 6.04984 3.0268 2.67785 3.07282 2.60471 5.70652 6.368 2.4008 2.39722 1.8824 3.28489 1.87452 1.85294 1.65508 1.58383 1.52628 4.03927 1.52285 3.51544 4.43309 1.94144 4.08751 1.91137
threshold=-1.0000000180025095e-35 -1.0000000180025095e-35 -1.0000000180025095e-35 1872941000.0000002 1.0000000180025095e-35 71.68129051436047 0.059616413475771804 74.274997711181655 60669400.000000007 0.63208181455667767 0.53931881915043622 0.09950884740634261 0.025739358378372254 1.1569657584925832 0.0084572222771135009 3.7770000696182255 9.1478585347734622 0.0122791937845189 69.245059099839708 13764900.000000002 12607700.000000002 3.0940389398128905 82.245601524281355 -0.60980488739014749 0.0067873593789543009 0.16039449339948672 -0.25915719193068293 0.60031562660754656 0.0031081028058800504 25.545850910648731 -1.0000000180025095e-35 81.915000915527358 1.1340578406868889 69.008319306770829 -0.57649520766604379 -0.098052538206544179 0.022509834684127202 -0.094859001855350983 75.116493512192747 0.011991445132082352 54.051070759535662 0.14606516360863253 19025600.000000004 -0.020548106372814297 129.765007019043 47.90314567460981 79811200.000000015 31.408213662136514 36.688869251638977 -0.19247301885308579 1.8125000000000002 9750700.0000000019 16536700.000000002 9991900.0000000019 20.137395858764652 23.095000267028812 1.1388649761676362 0.54251188414805196 56893508.500000007 0.0075938671463129511 161378600.00000003 4.2127258019808389
decision_type=2 2 2 2 2 2 2 2 2 2 2 2 2 2 2 2 2 2 2 2 2 2 2 2 2 2 2 2 2 2 2 2 2 2 2 2 2 2 2 2 2 2 2 2 2 2 2 2 2 2 2 2 2 2 2 2 2 2 2 2 2 2
left_child=2 4 54 6 5 37 8 -8 12 -10 16 23 -3 15 -15 38 -11 18 19 21 -21 22 50 46 27 26 -19 -25 -22 -6 -26 48 40 -30 -12 -33 -37 -2 56 -40 -13 42 -31 44 45 -39 -4 -45 -32 -50 -14 -7 -46 -49 55 -1 61 59 -59 60 -58 -9
right_child=1 3 11 -5 29 51 7 13 9 10 34 32 17 14 -16 -17 -18 25 -20 20 28 -23 -24 24 30 -27 -28 -29 33 41 31 35 -34 -35 -36 36 -38 43 39 -41 -42 -43 -44 47 52 -47 -48 53 49 -51 -52 -53 -54 -55 -56 -57 57 58 -60 -61 -62 -63
leaf_value=0.0022938958607352294 -0.027924008147547877 -0.022154538868109162 0.0049315159388537361 0.023629543038160807 -0.011636496863870189 0.0078125793614717953 0.0053212129215051774 -0.022374802337840644 -0.026206931959153825 0.0018329901516922378 -0.020816633475949097 -0.023330468129981994 -0.0085142579850250866 0.023024340794369609 -0.021167409015734988 0.012059229158914993 0.033502878861998819 0.0073785746090020005 -0.022792951167538666 -0.015261841588475699 0.034393090279588229 0.01749376188376664 0.0063627040304408602 -0.020843675241373538 0.030195415451156494 -0.024261823518943373 -0.025344943768112041 0.012238106606184442 0.021084648952347396 -0.010167057638905004 0.0067261126901808918 -0.0084066460120178089 0.013704662996166629 -0.009952988024646111 0.009522838843891223 -0.00092700247787009041 0.027063989231935613 0.018538108787297843 0.016903075180399751 -0.024835870287391443 0.0063354170181489974 0.026440816606299905 0.0191728499446133 -0.00049297517455012597 0.014826517501810079 -0.02375664212375397 0.029617415811867186 -0.0026310093604858995 0.0017019690144432942 0.028884390006833464 -0.025885755688112654 -0.01437191235777013 0.031180181391835506 0.029545658248450235 0.029020506090222036 0.028479407420368929 -0.025550838398364428 0.0094403180245716065 -0.025557741975915767 -0.023955843362477386 0.0033115909813166236 -0.0066266794532662673
leaf_weight=7.3943025767803219 1.1380817294120777 52.637395918369293 4.0119769722223273 4.5577367246150962 11.269691318273546 7.5173917263746244 10.733370780944822 220.85917147248983 9.1861053854227048 7.7810772359371212 10.194777093827719 6.8545417338609713 7.5095686763525036 7.3607044368982342 11.028346814215181 4.3745693191885939 10.186104789376257 11.61279831826687 21.231624133884907 8.013787508010866 8.7815617322921771 6.219157136976718 6.9612968862056723 7.2416332215070707 17.207540452480316 33.87330874055624 9.5179859548807126 5.8782000541687012 8.4052157774567586 7.3295669853687304 6.4099265784025183 10.010648354887964 11.634659826755522 5.5095449537038794 4.8896508961915996 11.101225465536119 10.456201851367949 7.5584048777818662 5.8320842832326871 6.7342290282249451 5.6441249996423721 6.3545206934213629 5.7196269929409027 2.6981561332941046 8.7713501453399676 5.5610840022563934 30.507400542497635 1.4193908721208561 4.7451639175415066 25.519548818469048 21.877894684672356 6.1692821830511093 15.258945181965826 45.875742509961128 128.95438098907471 18.734969198703766 9.3785930275917071 8.8833746463060361 5.143229015171527 38.564776860177517 8.3458618819713575 7.161249727010726
leaf_count=20 5 217 13 12 38 23 38 1078 39 28 51 34 30 20 59 16 22 38 83 33 19 19 24 29 33 155 44 17 26 26 16 36 31 23 12 32 24 19 16 38 14 12 15 9 19 22 56 5 12 48 84 20 27 86 230 34 44 33 23 212 28 34
internal_value=-0.000286666 -0.00959595 0.0213537 -0.0150688 0.014886 0.0186577 -0.0153684 -0.0179888 -0.0116757 -0.00120439 0.00574462 0.0151127 -0.0138636 -0.0187386 -0.00347849 -0.0196287 0.0197875 -0.0109447 -0.00697285 -0.00238913 0.0098373 -0.0112097 -0.0161208 0.0175879 0.0143799 -0.0177691 -0.00736115 -0.00602174 0.0186995 0.00234798 0.0175124 0.0143143 0.00146218 0.00879531 -0.010982 0.00597248 0.0126497 0.0218893 -0.0200746 -0.00546463 -0.009934 0.0104702 0.002693 0.0225399 0.0165231 0.000610226 0.0267483 0.0270109 0.0214946 0.0246225 -0.0214467 -0.0021871 0.0252109 0.02858 0.0276808 0.0210692 -0.02069 -0.0168302 -0.00339266 -0.0201787 -0.0119605 -0.0218802
internal_weight=1038.29 725.987 312.306 593.346 132.641 101.968 588.788 344.4 244.389 42.2377 33.0516 157.223 202.151 333.666 18.3891 315.277 17.9672 149.514 94.5097 73.278 30.7101 42.5679 36.3488 133.089 98.5701 55.0041 21.1308 13.1198 22.6963 30.6734 85.4503 68.2427 24.1333 13.9148 15.0844 31.5681 21.5574 88.2812 310.903 12.5663 12.4987 19.4037 13.0492 87.1431 37.1498 13.1195 34.5194 49.9933 36.6746 30.2647 29.3875 13.6867 24.0303 47.2951 155.084 26.1293 298.336 70.3158 14.0266 56.2892 17.7245 228.02
internal_count=3603 2924 679 2598 326 235 2586 1639 947 152 113 395 795 1601 79 1522 50 578 341 258 101 157 138 316 247 237 82 46 68 91 201 168 79 49 63 92 56 192 1506 54 48 53 41 187 87 41 69 100 76 60 114 43 46 91 284 54 1452 340 56 284 72 1112
is_linear=0
shrinkage=0.03


Tree=64
num_leaves=63
num_cat=0
split_feature=54 29 37 19 9 9 51 19 37 9 9 49 37 7 17 70 65 15 63 65 72 51 56 54 89 72 37 51 52 24 80 9 63 26 36 45 74 45 43 43 89 24 24 9 37 80 60 10 87 20 37 6 17 35 26 15 35 37 26 26 80 43
split_gain=44.8557 34.3787 29.6431 18.8325 15.0453 13.7343 11.7097 8.14697 9.99858 9.77563 7.16777 6.46572 13.4932 7.28946 5.46269 6.77298 5.38132 8.00422 5.36956 5.35582 5.28573 6.35322 5.22796 5.03353 5.02582 5.34205 4.92039 4.58047 4.37504 4.53748 4.10915 4.07798 5.67206 5.20487 4.07688 4.07536 4.38909 4.19766 4.014 3.9556 3.81544 4.49512 3.88814 3.73945 5.49097 3.57195 3.52832 3.4661 3.45955 3.34152 3.78488 3.77079 3.32224 4.32229 3.40086 3.3041 3.28731 4.25525 3.20152 6.80058 4.47459 4.47299
threshold=57.083729006780125 -1.0000000180025095e-35 0.0063431030852144502 1.0000000180025095e-35 -1.0000000180025095e-35 -1.0000000180025095e-35 14.305000305175783 -1.0000000180025095e-35 0.011318526665478302 1.0000000180025095e-35 1.0000000180025095e-35 13.335000038146974 0.0040186195883121509 0.008490327721149651 0.013537425034729151 95.215000152587905 0.027773241157105905 67.47904152282733 73.806577706259361 0.029563217384252705 46.477334928570578 14.989999771118166 0.09950884740634261 53.0492605623323 73709079.500000015 78.598860211331242 0.024363776761315653 14.664999961853029 26.914999961853034 42193750.000000007 12239100.000000002 1.0000000180025095e-35 60.475200209801208 0.25335974896344743 0.95327967095184374 0.54143195398560817 0.0044434891344541511 1.0501862788557406 8829650.0000000019 7109250.0000000009 95982978.000000015 26255450.000000004 18173700.000000004 1.0000000180025095e-35 0.012991374590196902 17930000.000000004 2.5434999465942387 24.293028831481937 8.73875920383969 28.642781257629398 0.0057074468155778003 0.063287687158074313 0.013161530546863452 71.143123686307447 0.30785387538002779 70.903401196318256 67.064506815252358 0.013092313588150502 -0.048505087532017592 0.96541398942025591 30964200.000000004 7691450.0000000009
decision_type=2 2 2 2 2 2 2 2 2 2 2 2 2 2 2 2 2 2 2 2 2 2 2 2 2 2 2 2 2 2 2 2 2 2 2 2 2 2 2 2 2 2 2 2 2 2 2 2 2 2 2 2 2 2 2 2 2 2 2 2 2 2
left_child=1 4 11 5 -1 20 -5 48 58 35 24 12 30 46 15 19 49 -18 22 -8 45 -22 40 27 25 -7 28 -12 47 -30 39 32 33 34 -15 36 -10 -37 -29 -3 41 42 52 44 -16 -4 -14 -26 -2 -13 -51 -52 54 -54 -6 -34 57 -49 -9 60 61 -60
right_child=7 2 3 6 18 10 14 8 9 -11 23 16 13 31 43 -17 17 -19 -20 -21 21 -23 -24 -25 26 -27 -28 38 29 -31 -32 -33 55 -35 -36 37 -38 -39 -40 -41 -42 -43 -44 -45 -46 -47 -48 56 -50 50 51 -53 53 -55 -56 -57 -58 -59 59 -61 -62 -63
leaf_value=-0.019512384773100518 8.3476979465919597e-05 -0.008991290665658425 0.030068592103002546 0.025651421180574886 0.013837893830496197 0.026747868352462137 0.007390748593454944 -0.015701856872199892 0.0026661103167059967 -0.012560060375894421 0.029369414554983261 -0.02563365750339372 0.03823074555799106 0.0021399934741593014 -0.011284393709635979 -0.021306198501345665 -0.012216443582455102 0.030632015764516182 0.026846920223869173 0.043658083692486492 0.015381329616962982 -0.014278806352491371 0.015771835240111127 -0.012925016728471305 0.023280000360853304 -0.0059470529810820719 0.03404626288748442 -0.0028384991544205111 -0.011861841784804679 0.016072308651573039 -0.015608288891528155 -0.0058224409038379801 0.037415131361049472 -0.0086515257930622133 0.039457544309326006 -0.01372796089905084 0.031445729973935556 0.017362684690273092 0.01548019503082081 0.026657329222408727 -0.016475751724024438 0.020472578219768924 -0.016564403986599283 -0.015561225691014431 0.016874788043323014 0.0022982795834581896 0.0097678987788427738 -0.01415534296839507 -0.020320446518720774 -0.013537079722352499 0.019903055007414121 -0.0080412482223989647 -0.001251467189087631 0.030522453712836822 -0.012089894154989643 0.0069011060007749883 0.027129759411854203 0.020683216936305818 0.0046306042488697668 -0.018345414302597288 0.01777610277519133 -0.01217418479504772
leaf_weight=63.214161485433578 8.4079113602638227 7.1416886448860151 7.5399345308542278 14.457981109619139 5.8837382942438152 107.82472316920757 16.659489005804069 64.006054192781448 7.1788595616817501 20.468884468078613 11.932686492800711 12.43959356844425 10.667187154293062 5.9431647360324877 15.96750518679619 5.7526061534881583 8.3732807487249357 7.3835199177265158 5.8847044557332984 4.6981739252805701 9.0142666995525342 23.299677297472954 12.172545388340948 7.7551909685134879 33.468151599168777 4.6934748739004126 11.387465253472326 17.403431206941605 11.117665082216265 9.8880397975444776 33.724097847938538 19.49443493783474 8.8629580289125425 15.186243519186972 4.7331025004386902 7.9098230153322202 14.208534970879553 7.7256171852350235 28.224518805742264 4.6094427406787872 20.667217835783958 7.3120511174201956 17.019548252224922 32.175250574946404 10.222212016582487 9.3228248059749586 6.1967170387506476 8.229417562484743 67.682648301124573 41.719898119568825 7.1143370419740704 11.168686673045157 9.9358613640069979 6.2939413636922827 20.131216913461685 4.992866337299346 5.2996392250061026 5.1175210028886786 25.587285131216049 32.576458111405373 9.2175524830818159 32.187705054879189
leaf_count=170 27 21 32 60 21 476 59 182 24 63 54 30 50 20 47 15 24 31 24 22 34 60 45 22 139 14 54 55 31 38 93 61 39 43 22 21 62 29 106 19 53 28 42 92 39 30 22 22 180 116 27 33 30 27 53 17 24 21 88 89 36 95
internal_value=0.000336371 0.00407487 0.00733498 0.012014 -0.00794299 0.0156493 0.000682142 -0.00959898 -0.0066847 0.00407709 0.0183765 -0.00184356 0.00264316 0.010371 -0.00354137 0.00758654 -0.00802694 0.00786203 -0.000997657 0.0153687 0.00110014 -0.00600484 -0.00264585 0.00976397 0.0212317 0.0253841 0.0157029 0.0128209 0.0128462 0.00128763 -0.010285 0.00541523 0.0109309 0.0026328 0.018684 0.0132753 0.0217856 0.00163422 0.00849307 0.00499207 -0.00521556 -0.00172007 -0.0044582 -0.00871023 -0.000293472 0.0147154 0.0277719 0.0175051 -0.0180658 -0.0114829 -0.00854923 0.00283251 0.000419138 0.0110705 -0.00622587 0.0264196 0.00713989 -0.000797444 -0.0104672 -0.00710212 -0.00163484 -0.00473171
internal_weight=1086.88 789.718 621.203 411.452 168.515 311.519 99.9332 297.157 221.067 57.4917 262.342 209.751 121.552 76.0767 85.4752 27.1103 88.1993 15.7568 105.301 21.3577 49.1767 32.3139 99.4161 65.3158 197.026 112.518 84.5079 57.5606 73.1204 21.0057 45.4752 59.2128 39.7183 25.8625 10.6763 37.0228 21.3874 15.6354 45.628 11.7511 87.2436 66.5764 59.2643 58.365 26.1897 16.8628 16.8639 52.1147 76.0906 72.4425 60.0029 18.283 42.2448 16.2298 26.015 13.8558 18.6466 13.3469 163.575 99.569 66.9925 57.775
internal_count=3603 2707 2214 1546 493 1212 334 896 689 199 1056 668 407 274 274 96 261 55 323 81 156 94 299 237 819 490 329 215 275 69 133 202 141 85 42 136 86 50 161 40 254 201 173 178 86 62 72 206 207 206 176 60 131 57 74 56 67 43 490 308 219 183
is_linear=0
shrinkage=0.03


Tree=65
num_leaves=63
num_cat=0
split_feature=19 29 9 29 29 9 19 84 56 63 5 29 54 56 54 68 55 46 63 37 54 15 64 75 82 54 47 69 63 54 59 52 26 45 26 81 67 17 46 25 36 46 51 86 49 82 45 45 49 37 17 45 67 65 56 26 26 83 58 58 67 66
split_gain=136.529 76.1751 35.2785 16.9173 13.0915 9.59621 9.31852 8.85169 8.59689 7.4596 7.97518 7.37101 7.27792 6.99701 6.31722 7.11217 5.83892 6.71622 7.40146 6.03106 5.79804 5.52472 5.27745 5.19146 6.10961 5.34647 4.95884 4.87577 5.09581 4.81107 6.20596 4.73415 4.62071 4.89645 4.61885 4.32712 4.30183 4.28858 3.62321 3.60657 3.47543 3.39724 3.28635 3.26314 2.98089 2.92007 2.84237 5.5455 3.46275 2.78913 2.76643 2.76442 2.58185 4.90769 2.54065 2.40704 2.327 5.70019 2.25957 2.09848 2.02503 2.01366
threshold=1.0000000180025095e-35 1.0000000180025095e-35 1.0000000180025095e-35 -1.0000000180025095e-35 -1.0000000180025095e-35 -1.0000000180025095e-35 -1.0000000180025095e-35 0.031047069959586154 0.063716609878901515 36.952954387385894 33.723979071036581 1.0000000180025095e-35 52.970860470170514 0.052596608510667602 40.796284773942908 97.68500137329103 0.17461627719485853 0.009806610742101653 43.811341908381984 0.004595226803980201 33.011320988600914 66.686819189387137 0.014112147282601401 1.111348023195702 0.07976847121260626 48.66060304481622 0.12887054796581188 75.474998474121108 63.209844666246504 48.260176468586259 1.5925000309944155 29.295000076293949 -0.048505087532017592 0.49246582947004219 0.19446707772167923 68.574658870431833 80.564998626708999 0.010892911332368601 0.011562632380419701 23.863551488033348 1.4452143587738606 0.0076276745158282509 10.565000057220461 9.5419789184139514 21.494999885559086 0.58005070069234332 -0.16424102896785078 0.66480793811022221 14.360000133514406 0.0058066343814443004 0.014707299643552453 -1.6595416512575694 97.604999542236342 0.026703901495827253 0.077375366925648517 1.8225362634767281 0.13546804112190178 0.0080157263558078024 0.6745000183582307 2.6295000314712529 93.014999389648452 0.27941162795734248
decision_type=2 2 2 2 2 2 2 2 2 2 2 2 2 2 2 2 2 2 2 2 2 2 2 2 2 2 2 2 2 2 2 2 2 2 2 2 2 2 2 2 2 2 2 2 2 2 2 2 2 2 2 2 2 2 2 2 2 2 2 2 2 2
left_child=1 2 4 29 58 21 37 14 9 -6 -11 20 13 32 26 27 17 18 -12 22 35 34 -20 24 36 -26 38 -16 46 -2 -31 40 -8 -34 -5 -7 59 -3 -4 -10 50 49 -25 -21 -9 -42 48 -48 -29 -14 -15 -13 -44 -54 -39 -45 57 -41 -1 -22 -43 -53
right_child=3 6 7 5 8 11 12 44 39 10 16 51 41 31 15 -17 -18 -19 19 43 23 -23 -24 42 25 -27 -28 28 -30 30 -32 -33 33 -35 -36 -37 -38 54 -40 56 45 60 52 55 -46 -47 47 -49 -50 -51 -52 61 53 -55 -56 -57 -58 -59 -60 -61 -62 -63
leaf_value=0.028014582956021866 -0.021642961683206015 0.0092448404092725003 -0.026623130383759488 0.0099830169705220559 -0.023153801272186424 0.0092807920370075701 0.032255906243643162 -0.020339799559821271 0.0096208455635476454 0.023093390582188907 0.020403977128621444 0.0073514289877535137 0.021441968531376279 -0.019130278565074963 -0.019447438182468711 -0.017101534001063543 0.015441608788305911 -0.019270613238341713 -0.012080977836763995 0.0029992943774033256 0.0074405913509010902 0.022129320706040768 0.018067324425907777 -0.0010711318848745344 -0.02058126554558672 0.012573877778173365 0.020705169001161781 0.0091865344402892474 -0.0064219277993138209 0.031823541548767716 -0.008348997020838406 0.023365832135245748 -0.0061110778440272686 0.026520232003553187 -0.019283869379981552 -0.028858760755923394 0.00031497731951770996 -0.0053517292507626237 0.00034925467892339582 0.0090539047214767982 0.019705303343572272 0.031565702325756555 0.025670213641224768 -0.025884393838827447 0.00035405362764162927 -0.0089578420286979387 -0.0029489835375726059 0.024255671294778236 0.033670185569914288 0.0020907328155618586 0.0025861408492874383 0.028393611522181561 -0.0044518774996776386 0.026810443557394158 -0.028721727960436181 -0.0020756328294093658 -0.023337453226038703 -0.017885204489493874 -0.02379918202466353 0.028124393456059011 0.017368457775293143 0.017518826635438595
leaf_weight=0.76122754812240501 11.204575732350351 11.758035421371462 10.147044911980634 8.3063454031944328 22.464437112212181 7.0867153108119947 12.457597985863687 18.189395010471348 4.2097581028938285 8.8574376851320249 10.289285100996493 7.153519630432128 14.807694241404535 15.398426234722139 3.7724319100379935 7.568017676472663 9.8768837600946409 35.013811103999615 9.3292391300201434 6.3883515000343349 5.7021827697753933 8.198621600866316 11.880184367299078 5.4651188552379599 9.2088600099086779 8.3431010544300062 4.4249381721019736 7.3747881799936286 8.112811401486395 4.9752615392208126 11.370709910988806 6.3150040954351416 9.4691361933946627 7.3518300205469123 11.673813074827192 4.3027946203947067 10.133116170763968 11.212182387709619 8.028871685266493 7.7550391852855673 7.5762466341257078 25.293062672019005 66.653500944375992 19.156043216586117 9.5560611635446531 5.5363284200429916 11.902597695589071 15.558926090598105 17.620732828974724 12.24801145493984 8.0338669717311841 92.542474135756493 8.1179663091897982 10.195090308785437 6.6816325634717932 4.774109110236167 55.846931628882885 79.923173956573009 154.32427536696196 19.549539774656296 14.072939604520796 18.365803316235542
leaf_count=3 40 31 56 24 89 20 27 84 16 19 29 20 35 71 13 33 23 159 36 28 19 22 30 20 47 26 14 26 29 10 34 18 36 18 39 24 30 31 33 28 24 53 158 81 39 25 31 38 38 39 32 196 26 23 29 20 305 412 519 45 36 44
internal_value=-6.41114e-05 -0.00728108 -0.0125729 0.0160002 -0.0165273 0.0180597 0.0104339 0.0016861 -0.0127188 -0.00733554 -0.00426068 0.0197812 0.0137004 0.00710289 0.00605984 0.010408 -0.00653124 -0.0087725 -0.00282627 -0.00746497 0.0154742 0.0013924 0.0048062 0.0171109 0.0096495 -0.00482139 -0.00777505 0.0136437 0.0157047 -0.00650092 0.00387841 -0.000619355 0.0184072 0.00815088 -0.00711676 -0.00512779 0.0168275 -0.00482976 -0.0147086 -0.0177484 -0.00476403 0.0208656 0.0214787 -0.0160493 -0.0132124 0.00760329 0.0191268 0.0124644 0.0264464 0.0126817 -0.0116847 0.0254269 0.0229291 0.0129522 -0.0140782 -0.0211345 -0.0185511 -0.0155025 -0.0235449 0.0234537 0.0264903 0.0265928
internal_weight=1059.87 731.319 563.107 328.549 440.85 300.999 168.212 122.257 285.765 138.03 115.565 272.82 138.56 72.1384 94.5112 71.9103 106.708 96.831 61.8172 51.5279 154.758 28.1788 21.2094 143.368 52.9368 17.552 22.6009 64.3423 60.5699 27.5505 16.346 42.8599 29.2786 16.821 19.9802 11.3895 35.3848 29.6519 18.1759 147.735 36.5449 66.4217 90.4317 30.3185 27.7455 13.1126 52.457 27.4615 24.9955 27.0557 23.4323 118.062 84.9666 18.3131 17.8938 23.9302 143.525 87.6782 155.086 25.2517 39.366 110.908
internal_count=3603 2736 2231 867 1797 783 505 434 1275 514 425 698 414 251 311 208 406 383 224 195 438 85 66 394 167 73 103 175 162 84 44 170 81 54 63 44 94 91 89 761 152 163 227 129 123 49 133 69 64 74 103 260 207 49 60 101 745 440 522 64 89 240
is_linear=0
shrinkage=0.03


Tree=66
num_leaves=63
num_cat=0
split_feature=48 55 60 74 59 26 44 57 54 81 73 42 54 59 14 20 16 14 45 26 55 28 48 25 15 57 26 22 46 74 45 74 16 16 80 7 16 47 25 28 6 45 82 55 68 20 74 83 8 86 39 18 46 46 72 24 66 45 27 45 26 45
split_gain=9.97674 14.0801 12.028 11.8156 10.8149 8.88336 8.28424 8.00726 7.30663 8.03849 7.22887 11.6469 9.73157 7.75581 7.00909 8.07973 6.59902 10.7671 6.41536 6.20621 9.27135 6.08851 7.24947 8.84488 7.4755 7.72378 5.65962 5.59963 5.53688 5.24453 4.9333 4.88894 4.63983 7.1648 6.8239 4.86448 5.18928 4.63107 4.82556 4.60062 4.45564 4.71158 4.3607 4.36023 5.54318 4.28533 4.22126 4.19245 5.9638 8.09912 4.18476 4.08384 3.90283 6.81385 4.79532 3.75804 4.28341 3.71411 3.56962 3.51101 3.25814 3.17088
threshold=-1.0000000180025095e-35 -0.68328038439136296 2.087499976158143 0.0025378590800196007 3.7315000295639043 -0.097347392356979798 85.132988678465196 2.5412081135528135 58.562182780244818 35.686013417545148 0.53718939047601577 128.04499816894534 40.952357493460106 2.4930000305175786 63295500.000000007 28.057525634765629 1.863988220286185 50794000.000000007 0.33778376192496756 0.61475974713118842 -1.3442588583375732 0.12312372654428701 1.0000000180025095e-35 64.623107574392733 45.086115384851077 2.4617224878856603 0.2896069338381278 134.94511077733651 0.0057675547792523504 0.0043449630899800003 1.236526878230592 0.0032032694187938003 0.42747957766479067 -0.26073651127688174 20731900.000000004 0.014588602757090003 0.16010635788911998 0.12430029386838941 71.960794825942756 0.08217105325378736 0.036276216584194054 1.0928313150486846 1.30487858444765 -0.091895631141665185 95.795001983642592 141.29213714599612 0.0034639390316689505 0.0073860137347992504 0.075996204417991667 24.418688443388934 117.34999847412111 0.022592035823633502 0.0084743557998523521 0.010104660492296353 37.176105446465428 13729650.000000002 0.28101202399868958 -1.1068040851850465 0.013683449677255351 1.0501862788557406 0.49942797771999642 0.25511097612911021
decision_type=2 2 2 2 2 2 2 2 2 2 2 2 2 2 2 2 2 2 2 2 2 2 2 2 2 2 2 2 2 2 2 2 2 2 2 2 2 2 2 2 2 2 2 2 2 2 2 2 2 2 2 2 2 2 2 2 2 2 2 2 2 2
left_child=3 2 42 -1 5 8 14 -4 27 46 11 12 13 -5 15 -7 17 -9 57 20 -19 22 24 47 43 31 55 32 -13 -20 60 -26 33 -3 -35 -36 -37 38 -14 -28 -22 -42 -2 44 -17 -23 -10 50 -49 -50 -24 -6 -30 58 -55 -27 -57 -11 -54 -15 -16 -53
right_child=1 4 7 10 51 6 -8 16 9 18 -12 28 37 59 30 21 -18 19 29 -21 40 45 23 -25 25 26 39 -29 52 -31 -32 -33 -34 34 35 36 -38 -39 -40 -41 41 -43 -44 -45 -46 -47 -48 48 49 -51 -52 61 53 54 -56 56 -58 -59 -60 -61 -62 -63
leaf_value=-0.027231903150970495 -0.021566173842584909 -0.019852382938088727 0.020827580784089902 -0.018863364680920217 0.0045935111063444226 -0.018524813936272703 -0.025597613979981206 -0.019944354352073861 0.0056876619823768388 0.0082751967403003265 0.017573415669255323 -0.012306677147030995 -0.023197573930930186 0.0083440251896975924 -0.0030053664317900748 0.011528499453923379 0.015040876673108808 0.024481934601072335 0.025617642310558596 -0.018747141408612212 -0.026393894829798953 -0.017860388002544331 0.0026823280436082822 -0.0061717381192722401 0.0058377282050464845 -0.022364370558156276 -0.016599402702270092 0.010423031658044563 0.018978350731733165 -0.0019604011287022477 0.031181448744362652 -0.023588290107111162 -0.025985163407565626 -0.013529640311853339 0.024835566499400639 -0.016599546335498618 0.018877809993528283 0.010044553233914765 0.00073541500334490986 0.011003238922887858 -0.01137751657151702 0.020523734961773898 0.0081707387625576198 -0.018877004243842872 -0.026442287479345194 0.0072061594121314325 -0.015287245510417843 0.01870068955269185 -0.01575729192671407 0.023321856608036554 0.029875070220275433 0.011510500510473653 0.0050727543527378056 0.033565059781929862 0.005234719915605212 -0.0072234191457604558 0.02395073249825036 -0.020976787032054897 -0.025710004951481479 0.034449593875513981 0.019551841279454727 0.035558724451265025
leaf_weight=9.560904845595358 61.30088097602129 36.595245711505413 11.131332240998743 6.3346242383122471 14.993488006293772 17.435781255364418 9.5624857842922193 41.679788447916508 12.452760942280291 7.9456435292959213 44.669730924069881 8.3416302949190122 29.734864063560963 10.870342433452608 12.490848533809187 12.252261504530908 11.937597163021563 15.394766680896277 21.314047113060955 11.444414019584654 6.590634271502501 20.977882690727714 6.5303456187248257 22.958054423332214 7.9368701204657581 8.5167906805872935 5.7572188526391974 10.332862623035906 47.583508178591728 8.7555521205067617 11.871318668127058 14.124906301498411 19.376632586121559 24.9979317933321 10.004682235419752 9.0499727576971036 6.2893631011247626 6.5936715155839911 10.177410885691641 96.941851183772087 9.4511056169867533 7.4521567970514289 4.7846110314130774 24.907658338546753 4.8220148757100096 8.6770833730697614 28.170371204614639 28.016788966953754 13.950608797371389 7.2552638798952094 23.147293850779533 8.6252838671207446 6.5341676473617536 8.6353809759020823 14.251587867736815 14.201317481696607 5.5043322294950476 7.6846863776445371 7.0467272475361824 8.0855206400156003 10.699201270937918 11.532669320702551
leaf_count=41 324 179 31 35 45 69 43 190 35 22 120 37 132 38 41 40 35 39 47 54 29 93 22 82 23 42 22 33 118 26 23 57 97 108 22 39 16 21 35 288 40 22 14 93 24 31 95 69 57 17 42 26 20 18 43 65 14 28 34 14 24 20
internal_value=-0.00030832 -0.00184639 -0.00921254 0.00538024 0.00028316 -0.000677583 0.00197964 -0.00335482 -0.00576422 0.000852411 0.00687312 0.00396198 -0.00510204 0.00987537 0.00267548 0.00137281 -0.00594435 -0.00866693 0.00948367 0.000671668 0.00638636 0.00243545 0.00373039 0.0102168 0.0003416 0.00341892 0.00618604 -0.0106608 0.0110054 0.0175876 0.0154533 -0.0130021 -0.01271 -0.00975118 -0.00240827 0.00856123 -0.00205329 -0.0132469 -0.0170948 0.00945586 -0.00547106 0.00268682 -0.0194132 -0.0108722 0.000805017 -0.0105259 -0.00885752 0.0149855 0.00961581 -0.00238696 0.0238915 0.01645 0.013319 0.00593468 0.0159239 -0.00571254 0.00148438 -0.00610661 -0.0108995 0.0194792 0.00740186 0.0252689
internal_weight=1026.25 807.827 181.167 218.42 626.659 591.508 388.538 115.082 202.97 86.3231 208.859 164.189 71.7964 25.2905 378.976 343.914 103.95 92.0129 45.6999 50.3331 38.8887 326.479 296.824 101.858 194.965 152.983 130.922 116.647 92.393 30.0696 35.0614 22.0618 106.314 86.9372 50.3419 25.344 15.3393 46.5059 39.9123 102.699 23.4939 16.9033 66.0855 41.9819 17.0743 29.655 40.6231 78.9003 49.2227 21.2059 29.6776 35.1514 84.0514 36.4679 22.887 28.2224 19.7056 15.6303 13.5809 18.9559 23.19 20.158
internal_count=3603 2897 778 706 2119 2028 1281 440 747 253 665 545 275 87 1238 1150 409 374 123 184 130 1081 957 289 668 511 431 494 270 73 88 80 461 364 185 77 55 188 167 310 91 62 338 157 64 124 130 207 143 74 64 91 233 115 61 121 79 50 54 52 65 46
is_linear=0
shrinkage=0.03


Tree=67
num_leaves=63
num_cat=0
split_feature=19 19 37 25 29 57 29 56 81 55 88 81 36 7 84 60 6 28 37 75 46 52 44 26 17 52 27 56 7 28 14 80 39 18 44 89 83 55 72 5 37 47 81 47 81 37 84 7 81 75 45 65 50 55 8 46 72 27 17 22 55 20
split_gain=42.2188 39.0213 28.9051 16.253 12.7594 10.9875 10.7029 10.4561 9.04165 8.07956 7.34862 8.05984 7.25688 6.78038 6.57597 5.76194 5.83214 5.62917 8.31098 5.45526 5.11946 5.0257 5.55985 4.28722 4.17153 4.02226 4.2059 4.00532 4.39644 3.88949 5.99447 3.81641 3.79604 3.88299 3.79378 3.74062 4.6573 3.73384 3.66532 3.65621 3.63633 4.91703 4.76193 4.91299 3.54166 3.48052 4.30632 3.43831 4.1604 3.42891 3.42493 3.3838 4.58152 4.58429 3.29961 3.23492 3.67413 4.37254 3.22088 4.66805 3.16072 3.05602
threshold=-1.0000000180025095e-35 1.0000000180025095e-35 0.0062952564869617504 37.361801720719605 -1.0000000180025095e-35 2.5866354968977499 1.0000000180025095e-35 0.08282035436780906 64.177668127346394 -0.80376047149606566 21.060587370870667 50.464518599973921 -1.8126251408836538 0.0081808751370556019 0.019364870215991602 2.2664999961853032 0.13985169575680162 0.092918169744851772 0.0044513318819021505 1.1434162287849978 0.0072962251063856511 15.894999980926515 74.985295097885569 0.045539897630472809 0.0084200535086088515 14.59500026702881 0.0097472698008663518 0.072198063836744222 0.0213720091989433 0.12372138514156636 23365700.000000004 20169500.000000004 171.73000335693362 0.011792044935127602 40.998569150478708 47116472.500000007 0.016243494183601152 -0.14345938233546807 47.525033033814388 55.101558287126167 0.0078974142891025511 0.11168768138021697 55.627648869547286 0.10443563130136012 68.390103477077744 0.005082123094693301 0.030238072621089952 0.019967542038677854 35.003058918553542 1.1052885833669579 -1.8101651284478066 0.017567617028040102 21.445000648498539 0.31314105961236388 0.10869236089556721 0.0088880747350385016 52.070536243232958 0.035560158167890057 0.014023730453451252 28.390116457688851 -1.0841346413394655 111.64742279052736
decision_type=2 2 2 2 2 2 2 2 2 2 2 2 2 2 2 2 2 2 2 2 2 2 2 2 2 2 2 2 2 2 2 2 2 2 2 2 2 2 2 2 2 2 2 2 2 2 2 2 2 2 2 2 2 2 2 2 2 2 2 2 2 2
left_child=4 2 5 12 -1 13 10 8 15 23 11 51 32 34 44 19 58 -15 20 35 31 -14 -23 -6 -7 26 -11 28 38 61 -31 -19 33 -4 -2 -5 -37 -16 -13 -20 -9 42 43 -42 -10 -26 -47 -27 -49 -40 -8 -3 53 -53 -41 -43 57 -57 59 -17 -18 -12
right_child=1 6 3 7 9 24 50 40 14 25 29 27 21 17 37 16 60 18 39 -21 -22 22 -24 -25 45 47 -28 -29 -30 30 -32 -33 -34 -35 -36 36 -38 -39 49 54 41 55 -44 -45 -46 46 -48 48 -50 -51 -52 52 -54 -55 -56 56 -58 -59 -60 -61 -62 -63
leaf_value=-0.019292441248475293 0.0063258182378870742 -0.016592361549150447 0.0030796673051021778 0.024260888354986871 0.0014899080209098494 0.010237601468211266 0.0085004283662659507 0.037866475264148866 -0.01127379083884608 -0.013067103237981756 -0.0069942979462152702 -0.0084898161828462285 0.016451266229196269 -0.012841637454012279 0.024417231252133048 0.037484266784464843 0.0042392574238514346 -0.015890159440460704 0.036065913912685488 0.032349012156235341 0.022477786787683762 -0.011591242816331216 0.015839200945961616 0.03096783744104355 -0.020566608936911302 -0.017461760531835846 0.011266550866928023 0.023871417783563185 0.027557849776950961 0.027749721420197413 -0.0091974571177736702 0.006041098366944434 -0.0060633128906967832 0.032588996258650534 0.036119035437853761 -0.0033483062392342462 0.021001817743313139 -0.0017623338623176099 0.022518653068885348 0.0048977790093911559 0.018623905840516243 0.033038291249569342 0.027620408039816684 -0.0074346126705161185 0.015460949558251707 -0.011378232712142815 0.0093143873524025225 0.017510983026457833 -0.011123790402702968 -0.0061145477149666064 -0.015598103865456986 -0.00076874415868021981 -0.011469498025161218 0.034577194833997536 0.034509807455292883 0.0011030647723113973 0.02945805212064654 0.029805986273387205 -0.0005962093755581396 -0.0005593775020798032 -0.022080548790488572 -0.021132863143760554
leaf_weight=102.25973019003868 6.8399268239736548 16.670311063528061 6.241785913705832 9.734197720885275 10.773911803960802 8.7994325160980207 5.6384152024984351 12.175702691078184 8.9737153053283709 10.635153949260713 34.588491097092628 16.507348865270615 8.9265164881944639 18.912111222743988 64.413273364305496 5.89875879883766 5.7769800722599056 20.397207334637645 7.60206010937691 9.9048697203397733 5.7952321320772162 48.039006128907204 7.7188374549150458 7.5536260306835166 26.116282075643539 41.147215113043785 16.025690287351608 16.007878124713898 7.0518471747636786 6.030794337391856 11.466212227940558 10.988257020711897 5.7410180568695059 11.240053817629812 8.789850637316702 25.969796404242516 9.7133384943008405 5.3071025460958472 9.9281246066093427 15.111466318368914 12.234601542353632 28.721308916807175 11.938700020313261 13.920559227466581 8.8653852492570859 46.841880321502686 11.219415873289107 6.4373593926429775 15.713447257876394 6.0626118630170813 90.517103031277657 8.7125312089920062 14.374260038137434 5.318328619003295 4.3648461550474158 13.594628959894182 18.786633506417274 7.3641451299190512 23.156182065606117 5.7152609676122665 14.200444519519804 22.847660839557648
leaf_count=284 23 46 21 41 33 31 20 58 25 28 108 47 34 52 278 27 20 55 34 45 23 135 29 32 69 109 56 66 29 25 34 37 17 51 41 82 39 17 40 49 49 135 55 41 34 131 38 24 44 18 279 28 43 23 19 46 85 34 74 18 34 61
internal_value=0.000358478 0.00328244 0.0075777 0.0121279 -0.0116927 -0.0020142 -0.00613967 0.0152987 0.0110712 -0.00451595 -0.00173335 0.00356292 0.00071662 0.00495172 0.0182658 0.00534806 -0.00155177 0.00154483 0.00577892 0.0121762 -0.00342839 -0.00444805 -0.00779391 0.0136391 -0.00941646 -0.00821473 0.00155973 0.0112103 0.00608566 -0.00884609 0.00353734 -0.00821188 0.0151022 0.0220529 0.0230809 0.00777684 0.00328006 0.0224244 0.00142635 0.0184213 0.022335 0.0205604 0.0119209 0.00475478 0.0020124 -0.011471 -0.00737972 -0.0123317 -0.00280209 0.0116629 -0.014185 -0.00586284 0.000434064 0.012629 0.0115341 0.0253672 0.0198239 0.0111882 0.00587019 0.018763 -0.0144695 -0.0126185
internal_weight=1078.32 867.773 596.051 404.273 210.546 191.778 271.722 316.366 197.629 108.286 175.566 100.633 87.9072 98.801 87.5595 110.07 54.7476 83.1712 64.2591 55.3222 37.1807 64.6844 55.7578 18.3275 92.977 89.9589 26.6608 55.5578 39.5499 74.9332 17.497 31.3855 23.2229 17.4818 15.6298 45.4173 35.6831 69.7204 32.4981 27.0784 118.736 106.561 38.0939 26.1552 17.8391 84.1776 58.0613 63.298 22.1508 15.9907 96.1555 45.0754 28.4051 14.0309 19.4763 68.4667 39.7454 20.9588 34.7702 11.614 19.9774 57.4362
internal_count=3603 2993 2126 1524 610 602 867 1237 734 326 568 340 287 333 354 380 173 269 217 207 115 198 164 65 269 261 84 200 134 228 59 92 89 72 64 162 121 295 105 102 503 445 145 90 59 238 169 177 68 58 299 140 94 51 68 300 165 80 119 45 54 169
is_linear=0
shrinkage=0.03


Tree=68
num_leaves=63
num_cat=0
split_feature=29 9 29 9 81 37 35 56 29 37 72 25 37 26 9 7 25 27 54 51 22 38 65 80 35 63 64 46 74 35 56 86 24 74 81 25 54 18 18 73 75 15 81 32 73 46 59 16 73 49 17 72 55 64 49 27 38 6 8 15 38 54
split_gain=117.159 71.2139 27.4627 18.1985 12.7314 11.3624 9.00623 10.562 8.08823 7.55505 10.8876 9.49888 6.8327 6.10858 6.01972 5.96843 6.25327 7.81564 6.41592 5.50434 10.844 7.98727 5.4935 5.47254 5.06946 4.99643 7.39496 5.33099 8.5342 4.93453 5.84646 4.92494 8.10682 4.58475 4.52989 5.13723 4.47757 4.20975 4.06887 3.89205 4.11271 3.86677 3.86231 3.69877 3.84254 3.67955 3.85938 3.61529 3.50612 3.31606 3.28135 3.26314 3.11911 2.8662 2.90523 5.57699 5.25611 2.84317 2.81258 2.78109 2.73733 2.59876
threshold=1.0000000180025095e-35 1.0000000180025095e-35 -1.0000000180025095e-35 1.0000000180025095e-35 77.671014959330094 0.0045012015956695005 52.545783080531784 0.035816823762050302 -1.0000000180025095e-35 0.0064760521243197007 72.595992770357199 47.170599590743301 0.018336397333149252 1.0458388458632586 -1.0000000180025095e-35 0.012770080727212202 41.006298034903985 0.012863580512152603 67.588029330169562 14.125000000000002 66.393961517856823 0.11939318069228251 0.025071330483011755 22706800.000000004 30.204553227198598 56.413699598835755 0.059504263565401262 0.0073562551123191504 0.0033725779546675502 41.398596493680962 0.092220311160643512 8.8246872421789959 30097850.000000004 0.0030032010138608006 71.025469370592361 45.446801199732086 36.711473937345545 0.040599367215898553 0.044128572223263107 0.11594331096048187 1.136916266979149 77.046738769877251 73.099840527710299 287.65916374238606 0.50246966511795688 0.014685047439840152 2.1794999837875371 0.45625490846215661 -0.73799139453939222 18.714999198913578 0.015097557085781851 51.866609100812738 1.2067785232071204 -0.10996892605388049 13.375000000000002 0.010576674419879003 0.12912180248481198 -0.097369102777716335 0.087990029804752665 59.860213462636423 0.14806450586572059 34.308166317264323
decision_type=2 2 2 2 2 2 2 2 2 2 2 2 2 2 2 2 2 2 2 2 2 2 2 2 2 2 2 2 2 2 2 2 2 2 2 2 2 2 2 2 2 2 2 2 2 2 2 2 2 2 2 2 2 2 2 2 2 2 2 2 2 2
left_child=1 2 -1 9 8 13 12 -8 22 19 11 39 14 59 57 47 18 -18 -17 20 21 -2 -3 -13 -14 26 27 28 33 49 37 32 -29 -9 35 -22 -6 50 45 40 52 -38 48 44 -40 53 -47 -16 -5 -19 -31 -15 -11 -10 55 -55 -57 -7 -21 -4 -45 -56
right_child=3 4 5 42 36 6 7 25 38 10 -12 23 24 51 15 16 17 29 -20 58 34 -23 -24 -25 -26 -27 -28 31 -30 30 -32 -33 -34 -35 -36 -37 41 -39 43 -41 -42 -43 -44 60 -46 46 -48 -49 -50 -51 -52 -53 -54 54 61 56 -58 -59 -60 -61 -62 -63
leaf_value=-0.022222060998793831 0.018973460919635116 -0.015514808463201265 0.0063889338852445385 -0.035846591469343561 -0.025689501287701349 0.0037587177929788848 0.018318849658203223 -0.0029070654869475876 -0.037186262744479656 -0.0020620219161408973 0.027392570907588152 -0.020823439630810726 0.01037499466208598 0.034994731868471012 0.0062216592705234162 -0.018720291065248258 -0.017828388616588094 0.048564644247258988 0.015921495547664366 0.031081786240438083 0.03295258664949971 -0.019258144262503881 0.013186891359195672 0.0050406539805073558 -0.025611871605452221 -0.022239310288236117 0.023806505477564448 0.029292301336770257 -0.019258344923538926 0.013159072073771686 -0.02100708900952581 -0.022014599703679555 -0.025087522938222074 0.027681310341831938 0.035427348345304525 -0.0012235567777147598 0.016273266909094326 0.028738700151607781 -0.01131427247978015 -0.0036156484635805758 0.034840906720172302 -0.016285435587698911 0.0097089035229274111 0.025933218751818379 0.018478880984584885 0.016734904433899314 -0.014775463921246323 0.034805529993729468 0.027041483731614885 0.016416149335763713 -0.018641929575217518 0.0098019234440424596 0.022006351456038697 0.021254696183760961 0.0014639433858062009 -0.028516808265825613 0.01479467688440372 -0.018727895504142559 0.012959675298557039 -0.015716259921450516 -0.00029188760591813159 0.022000650021323641
leaf_weight=169.34185495227575 7.4569678902626064 16.00449970364571 10.915524661540987 0.80381019413471122 11.493100069463255 6.6046888828277615 8.6441413760185224 10.088630750775339 0.85000447928905387 11.195188924670225 14.529208824038504 23.42231921851635 4.3241420984268215 7.4843371510505703 8.9581691473722476 24.279921561479572 10.442274212837217 4.028053790330886 6.0009785443544379 23.587670803070068 6.3234629184007707 14.444895073771475 9.602811470627783 10.738200709223745 19.01614585518837 64.606462173163891 5.0445890054106703 4.7399053573608381 16.884715363383293 7.4103584885597282 6.5384164303541175 54.956387624144554 5.1458667293190956 7.8349894434213629 12.407267421483992 10.583930179476736 6.5490753650665265 7.885818436741828 15.451591208577158 15.03620660305023 7.202275186777114 6.5825655162334442 13.762931764125822 9.216775640845297 5.2096905857324591 7.1849596649408323 6.8177447319030762 7.1696999520063391 107.97186163067818 10.199439093470572 4.8193760514259338 12.121560633182524 8.5445536524057371 13.768641069531443 5.9454750567674628 5.3444991260766965 4.7745805233716965 21.645271241664886 11.448975235223768 9.6515275388956052 5.8592812269926062 82.449684098362923
leaf_count=580 20 53 33 2 66 22 21 43 4 42 36 109 17 15 31 103 39 8 18 50 13 52 28 32 100 340 17 13 92 23 38 270 37 23 24 32 20 24 64 53 15 26 39 23 16 20 26 16 239 32 26 35 20 35 21 30 14 68 26 36 22 211
internal_value=-6.68431e-05 -0.00640146 -0.0122266 0.0157959 0.00827117 -0.00761995 -0.00946826 -0.0140272 0.0109216 0.00964108 0.00359448 -0.000946795 -0.00403549 0.00743733 -0.00127331 0.00225238 -0.00104343 0.00533542 -0.0118551 0.0159972 0.00972896 -0.00624136 -0.00475159 -0.0126932 -0.0189448 -0.0156787 -0.0116302 -0.0134241 -0.00395357 0.0112521 0.00363721 -0.018508 0.00098583 0.0104641 0.0216609 0.0115585 -0.0120154 0.0116477 0.0133858 0.00861203 0.0154362 -4.76022e-05 0.0246823 0.0044423 -0.003802 0.0158998 0.00139289 0.0189287 0.0265768 0.025518 0.000627239 0.019419 0.00835622 0.0176953 0.0181108 0.00882791 -0.00808074 -0.0134706 0.02516 -0.0039844 0.0157409 0.0206193
internal_weight=1049.35 749.888 536.783 299.46 213.105 367.441 327.268 177.946 188.48 176.921 90.668 76.1387 149.323 40.1729 125.982 97.7325 81.6046 51.3237 30.2809 86.2532 51.2165 21.9019 25.6073 34.1605 23.3403 169.302 104.695 99.6505 34.8083 40.8815 26.654 64.8422 9.88577 17.9236 29.3147 16.9074 24.6247 20.1156 162.873 41.9782 26.942 13.1316 122.539 35.7373 20.6613 127.136 14.0027 16.1279 108.776 14.2275 12.2297 19.6059 19.7397 113.133 112.283 23.8877 10.1191 28.25 35.0366 20.5671 15.0761 88.3952
internal_count=3603 2799 2120 804 679 1540 1421 856 567 524 307 271 565 119 448 358 311 190 121 217 141 72 81 141 117 835 495 478 158 151 111 320 50 66 69 45 112 73 486 130 77 46 280 125 80 361 46 47 241 40 49 50 62 315 311 79 44 90 76 69 45 232
is_linear=0
shrinkage=0.03


Tree=69
num_leaves=63
num_cat=0
split_feature=29 19 9 9 9 26 18 50 19 29 5 45 56 47 70 47 82 58 37 19 28 44 81 42 74 64 6 66 3 86 24 14 56 47 27 4 55 25 4 64 64 38 56 4 38 34 54 72 60 55 24 69 66 74 35 6 8 52 43 52 69 37
split_gain=212.304 100.778 24.2208 13.1216 7.06801 6.81393 10.0862 9.14233 6.72381 6.41509 7.27729 6.05702 5.57502 6.0379 5.71858 5.54682 5.27666 4.85023 4.78697 5.44952 4.61 5.61673 4.99133 4.48252 4.43907 5.46966 5.30062 4.22119 4.1272 3.7116 4.39256 6.41344 3.42726 3.40814 6.22982 3.49775 3.22296 3.42057 3.17243 3.50208 2.99833 2.95017 4.29255 2.91049 4.9161 2.8706 2.67992 2.53268 2.38393 4.33621 2.2452 2.18204 2.18219 3.05856 2.49687 2.75923 2.14312 2.06307 1.76756 1.71355 2.89633 1.63654
threshold=-1.0000000180025095e-35 -1.0000000180025095e-35 -1.0000000180025095e-35 -1.0000000180025095e-35 1.0000000180025095e-35 0.19446707772167923 0.021991950681017055 13.805000305175783 -1.0000000180025095e-35 1.0000000180025095e-35 71.68129051436047 -1.2511788614665134 0.076251863650880311 0.097571414911174562 76.634998321533217 0.11520899380733102 0.087390107210623513 2.4305000305175786 0.0062240027414546513 1.0000000180025095e-35 0.11882794737549002 73.752234592637535 70.553037563248196 128.04499816894534 0.0033829094667777006 -0.014607996076319197 -0.024785121420456347 0.26413618661526833 147.87960190992411 29.503111843027941 12129450.000000002 55544500.000000007 0.073175900487240805 0.10705371809868941 0.0075612842926365007 76742400.000000015 0.57349700340613741 39.964050703715905 808773000.00000012 -0.045624584989090791 -0.094859001855350983 0.12896455496653039 0.05123923267359496 743290800.00000012 0.10112992008291276 68629500.000000015 32.716147222199133 57.709015655433788 2.4759999513626108 -0.076316209214072936 9094150.0000000019 72.069999694824233 0.10072946734932137 0.0023255512668709506 58.989429277473114 0.20401979131402204 0.14231750453081246 12.204999923706056 9750700.0000000019 10.934999942779543 93.125000000000014 0.0051157907267261006
decision_type=2 2 2 2 2 2 2 2 2 2 2 2 2 2 2 2 2 2 2 2 2 2 2 2 2 2 2 2 2 2 2 2 2 2 2 2 2 2 2 2 2 2 2 2 2 2 2 2 2 2 2 2 2 2 2 2 2 2 2 2 2 2
left_child=3 9 5 -1 12 17 -7 45 48 10 40 -9 13 27 16 18 -15 -3 19 23 21 24 -22 41 46 26 -26 -4 61 30 -11 -32 -20 -27 -35 -36 37 -19 59 -40 -2 42 -16 56 -45 -8 -10 -29 -5 -50 -42 -52 -53 -54 -55 -56 -14 -43 -12 60 -6 -17
right_child=1 2 4 8 38 6 7 11 20 29 58 -13 43 14 15 28 -18 36 32 -21 22 -23 -24 -25 25 33 -28 47 -30 -31 31 -33 -34 34 35 -37 -38 -39 39 -41 50 57 -44 44 -46 -47 -48 -49 49 -51 51 52 53 54 55 -57 -58 -59 -60 -61 -62 -63
leaf_value=0.026937158689665754 -0.027621775495231107 -0.025736404787190293 0.018383680776024508 0.029150560914250556 0.0069988166034468183 -0.022374742188496853 0.0050103901617208372 -0.026595060621313203 -0.0092653490769502023 0.014370406072851076 0.0073466780462048704 0.026734408468093312 -0.022630993284760481 -0.014090535083151714 -0.026396701687998205 -0.015285945804240982 0.021578149132600873 0.021869719016655652 -0.021117374301530094 -0.024922909816603164 -0.02790066246029313 -0.01058464194623388 0.013175943981439195 0.017500401006723475 0.011515626007289847 0.0012477928234372931 -0.023615803366295089 0.0043676670097913938 0.0093775667987746805 0.021435753334471924 -0.027676399118613162 0.012555048062773333 0.0073066741702595599 -0.031115573585858664 -0.028015919027094695 0.025534474199776488 -0.019158879467875738 -0.010041275042958816 -0.02463376333551022 0.0062606759545062616 -0.02951280858793694 -0.0049614570868429147 0.0021408476235314305 -0.021177371519676847 0.01438152046458316 -0.026298520363523665 0.026624505667785531 -0.025574953494691383 0.003130601498017901 0.029738825611376148 -0.033419297403299922 0.0076070951033465305 -0.031346615430862527 0.028478072503598299 0.005675821515363332 0.026218955617178318 0.0003169373809300857 0.019190106360646376 -0.014354641280060384 -0.023572365835944169 -0.025031824452508903 -0.024946133025666888
leaf_weight=147.83781680464745 1.1196043342351902 11.41774218529463 9.7248787730932253 29.049415752291679 4.5297445803880674 8.1949767619371396 5.6252513825893384 2.06407706439495 2.0103326737880733 8.1444437056779915 7.5287876725196821 26.855222925543789 92.006106071174145 7.1148309111595136 9.6495987027883583 22.504998333752155 7.8524646461009979 6.9253619015216845 32.703455254435539 8.9616692364215833 5.6110654622316343 8.7508434504270536 5.0662461966276169 10.812078982591627 8.00942714512348 11.526175975799559 7.4703331142663947 5.6101369410753232 3.9554505571722975 7.0122183859348288 9.7025286257266981 5.6386665403842917 4.3224449828267089 1.9981563836336125 1.1400103718042398 29.618226185441017 5.8209296464920035 5.3652680665254593 6.0065179318189621 7.3346580043435079 0.76099754869937797 6.8443333655595762 9.3308825492858869 9.0309543013572675 5.7126348689198485 4.9590770453214645 27.310190111398697 4.6494005918502808 11.334825724363329 10.730333179235457 0.62913863360881705 7.8681571930646887 0.88220314681529899 52.575860783457756 10.919490963220598 12.761042714118956 3.8145614117383948 5.950908437371254 6.1267005652189255 164.14076945930719 5.7862286269664764 52.844521537423134
leaf_count=275 5 55 29 52 14 38 19 9 8 22 23 59 545 27 41 81 20 18 168 34 27 33 14 29 23 35 31 19 18 17 38 14 20 9 5 63 22 25 21 24 4 23 30 45 24 23 54 26 31 19 3 21 3 97 32 27 19 18 20 730 29 296
internal_value=-0.000327541 -0.00934451 -0.0147367 0.0204973 -0.0171465 0.000902258 0.00791369 0.014197 0.014533 0.0143433 0.017979 0.0229281 -0.0143887 -0.0114345 -0.0131457 -0.0147298 0.00462274 -0.0104233 -0.00956998 -0.00365932 0.0103072 0.0123499 -0.00841034 0.000815136 0.0146029 0.00991212 -0.00543835 0.00422199 -0.0204928 0.00228258 -0.00343607 -0.0128893 -0.0177991 0.0152782 0.0202151 0.0235497 -0.000769724 0.00793951 -0.0217487 -0.00764874 0.0211572 -0.00486223 -0.0123675 -0.0198082 -0.00739952 -0.00965878 0.0241638 -0.00920168 0.023504 0.0160702 0.0217894 0.0222452 0.0226572 0.0241923 0.0248349 0.0167462 -0.0217175 0.00627114 -0.00238988 -0.022827 -0.0109672 -0.0220609
internal_weight=1017.56 710.092 578.422 307.463 501.194 77.2279 47.6986 39.5036 159.626 131.67 101.172 28.9193 313.396 202.832 182.848 167.88 14.9673 29.5293 88.5754 51.5495 108.511 97.8337 10.6773 42.5878 89.0829 59.7623 15.4798 19.9844 79.305 30.4979 23.4856 15.3412 37.0259 44.2826 32.7564 30.7582 18.1116 12.2906 187.798 13.3412 87.5165 31.7757 18.9805 110.564 14.7436 10.5843 29.3205 10.2595 51.1146 22.0652 86.3969 85.6359 85.0068 77.1386 76.2564 23.6805 95.8207 12.7952 13.6555 174.457 10.316 75.3495
internal_count=3603 2924 2598 679 2330 268 148 110 404 326 235 68 1512 879 805 758 47 120 363 175 302 261 41 141 228 166 54 74 395 91 74 52 188 112 77 68 65 43 818 45 192 112 71 633 69 42 62 45 102 50 187 183 180 159 156 59 564 41 43 773 43 377
is_linear=0
shrinkage=0.03


Tree=70
num_leaves=63
num_cat=0
split_feature=54 37 51 35 55 74 17 49 37 16 43 89 7 63 54 37 77 40 37 20 17 73 47 27 8 84 63 47 61 35 83 50 20 68 1 11 43 89 74 14 75 80 45 80 4 63 51 24 16 35 37 51 24 74 27 84 14 37 7 73 89 82
split_gain=40.6431 27.3838 19.1415 9.51525 8.00933 6.37341 6.82388 6.17831 8.90449 6.53311 6.10093 6.39745 5.91463 6.29506 5.82052 5.73581 6.36125 7.16395 5.70683 5.59674 5.01574 4.99665 5.60244 4.95226 6.64776 4.67716 4.34561 5.44234 4.47587 4.42201 4.27236 4.16074 4.63147 6.43518 3.98607 8.31103 5.01933 3.96441 3.94362 4.10658 3.90459 3.89735 3.89351 3.82899 3.81121 3.5472 3.52567 3.45379 3.43917 3.12289 3.96547 3.61074 3.57067 3.43265 4.75237 3.11393 4.81307 3.06094 2.99357 3.01089 2.96567 2.91004
threshold=57.083729006780125 0.0062952564869617504 14.369999885559084 51.197216875390275 1.0895594554872103 0.0029715559799543003 0.023287654064277203 13.335000038146974 0.0040186195883121509 5.0664976282963901 9544000.0000000019 96898103.500000015 0.008490327721149651 52.841547893036847 72.181830407583348 0.011318526665478302 8.5746737416316403 117.93500137329103 0.0077481552455365508 26.614782333374031 0.011751978571009201 0.16242538971282983 0.12687150415202408 0.015661296354097503 0.058341912905350408 0.028822213019575656 45.335238608529259 0.10037841437629691 2.3445000648498535 55.065856208851564 0.0092300605211032508 19.85000038146973 37.306877136230476 97.344997406005874 5.692221661217661 23.932389082585246 8774900.0000000019 51015950.000000007 0.0050730599352188507 63295500.000000007 1.1405185728218743 23844600.000000004 0.93248406904447745 29945100.000000004 817787600.00000012 41.546708176111885 16.32499980926514 12766600.000000002 2.639289747397513 76.118748475053792 0.0056332826527355009 11.385000228881838 14903200.000000002 0.0034370506920615505 0.0095576807907075019 0.026920461825672853 23600850.000000004 0.0086679363820915522 0.024449333228024454 0.44993094940294759 111380695.50000001 0.15286065083299064
decision_type=2 2 2 2 2 2 2 2 2 2 2 2 2 2 2 2 2 2 2 2 2 2 2 2 2 2 2 2 2 2 2 2 2 2 2 2 2 2 2 2 2 2 2 2 2 2 2 2 2 2 2 2 2 2 2 2 2 2 2 2 2 2
left_child=1 7 26 4 18 46 10 8 55 19 34 20 13 -10 15 44 -17 -18 -4 -9 -12 22 -19 -8 -25 38 29 28 -28 30 -3 32 -20 -34 -7 36 -36 40 60 61 57 48 -29 49 -2 -31 -5 -33 -22 50 53 -51 -52 -14 -55 56 -1 -37 59 -6 -13 -40
right_child=14 2 3 5 58 6 23 9 12 -11 11 25 43 -15 -16 16 17 21 31 -21 41 -23 -24 24 -26 -27 27 42 -30 45 -32 47 33 -35 35 37 -38 -39 39 -41 -42 -43 -44 -45 -46 -47 -48 -49 -50 51 52 -53 -54 54 -56 -57 -58 -59 -60 -61 -62 -63
leaf_value=0.018321076952291886 -0.011182547596371752 -0.016554557827056341 -0.023404802790324683 0.012488165894857309 0.01685366157388225 -0.018574343304448179 -0.0070882345338450356 0.016486749305953195 0.036549683559459673 0.019894989846091945 0.033726566567906999 -0.026603275439689423 -0.014433316272840672 0.004006864132234879 -0.019187389516780264 -0.014421214932446203 0.028269056030655861 0.028783220517452572 0.027514115838935965 -0.013300417399172147 0.012775525050890925 -0.0096599256251598473 -0.0069511922260489358 0.0059965195180383974 0.028855368874590566 0.017609304721922365 0.021952424006334573 0.034314956318039533 -0.015104801438155239 0.030087191802345009 0.016417843260437909 0.012863484636786516 -0.01631652732664899 0.020381810971404825 0.031721485227794083 -0.0042148685447472144 -0.0047599930856585962 -0.011342509217931045 0.02563564313141365 -0.011337133296697822 -0.0071532206245881729 -0.0043571373515962474 0.011616089327333023 0.025745615374320418 0.0086209518939042527 0.0016762340289842663 0.038298585954394122 -0.0073871340151349559 0.039126287286541044 -0.0047286740219529945 0.025335208761752447 0.023845473617590405 -0.0046252500911023757 -0.013885825596374451 0.017900997591427298 -0.014097634060632894 -0.015693603559327376 0.020706048234423905 0.025747195437480819 -0.013015764993371617 -0.0022694540575877858 -0.0034353515412509886
leaf_weight=7.7476962655782682 170.94836775958538 7.4443605542182905 12.470865502953528 9.6406879872083682 7.403843045234682 10.207635149359701 6.9215978235006324 6.0479498207569113 9.9492275565862673 6.360999956727027 11.675281375646589 8.4424723535776156 27.937676727771759 11.572078764438627 44.4206932336092 19.199089482426643 10.23711274564266 8.7167469114065153 8.0090432763099688 92.559828042984009 34.067977041006088 21.101279690861702 7.2186049520969382 18.632683202624321 29.703269451856613 12.751096352934836 7.6721778213977796 37.338769748806953 4.7492811232805252 12.868676900863649 6.7379700690507889 8.4625082015991193 9.7006842941045779 7.7249759286642066 11.207297936081888 6.6831808984279659 4.8688228428363791 30.489890366792679 8.8417586684227008 8.2894338071346265 17.344547152519226 10.499568134546278 8.3157027363777143 5.4042289555072776 9.217847526073454 5.7100134938955298 9.4145619273185712 72.674044668674469 5.1287738978862754 7.0979709923267391 7.0678085386753065 9.0608048886060697 7.2550487071275711 8.1247326433658618 8.8376221507787687 40.921769216656685 7.2450108379125595 13.190777882933615 11.584288090467451 5.1499238163232803 9.6712290346622449 4.7713328003883353
leaf_count=30 515 20 31 37 30 26 20 23 47 24 53 19 78 39 126 54 44 38 34 262 131 64 22 66 136 51 33 175 13 59 26 32 27 31 50 21 15 88 38 23 54 34 33 22 33 19 44 223 24 22 29 36 22 22 34 115 20 56 50 15 30 15
internal_value=0.000375299 0.00394654 0.00796014 0.005292 -0.00100803 0.0084857 0.00727357 -0.00392939 -0.000185542 -0.00957257 0.00478548 0.00944649 0.00507587 0.0190513 -0.00919086 -0.00739044 0.000141421 0.00605568 -0.00420309 -0.0114735 0.0160323 -8.42046e-05 0.0125958 0.0166451 0.0200437 0.00178684 0.0204619 0.0253902 0.00778378 0.0117255 -0.000889498 -0.00195612 0.00863109 -4.77733e-05 -0.00087459 0.00128181 0.0206727 -0.0033222 -0.00325496 0.00530964 0.00324814 0.0118753 0.0301805 0.00135282 -0.0101693 0.0213553 0.0252402 -0.005275 0.0162234 -0.000395939 -0.00358547 0.0112939 0.0101591 -0.00796992 0.00267555 -0.00981238 0.00188397 0.0123257 0.0147491 0.00460035 -0.013611 0.0154464
internal_weight=1070.71 779.651 516.461 425.624 143.18 282.444 263.389 263.19 158.222 104.969 208.131 114.139 102.307 21.5213 291.06 246.639 66.4728 47.2737 119.042 98.6078 61.3716 37.0366 15.9354 55.2576 48.336 52.7673 90.837 58.0759 12.4215 32.761 14.1823 106.571 25.4347 17.4257 93.9922 83.7845 16.0761 67.7084 40.0162 21.9025 37.2185 49.6963 45.6545 80.7859 180.166 18.5787 19.0552 81.1366 39.1968 75.3817 59.2229 16.1588 14.3229 44.9 16.9624 55.9145 14.9927 19.874 24.1381 12.5538 18.1137 13.6131
internal_count=3603 2707 1882 1504 473 1031 950 825 516 309 728 418 351 86 896 770 222 168 378 285 242 124 60 222 202 176 378 254 46 124 46 347 92 58 310 284 65 219 125 76 131 189 208 265 548 78 81 255 155 243 185 58 51 134 56 165 50 77 95 45 49 53
is_linear=0
shrinkage=0.03


Tree=71
num_leaves=63
num_cat=0
split_feature=19 29 9 29 29 9 19 84 83 17 35 21 18 54 36 54 68 26 61 65 40 64 85 27 24 82 54 59 80 82 59 50 37 72 26 64 35 38 5 52 64 83 14 50 46 14 4 18 24 81 83 25 37 36 44 44 35 52 80 50 50 72
split_gain=124.53 69.6952 32.8236 15.0167 12.747 8.82504 8.81824 8.26665 7.66865 7.38378 6.8504 8.28331 7.47315 6.60949 6.23901 5.75744 6.67684 5.46274 6.72753 5.19575 5.05527 5.0379 4.77262 5.13137 5.90823 4.73735 4.67836 5.71992 4.2967 4.2718 5.19851 7.90027 6.22515 7.7431 4.21925 4.76112 4.07238 3.95323 6.34291 6.07406 7.00951 3.80774 3.74199 3.55942 3.25767 3.1247 4.5129 3.75184 3.04129 2.94846 2.70816 2.67461 2.60067 2.51982 3.27253 3.64639 2.56563 3.39132 2.41596 3.30609 4.49802 2.40979
threshold=1.0000000180025095e-35 1.0000000180025095e-35 1.0000000180025095e-35 -1.0000000180025095e-35 -1.0000000180025095e-35 -1.0000000180025095e-35 -1.0000000180025095e-35 0.031047069959586154 0.0083974994003657519 0.016289434382945403 52.545783080531784 61.796424016247336 0.021625600062291802 52.970860470170514 1.3138976104860733 40.796284773942908 97.68500137329103 1.8225362634767281 2.0979999303817753 0.023977532955335903 168.7850036621094 0.00099590616754015033 11.762189388275148 0.014583078629494753 46415100.000000007 0.065538236452534468 48.260176468586259 1.5925000309944155 7946200.0000000009 0.30724136057738249 2.3964999914169316 17.865000724792484 0.0056332826527355009 75.050525569578411 -0.48532439731742366 -0.0094375280917042472 38.116099151178652 0.11412126039455202 64.132784360780747 11.934999942779543 0.013674334384574853 0.0086625154253234509 62833950.000000007 26.105000495910648 0.0076276745158282509 62833950.000000007 195753700.00000003 0.024076692999343206 12766600.000000002 77.913950986471562 0.0075227801466195504 23.863551488033348 0.0058066343814443004 2.8781429128870006 55.753601063788203 64.310266745065135 51.01138236413184 17.085000038146976 22706800.000000004 26.689999580383304 33.815000534057624 34.201330469456991
decision_type=2 2 2 2 2 2 2 2 2 2 2 2 2 2 2 2 2 2 2 2 2 2 2 2 2 2 2 2 2 2 2 2 2 2 2 2 2 2 2 2 2 2 2 2 2 2 2 2 2 2 2 2 2 2 2 2 2 2 2 2 2 2
left_child=1 2 4 26 -1 19 36 15 9 17 -7 12 -12 20 22 25 34 18 -6 21 29 -5 23 -14 -25 -4 -2 -28 -10 30 31 -8 -32 42 -17 -36 -3 38 -20 40 -39 -38 -34 -9 52 46 -37 -48 -46 61 -41 -30 -15 56 -55 -56 57 -53 59 -59 -61 -13
right_child=3 6 7 5 8 10 13 43 28 -11 11 49 14 44 -16 16 -18 -19 37 -21 -22 -23 -24 24 -26 -27 27 -29 51 -31 32 -33 33 -35 35 45 41 39 -40 50 -42 -43 -44 -45 48 -47 47 -49 -50 -51 -52 53 -54 54 55 -57 -58 58 -60 60 -62 -63
leaf_value=-0.023230619854286042 -0.021290626116489221 0.012556633123692465 0.0097602298472774865 -0.0045363304726040755 -0.024059132143240528 0.023617422352584981 -0.021346387629130641 -0.01903740034177346 0.0065535662814177175 0.018145624615673497 0.019487492980118322 0.012097363854348203 0.027345861654833076 0.020445909441403422 -0.02919286601652598 -0.0058610207509215808 -0.016871855962764956 0.015772128238836728 -0.015832254596789302 -0.022282713616241366 -0.017306698454608683 0.024773390792371324 -0.020701778059711438 -0.023504067208305494 0.018534733727015272 -0.018628040460995084 0.030897720425635853 -0.0077675584342829411 0.0018894427994211004 0.021671215204674688 0.02878921028228092 0.023576106123356859 -0.02898706257476839 0.029267531662701841 0.029162638551217052 0.018405123006066178 -0.0013884985267648465 -0.011539742864344263 0.021996170766575208 -0.022158485711016522 0.030022817822868721 -0.027363101482301522 0.0060772439360894919 0.0062754969151529944 0.0049517709977794011 0.025679223451966295 0.0069882834706833765 -0.022877782608975217 0.028919954796046681 0.0046599995676040798 0.0013727173443946197 0.0026819734922600294 0.0016960209506963965 -0.021148166019753438 0.018284335051623527 -0.016901447704120418 -0.023313617235548499 -0.019668907344887184 -0.023882201810027995 0.017173490522170799 -0.018656200686850487 0.025520144711888796
leaf_weight=148.40822160243988 10.868051216006281 8.4934966415166873 8.6871122866868991 11.998756021261221 24.360577136278152 138.14703044295311 12.296191781759264 20.756792783737186 7.1760023683309546 10.353324651718138 19.977975428104401 15.585337951779364 8.6402822434902244 14.658121302723886 6.8660097867250434 9.071381673216818 7.4748415350913993 7.631120264530181 6.5997599959373501 6.4905234575271598 7.0570980608463278 9.4229266643524152 5.9916998445987693 6.1548664122819883 5.8864746987819672 13.531157568097113 4.9820647388696697 11.149640932679175 6.3873894810676566 18.369776993989944 12.063251093029978 4.9384154975414267 6.3683421760797518 5.6187408566474906 17.457713156938553 12.96967087686062 12.358059823513033 8.9482318311929685 10.085614964365957 24.445650175213817 6.170100361108779 8.6240374222397786 4.8065173923969269 6.5859902054071418 5.5559293180704108 8.9275158047676069 9.0062003731727582 6.5305536687374106 33.453991904854774 9.536970987915991 5.3684571087360373 8.3713069111108762 12.198340862989424 9.1366525664925593 6.1959340870380384 4.6327657550573349 71.416699379682541 19.781630620360374 29.455977909266949 6.5699575096368772 6.0638711899518967 52.879985526204109
leaf_count=522 40 20 30 37 113 317 61 98 27 27 56 47 20 35 35 27 33 18 23 24 33 24 27 29 17 73 10 34 22 50 25 14 37 14 42 33 36 35 25 86 15 35 17 25 18 22 26 25 71 30 20 39 39 49 23 22 449 90 141 24 27 120
internal_value=-6.59099e-05 -0.00705824 -0.0122225 0.0153462 -0.0161264 0.0172899 0.00991941 0.00157215 -0.0123495 -0.00589478 0.018952 0.0140515 0.00496212 0.0131139 -0.00369004 0.00580905 0.00995724 -0.00855367 -0.0107127 0.00123176 0.00679908 0.00835637 0.00287467 0.00970503 -0.00295317 -0.00752852 -0.0060763 0.0041737 -0.0161799 0.00943813 0.00456263 -0.00847427 0.0123489 0.000539344 0.0130925 0.0162248 -0.00496987 -0.00543625 0.00703345 -0.0100668 0.00542279 -0.0120645 -0.0139052 -0.0129403 0.0199705 0.0101911 0.00534061 -0.0055653 0.0255063 0.0202877 -0.0179214 -0.0171509 0.0119296 -0.0179033 -0.0079255 0.00323105 -0.0193096 -0.0152387 -0.0176633 -0.0120123 -2.37216e-05 0.0224646
internal_weight=1040 715.418 548.558 324.579 427.559 297.579 166.86 120.999 279.151 103.963 269.667 131.52 53.5173 137.385 33.5393 93.6561 71.4379 93.6095 85.9784 27.9122 71.5183 21.4217 26.6733 20.6816 12.0413 22.2183 26.9998 16.1317 175.188 64.4612 46.0915 17.2346 28.8569 16.7936 63.963 54.8917 29.4756 61.6178 16.6854 44.9324 15.1183 20.9821 11.1749 27.3428 65.8664 37.4339 28.5064 15.5368 39.0099 78.0023 29.8141 168.012 26.8565 161.625 19.9654 10.8287 141.659 70.2427 61.8714 32.4155 12.6338 68.4653
internal_count=3603 2736 2231 867 1797 783 505 434 1275 362 698 381 184 414 128 311 208 335 317 85 251 61 93 66 46 103 84 44 913 218 168 75 93 68 175 148 91 204 48 156 50 71 54 123 163 106 84 51 89 197 106 886 74 864 94 45 770 321 282 141 51 167
is_linear=0
shrinkage=0.03


Tree=72
num_leaves=63
num_cat=0
split_feature=29 19 9 9 9 8 40 19 29 5 75 56 43 17 27 75 48 80 75 88 28 44 56 66 5 56 82 63 4 63 45 74 64 6 72 64 18 6 80 18 56 60 55 63 63 44 4 28 56 64 55 24 24 4 34 51 66 52 74 80 18 16
split_gain=202.087 96.3135 23.4223 12.7509 6.93204 6.5729 7.78578 6.52022 6.11277 6.91565 5.75012 5.43845 5.30375 4.99841 4.6845 4.55782 5.81179 4.4763 4.28317 7.08911 4.18801 3.90623 3.58592 5.56229 3.51029 4.11409 3.30152 4.12192 3.17165 5.26428 3.11564 2.97942 3.19746 4.60145 2.89317 2.87508 2.86091 2.82951 2.40772 2.36825 6.05963 2.34256 4.21272 2.26513 6.02821 2.55552 2.52108 2.21423 2.12957 2.16809 4.02009 2.05353 2.04802 2.02413 4.77009 1.78394 1.72432 1.71233 2.42881 1.65997 1.56182 1.5017
threshold=-1.0000000180025095e-35 -1.0000000180025095e-35 -1.0000000180025095e-35 -1.0000000180025095e-35 1.0000000180025095e-35 0.12225262509450506 122.27500152587892 -1.0000000180025095e-35 1.0000000180025095e-35 71.68129051436047 1.0876892529420805 0.076251863650880311 12405550.000000002 0.012051545071887852 0.013579961050762151 1.1569657584925832 -1.0000000180025095e-35 32313100.000000004 1.0851057729205065 9.2318480332928594 0.11882794737549002 70.271978628756969 0.05192719873613371 0.19431961877983969 66.811380018203792 0.054398763742485902 0.070345689137470718 55.777163621908294 808773000.00000012 51.191416216020876 -1.6595416512575694 0.0033829094667777006 -0.014607996076319197 -1.0000000180025095e-35 78.179356660533116 -0.094859001855350983 0.026591651416483404 0.12141574307907806 11421900.000000002 0.028645424078535601 0.077685432268471674 2.4759999513626108 -0.076316209214072936 57.961942733070806 55.504391452615984 39.657685737045263 80561250.000000015 0.017017641637262704 0.035816823762050302 0.010144667377418452 -1.1340667341002673 32453800.000000004 14472750.000000002 854593600.00000012 357294300.00000006 18.500000000000004 0.11718129976901261 10.934999942779543 0.0033725779546675502 22320400.000000004 0.034435112848829358 0.81021626057151519
decision_type=2 2 2 2 2 2 2 2 2 2 2 2 2 2 2 2 2 2 2 2 2 2 2 2 2 2 2 2 2 2 2 2 2 2 2 2 2 2 2 2 2 2 2 2 2 2 2 2 2 2 2 2 2 2 2 2 2 2 2 2 2 2
left_child=3 8 5 -1 11 6 13 41 9 35 14 12 15 -3 -8 30 -17 20 19 60 21 31 -10 -24 25 -20 27 -15 57 -30 -4 -9 33 -33 53 -2 -32 -21 -37 40 -34 -5 -43 44 45 -38 -47 -40 -49 50 -50 -48 -41 -13 -55 -27 -52 58 -6 -11 -14 -18
right_child=1 2 4 7 28 -7 10 17 22 59 -12 34 18 26 -16 16 61 -19 24 37 -22 -23 23 -25 -26 55 -28 -29 29 -31 36 32 39 -35 -36 38 43 -39 47 52 -42 42 -44 -45 -46 46 51 48 49 -51 56 -53 -54 54 -56 -57 -58 -59 -60 -61 -62 -63
leaf_value=0.026449809260811315 -0.027413665843320702 -0.012298299340914349 0.0019607478389698043 0.028685674878978933 0.0042183686945622715 0.028309624706736959 0.017820247964607957 0.024396626044855898 0.018089875559473965 -0.011051686262975367 -0.02305511999563882 -0.022454282662323865 -0.026218856734127962 -0.011194775015204481 -0.018870467736309803 0.028804341647064188 -0.025296978594780774 -0.010118308936203489 0.014332851431041564 0.0060846221722447302 -0.0066842703440851909 -0.005460854240807997 -0.019569486053801328 0.011013957174089735 -0.024842666138278551 -0.0015879463737387344 0.023230455412018489 0.0225823727511924 -0.024626813474990742 0.013459902513605735 -0.024077072089113593 0.01463411516664322 -0.0062628419137337379 -0.021288713918718088 -0.0021926379412443588 0.0078030129859263742 -0.0010439387741220884 0.031127743629323548 -0.033455623621711068 0.0093055915940670475 0.029997930799811279 0.002919504197782865 0.029249055806316291 -0.020840684022431763 0.017376808650724686 -0.0021449335583713126 -0.023585156378013727 -0.029916887292408986 -0.030758101617157436 0.029881063140730427 0.0073392272492361545 0.0010752965032576711 0.028013866992644632 0.014701931031751653 -0.02570985254743836 -0.024790842859964038 0.024048151417157732 -0.023407161440084905 -0.025075424755619091 0.010246420617762986 -0.00044225450106323701 0.0017509943167140869
leaf_weight=146.04596146941185 1.1057939827442158 8.8258870095014554 8.248612664639948 28.722756534814835 4.9928729534149152 7.1317939907312384 7.6358390450477582 25.624916270375252 8.991224944591524 8.0477828383445722 19.363670267164707 89.914377726614475 5.2972038239240664 7.8812222778797167 5.3094306886196136 4.8372998237609863 4.1916819065809232 9.1111683994531614 7.320066571235663 8.9594062715768832 9.8709812611341459 8.4767759740352613 10.851879969239237 10.560440897941588 10.654024705290793 5.4882754981517774 14.980123206973074 5.5353364497423172 7.2113822698593122 5.9700640439987183 36.969667993485928 7.3988902121782303 10.813735783100137 5.6673544198274524 7.9591251611709586 10.489153906702994 10.822662964463232 7.4259723722934714 0.61699686944484611 7.6994924694299725 6.72863845527172 11.302728474140169 10.596564844250677 29.853776685893536 6.163952372968196 7.8439805954694739 29.69909280538559 0.6630164235830297 1.3822675645351328 32.592143177986145 6.6641182005405488 3.3855135366320601 16.664781078696251 4.5394657254219037 6.2455032616853714 6.5310131683945656 33.506132557988167 160.53217494487762 5.2006890475749969 5.5751295238733283 3.522196352481842 3.3031732067465782
leaf_count=275 5 38 39 52 18 13 19 53 21 29 89 548 28 32 27 13 24 33 25 27 37 31 40 30 65 19 37 13 29 16 173 20 34 23 32 28 35 17 3 25 13 31 19 147 20 28 142 2 7 59 19 16 33 17 36 32 69 730 25 14 13 16
internal_value=-0.000342423 -0.00921101 -0.0145449 0.0200532 -0.0169433 0.000881412 -0.00193188 0.0141658 0.0139789 0.0175401 -0.012707 -0.0141999 -0.011271 0.00742088 0.00277175 -0.014278 0.00316913 0.0100035 -0.00335441 0.00576177 0.0118563 0.0139109 0.00219042 -0.0044859 -0.0110151 -0.00339758 0.0135497 0.00274083 -0.0215554 -0.0073768 -0.0158959 0.0159483 0.0120103 -0.000947057 -0.019605 0.0206516 -0.0170767 0.0174343 0.0212703 0.0160503 0.00764552 0.0230506 0.0156598 -0.014128 -0.0106678 -0.0140082 -0.0174363 0.0231432 0.02361 0.0240886 0.0195452 -0.0210617 0.0221018 -0.0209812 -0.00870026 -0.0141959 0.0212762 -0.0226501 -0.0107271 -0.00233551 -0.0159245 -0.0133762
internal_weight=1005.52 700.793 569.747 304.725 493.083 76.6633 69.5315 158.679 131.046 100.643 32.3089 309.176 200.518 37.2226 12.9453 145.319 12.3322 108.057 55.1982 25.2048 98.9456 89.0746 30.4035 21.4123 29.9934 19.3394 28.3967 13.4166 183.907 13.1814 132.987 80.5978 54.9729 13.0662 108.658 87.0196 124.739 16.3854 85.9138 41.9066 17.5424 50.622 21.8993 87.769 57.9152 51.7512 40.9286 75.4247 74.8077 74.1447 41.5525 33.0846 24.3643 100.699 10.785 12.0193 40.1703 170.726 10.1936 13.6229 8.8194 7.49486
internal_count=3603 2924 2598 679 2330 268 255 404 326 235 135 1512 879 120 46 653 53 302 226 85 269 232 91 70 141 76 82 45 818 45 600 201 148 43 633 192 561 44 187 105 47 102 50 388 241 221 186 159 156 154 95 158 58 601 53 51 88 773 43 43 41 40
is_linear=0
shrinkage=0.03


Tree=73
num_leaves=63
num_cat=0
split_feature=19 19 37 54 9 49 55 56 72 80 73 25 54 56 31 37 35 84 72 35 37 74 68 61 44 7 0 49 37 28 54 84 34 63 73 72 65 35 35 37 64 47 72 72 28 7 10 80 74 26 4 18 42 0 34 9 68 76 56 27 34 59
split_gain=39.1495 35.2766 25.958 16.9499 11.28 10.0752 8.90701 8.79882 7.73399 7.63378 6.9953 6.82372 6.13745 6.02523 5.62947 5.51489 9.80923 5.54784 5.34029 5.24507 5.22381 5.17192 5.06159 5.04139 7.91388 5.78748 4.62701 6.85316 4.41633 5.4157 4.26932 4.86102 3.84195 3.77774 3.7155 4.84469 3.54702 6.13562 3.48027 3.45643 4.94004 3.42366 3.40698 5.42412 3.26896 3.21339 3.20718 3.1393 3.5949 3.16178 3.11961 3.09521 3.33901 3.06426 2.98483 4.57843 4.1364 3.58717 2.877 2.87144 2.83612 2.73721
threshold=-1.0000000180025095e-35 1.0000000180025095e-35 0.0062952564869617504 50.283409989483594 -1.0000000180025095e-35 13.284999847412111 -0.80376047149606566 0.08128951260104926 37.176105446465428 11855200.000000002 0.21657774274187605 36.627197765823546 64.594640819488731 0.051525002926765963 291.23423296255288 0.0041622690187411516 78.897012734206982 0.017153413523282656 63.606263827464581 58.221986839866439 0.010414632771138502 0.0056956703900549006 99.404998779296889 3.2849999666213994 43.709520918784385 0.020254826899471706 16.657220840454105 13.929999828338625 0.0043674650043562507 0.097849005913491063 49.440381356860591 0.028559273342405555 64750750.000000007 50.803898672425511 0.51847660588031641 53.278781410106284 0.027687888316041052 70.332639155362315 42.579057648138011 0.0051711891058009501 -0.014607996076319197 0.096532631403401806 57.470099314254064 44.096980477611602 0.12159897827581931 0.012633362686339652 52.913398742675788 12779600.000000002 0.0029433543876168007 0.59042184347793392 319405600.00000006 0.013735372512436001 143.06500244140628 17.356604576110843 56773250.000000007 1.0000000180025095e-35 84.479999542236342 12.669986248016359 0.073175900487240805 0.016396091073563251 59595350.000000007 2.2045000791549687
decision_type=2 2 2 2 2 2 2 2 2 2 2 2 2 2 2 2 2 2 2 2 2 2 2 2 2 2 2 2 2 2 2 2 2 2 2 2 2 2 2 2 2 2 2 2 2 2 2 2 2 2 2 2 2 2 2 2 2 2 2 2 2 2
left_child=4 2 5 13 60 10 21 8 50 54 18 20 14 19 15 -11 17 41 28 -4 -9 59 -10 24 46 26 -26 -28 30 -30 31 -2 -12 34 35 -13 39 -38 -15 -7 -41 -17 43 44 -21 -42 53 49 -49 -8 -5 -22 -53 -19 -3 56 57 -56 -29 -6 -1 -40
right_child=1 9 3 7 6 36 47 11 22 12 32 33 -14 38 -16 16 -18 23 -20 42 51 -23 -24 -25 25 -27 27 58 29 -31 -32 -33 -34 -35 -36 -37 37 -39 61 40 45 -43 -44 -45 -46 -47 -48 48 -50 -51 -52 52 -54 -55 55 -57 -58 -59 -60 -61 -62 -63
leaf_value=-0.0026967876650529098 0.026184493257501322 -0.0085900738291962153 -0.013469767050627952 0.0038234019462725574 0.014410232869124915 -0.019517886422524052 0.016639276958563574 -0.01597916110594674 -0.0093424329090793217 -0.019494543674449329 0.0045758084645054408 0.0082506960504706121 -0.018481896874000682 -0.0012618183454543655 -0.017040627672047465 0.009099325290857746 0.033128406431437614 -0.0078479790039837367 -0.017032249599789769 0.025495954167005213 -0.0038311521503548479 -0.009448292781307115 0.019875809842683976 -0.017589966702648483 0.027283137613222718 0.042041798304524008 0.023902315167593478 -0.019854426818889267 -0.0019370494370509685 0.023555015001676588 -0.01353575359707695 -0.005667215283473994 0.031827976762018852 0.029330969985422096 -0.0056686787414997738 0.039088230954493548 -0.010842566116864591 0.027252803476285111 0.023853308345848857 0.012599209163829384 -0.0012699169690121718 -0.016027224849866746 0.031687443061066148 -0.010151794514919956 -0.0034138794292068999 -0.01954976557969439 -0.016192642880138237 0.0059062324751459026 -0.01365361627327363 -0.012242099897344285 0.031266548197405986 0.029725379455972634 0.0026041355448963707 0.017724927937922567 0.029673673743160378 -0.0029998412234378603 0.045852186447172157 0.0003275280639939145 0.0049298165604319448 0.044738796117524009 -0.019502979030278058 0.016486531530500299
leaf_weight=9.9450440555810911 7.2945999801158932 10.393266394734381 9.0801166146993619 7.765108183026312 6.6500657051801699 30.470543995499611 8.3496754765510541 10.75761619210243 62.275719508528709 16.660668537020683 7.7367765009403255 13.615960285067564 41.608486697077751 7.1886592060327521 32.361333563923836 5.7018861919641486 7.0979992151260367 10.677626162767412 12.592304214835165 12.811921864748006 10.684526339173319 4.948691099882125 5.8361315578222266 11.179682120680807 8.8533698320388776 5.3735253512859336 8.6463865786790866 9.5158218145370501 13.131504476070406 17.490905553102493 17.380583703517914 10.547468066215513 11.691243305802343 18.604630216956139 7.8169211298227301 6.9130369871854773 9.8987099528312701 6.1809473782777777 87.250766441226006 9.6440471708774549 15.268397346138952 33.880916267633438 6.5216863602399817 9.9381889104843122 4.853738620877265 19.981206193566322 16.341481372714043 9.9399916082620603 56.668913453817368 5.7681485116481772 7.1705467402935028 8.6535693258047122 7.7392832785844794 6.9696383476257315 6.2620856165885952 14.560339525341986 4.135337069630622 9.3404572755098325 7.5676290690898886 4.8649220615625381 98.983821272850037 94.622543051838875
leaf_count=33 30 32 25 26 24 82 31 29 181 48 25 49 125 23 92 21 31 33 34 54 34 14 23 30 38 25 36 27 40 71 50 31 52 82 24 33 28 25 389 34 48 101 30 29 15 52 48 34 160 16 31 38 26 27 27 48 20 31 27 23 275 383
internal_value=0.000398723 0.00322343 0.0073221 0.0116527 -0.0113395 -0.00183056 -0.00390971 0.00438871 -0.00255181 -0.00582015 0.00485942 0.011187 -0.00809337 0.0169016 -0.00570297 -0.0032317 -0.00117602 -0.00312853 0.000867676 0.00679402 0.00170617 0.0162007 -0.00683888 0.00118627 0.00402501 0.0130768 0.00857619 0.00213933 0.00429088 0.0126235 -0.00295346 0.00735512 0.0209754 0.018827 0.0119329 0.0186351 -0.00899033 0.00380112 0.0192114 -0.0117195 -0.00642652 -0.0124078 0.0121858 0.00757835 0.0175528 -0.0116318 -0.00661611 -0.00801109 -0.0107347 0.00483915 0.0169987 0.00873241 0.0169211 0.00225183 0.005494 0.00976184 0.0191759 0.0121056 -0.0088755 0.0272236 -0.0179686 0.0200206
internal_weight=1062.66 856.538 589.41 400.101 206.119 189.309 97.1904 167.833 83.0475 267.128 97.8654 84.7855 222.436 232.268 180.828 148.467 131.806 124.708 78.4374 43.2057 37.835 16.4637 68.1119 85.1252 73.9455 39.9567 34.5832 25.7298 65.8451 30.6224 35.2227 17.8421 19.428 46.9505 28.3459 20.529 91.4439 16.0797 189.062 75.3642 44.8937 39.5828 34.1255 27.6038 17.6657 35.2496 33.9887 80.7267 66.6089 14.1178 14.9357 27.0774 16.3929 17.6473 44.6915 34.2982 19.7379 15.6025 17.0835 11.515 108.929 181.873
internal_count=3603 2993 2126 1524 610 602 302 576 261 867 333 315 709 948 584 492 444 413 256 153 127 61 204 291 261 153 128 90 222 111 111 61 77 188 106 82 269 53 795 216 134 122 128 98 69 100 108 241 194 47 57 98 64 60 158 126 78 58 54 47 308 772
is_linear=0
shrinkage=0.03


Tree=74
num_leaves=63
num_cat=0
split_feature=19 29 9 29 29 9 19 18 83 17 81 29 15 19 68 55 88 82 18 16 38 28 83 38 5 37 4 26 26 17 37 72 63 72 37 58 84 5 55 89 46 64 88 55 4 67 55 50 65 45 35 81 39 4 65 19 63 46 85 28 55 37
split_gain=118.214 66.4375 31.5257 14.0622 12.4766 8.39122 8.37966 7.95698 7.44642 7.98954 7.21493 6.68694 4.98863 4.95781 5.5696 4.82569 6.29069 8.39033 6.59907 5.11774 5.05142 4.7471 4.60469 5.33389 6.33725 5.4365 4.59097 4.23928 4.17818 3.90537 3.86023 4.3751 3.3576 3.50208 4.08705 3.3381 4.61103 4.83935 5.59141 3.57851 3.29031 2.98888 4.01503 2.77314 2.7473 3.76278 2.74087 2.78093 2.61426 2.60547 2.52846 3.50248 2.87262 2.91816 4.17779 2.47985 3.28945 3.10635 7.55603 4.9773 3.13297 7.49822
threshold=1.0000000180025095e-35 1.0000000180025095e-35 1.0000000180025095e-35 -1.0000000180025095e-35 -1.0000000180025095e-35 -1.0000000180025095e-35 -1.0000000180025095e-35 0.043547393180888454 0.0078249273911077024 0.016289434382945403 77.399092246387085 1.0000000180025095e-35 66.686819189387137 -1.0000000180025095e-35 97.68500137329103 0.023211661554012306 21.416187754320315 0.07976847121260626 0.021991950681017055 0.17493580801989592 0.11316957793576192 0.090382731384990964 0.0076338523659463505 0.11412126039455202 58.957375654622943 0.0040186195883121509 100324600.00000001 0.19446707772167923 0.93039008248651289 0.010892911332368601 0.005681787529657251 52.577454994813749 50.677195669212871 61.655432429881785 0.0073932679979961504 2.7575000524520878 0.018143293536420253 66.371865438588529 -0.3581533341091187 47817550.000000007 0.014685047439840152 0.013674334384574853 22.992864651536607 -0.28732492311844732 601375600.00000012 97.505001068115249 -0.07211854465465789 16.98499965667725 0.021683598216718353 -1.6595416512575694 36.402508925935585 40.580108773530362 116.38000106811525 358568000.00000006 0.020590941261728453 -1.0000000180025095e-35 55.777163621908294 0.012335064870074601 8.6396722793579119 0.12634489791211487 0.84996230993128485 0.011705284524042701
decision_type=2 2 2 2 2 2 2 2 2 2 2 2 2 2 2 2 2 2 2 2 2 2 2 2 2 2 2 2 2 2 2 2 2 2 2 2 2 2 2 2 2 2 2 2 2 2 2 2 2 2 2 2 2 2 2 2 2 2 2 2 2 2
left_child=1 2 4 26 -1 12 29 10 9 22 13 15 27 -4 40 16 17 19 -19 20 -7 50 23 24 -6 43 -2 -5 35 -3 31 -10 -18 34 -34 36 -23 46 -39 -37 -15 -9 -43 -25 45 -17 -38 -48 -28 -13 -8 -52 -53 -54 -55 -32 57 58 -57 60 -60 -62
right_child=3 6 7 5 8 11 21 41 30 -11 -12 49 -14 14 -16 44 32 18 -20 -21 -22 28 -24 25 -26 -27 48 -29 -30 -31 55 -33 33 -35 -36 39 37 38 -40 -41 -42 42 -44 -45 -46 -47 47 -49 -50 -51 51 52 53 54 -56 56 -58 -59 59 -61 61 -63
leaf_value=-0.023054443359149576 0.01146294402459579 0.0085050434376470856 -0.011122358334808045 0.0093372162879765113 -0.020488771466566715 0.02178521936731468 0.030327953728492757 -0.021385800427279254 0.016590091090687122 0.02066175358924785 -0.015180929127080117 0.0063367092519666154 0.02100738822722505 0.016800867838210762 -0.012288631474222943 0.025935971446239683 0.027703554093414795 0.0095712977472001311 -0.024384556278008975 0.032637729376899433 -0.01268078635965641 0.021325638247518756 0.017490491515191931 -0.014853491714851947 0.018223313434338355 -0.020850947343168107 -0.024979426581233088 -0.018862590300258008 0.023503142271661264 -0.013850665862958722 -0.023712885556268031 -0.016919201236206601 0.012642461022375583 0.027255497621081582 -0.023421776706670613 0.031261057056263884 -0.024549563769474037 -0.0103843855228477 0.022949307227514992 0.00098297786106436229 -0.0060483352112050207 0.018135364940494184 -0.019518082579100669 0.0089023374451788154 0.006251001180381098 0.0042350039850671435 0.008664306726716569 -0.018726071552511932 -0.0016778744923666195 0.025098392160913054 -0.007835182539266539 0.0029672615043561607 0.03047527970751527 0.02614238105922468 -0.0071297146306461869 0.020948157793535274 -0.021546150102977092 -0.020420000447597068 -0.018693205351322011 0.013593674560528533 0.024428683416679826 -0.025567701161978578
leaf_weight=144.54323606938124 9.0669222772121447 11.728265896439554 9.8193428218364698 8.2859662026166969 5.8507566079497364 7.3529999703168887 13.896596327424048 15.776722453534605 6.8919011056423169 9.6877211779355985 13.027265280485151 7.0993400067090979 8.0777763277292234 57.410354927182198 7.8167130500078192 49.904957786202431 18.528529167175293 8.3350015282630938 13.484509013593195 8.7137460559606534 7.9812917560338974 8.4046156108379346 5.8274078369140616 7.5857002884149578 10.888945728540419 39.155961483716965 9.9284996241331118 11.396929979324339 12.784707456827162 17.566324532032013 36.942637577652931 7.1393177062273026 8.446138724684717 6.791689231991767 4.2518116086721411 7.7642713785171491 9.5132508277893031 8.0295496731996554 10.388329729437826 6.4162167608737946 6.293829917907714 5.1374141722917539 5.058068573474884 10.60595817863941 10.668652400374411 8.4017014950513822 7.4949275702238118 6.0121469348669052 7.689400613307952 108.06730383634567 5.0546029210090628 8.3747386336326581 18.538570880889893 8.1786699444055539 5.8087862432003012 7.160727195441722 45.224767357110977 25.826851144433022 40.147785685956478 6.2194364666938773 5.4165960103273374 5.3825069889426231
leaf_count=522 25 31 27 24 20 19 29 73 26 22 66 20 22 164 36 114 41 27 71 18 35 22 19 29 28 157 38 39 34 60 133 31 25 15 20 17 47 32 28 26 25 15 28 27 28 25 23 26 21 240 17 28 42 19 24 22 273 167 236 31 17 37
internal_value=-7.71359e-05 -0.00694455 -0.0120395 0.0149748 -0.0159143 0.0168564 0.00965976 0.00149981 -0.0121743 -0.00506736 0.00554682 0.0184826 0.00115578 0.00886653 0.0116109 0.0143696 0.00953618 0.00205674 -0.0114135 0.0142787 0.00384613 0.0127809 -0.00818639 -0.010206 0.00469291 -0.014555 -0.00588261 -0.00699124 0.00784517 -0.00490042 -0.0155915 -0.000459995 0.0185599 0.00986708 0.000566627 0.00471846 0.00106465 -0.00304474 0.00841699 0.0175612 0.0145434 -0.0132046 -0.000544841 -0.00100355 0.0202479 0.022809 -0.0122149 -0.00352745 -0.0148094 0.0239418 0.0191149 0.0157242 0.0186357 0.0226699 0.012325 -0.0168236 -0.0149436 -0.0116315 -0.00810296 -0.0117419 -0.0148348 -0.000490598
internal_weight=1029.27 706.792 540.838 322.473 420.498 295.788 165.955 120.34 275.955 89.6025 94.3675 268.028 27.7607 81.3402 71.5209 152.861 83.8857 45.8675 21.8195 24.048 15.3343 136.66 79.9147 74.0873 16.7397 57.3476 26.6848 19.6829 76.808 29.2946 186.353 14.0312 38.0182 19.4896 12.698 64.0233 49.8428 41.4382 18.4179 14.1805 63.7042 25.9722 10.1955 18.1917 68.9753 58.3067 23.0203 13.5071 17.6179 115.167 59.852 45.9554 40.9008 32.526 13.9875 172.321 135.379 90.1539 64.3271 57.1663 50.9469 10.7991
internal_count=3603 2736 2231 867 1797 783 505 434 1275 302 318 698 85 252 225 438 271 170 98 72 54 414 280 261 48 213 84 63 255 91 973 57 101 60 45 221 178 156 60 43 189 116 43 56 167 139 96 49 59 260 159 130 113 85 43 916 783 510 343 321 290 54
is_linear=0
shrinkage=0.03


Tree=75
num_leaves=63
num_cat=0
split_feature=29 19 9 9 9 19 7 37 74 16 75 29 5 31 7 56 47 70 15 46 60 45 45 27 80 4 56 83 28 44 4 63 54 15 48 74 83 7 83 64 54 73 42 63 46 44 83 56 60 54 63 15 81 80 49 83 80 89 9 24 80 40
split_gain=192.245 91.3292 22.5964 12.2513 6.84762 6.23303 6.22457 6.6987 6.69734 6.43444 6.25045 5.80482 6.57648 5.69109 5.38103 5.30782 5.69131 10.8174 4.57397 5.02634 4.33298 4.78791 4.74576 5.59288 4.28352 4.04472 4.00554 6.21147 3.99032 3.72012 3.14403 5.09718 2.84407 4.80858 2.98342 2.82614 3.12029 4.82762 3.00098 2.77787 2.65364 2.522 5.10065 5.68575 2.47179 2.42367 3.5416 2.71819 2.2879 3.32221 2.26456 3.63114 2.2636 1.58389 1.5725 2.99254 1.56574 1.49957 1.42551 2.52133 1.75723 1.40893
threshold=-1.0000000180025095e-35 -1.0000000180025095e-35 -1.0000000180025095e-35 -1.0000000180025095e-35 1.0000000180025095e-35 -1.0000000180025095e-35 0.026595041511987053 0.0085121538714312533 0.0053587590890213513 1.8158892178081489 1.0876892529420805 1.0000000180025095e-35 71.68129051436047 83.356201437831189 0.0089023005477285519 0.076251863650880311 0.11520899380733102 75.875000000000014 81.76988201268567 0.005507430897196801 1.7745000123977663 1.4916723398268206 -1.6595416512575694 0.013394361068558151 32313100.000000004 75450800.000000015 0.048339946728800355 0.0087025633879045019 0.11882794737549002 70.271978628756969 808773000.00000012 51.191416216020876 58.044329526670474 48.77068271957652 -1.0000000180025095e-35 0.0033829094667777006 0.0063242437770908511 0.020468083382171254 0.014411993884721952 -0.094859001855350983 59.627705963603354 -0.020548106372814297 129.765007019043 47.90314567460981 0.0091510131085234519 52.774972301686311 0.0088804741246118011 0.06751447823294307 2.4759999513626108 45.422197539741241 38.633148131896213 64.085141141489331 31.408213662136514 22320400.000000004 11.154999732971193 0.0050314489105207508 16536700.000000002 42976554.500000007 -1.0000000180025095e-35 9991900.0000000019 14568900.000000002 108.77499771118165
decision_type=2 2 2 2 2 2 2 2 2 2 2 2 2 2 2 2 2 2 2 2 2 2 2 2 2 2 2 2 2 2 2 2 2 2 2 2 2 2 2 2 2 2 2 2 2 2 2 2 2 2 2 2 2 2 2 2 2 2 2 2 2 2
left_child=3 11 6 -1 15 48 7 8 9 10 -3 12 39 -9 -12 16 18 -18 19 -4 44 22 23 -22 28 -19 -13 -28 29 35 54 -32 61 34 -34 57 -37 45 -39 -2 -29 42 43 -41 -21 47 -47 -38 -5 -50 51 -24 -43 -14 55 -6 -44 -7 -54 -60 -61 -17
right_child=1 2 4 5 30 24 -8 13 -10 -11 14 26 53 -15 -16 32 17 25 -20 20 21 -23 50 -25 -26 -27 27 40 -30 -31 31 -33 33 -35 -36 36 37 38 -40 41 -42 52 56 -45 -46 46 -48 -49 49 -51 -52 -53 58 -55 -56 -57 -58 -59 59 60 -62 -63
leaf_value=0.025942768437686142 -0.027322961017735969 0.014573852773622786 0.01338126820558286 0.028196044343862858 0.0074229969927092441 0.012494787958462004 0.027971485473263728 0.011869112171259619 0.033359764753076088 0.021444754358023493 0.0055523688650324591 0.020907461786888116 -0.010926561895074289 -0.024016064142220593 -0.02562601951335463 -0.012883778794998683 0.016974027080575462 -0.0021363570233863777 0.014656653370258331 -0.0081923993090958803 0.013050515894637012 0.0086394091601788205 -0.019701534625848689 -0.025141207524848431 -0.0099508696439537248 -0.022826937742223413 -0.022725795525702933 -0.003466825527938794 -0.0065427133452285284 -0.0053401421400924853 -0.024473315299240891 0.013153731953121328 0.00032681428526967093 0.0074077695683932967 -0.02535888795975174 0.025429046705308211 -0.0049131185210450762 0.032609827525243024 0.0073775141273301854 0.016676075194008246 0.023457318739129922 -0.0016438482876568548 0.012865564622288475 -0.023556567372205538 0.019759027940570863 0.0037516768493982672 -0.031449584465253519 0.020230974966922076 -0.0014512946611785007 0.023493574085218748 -0.021735962605033323 0.015765520980916988 0.032078642002363211 0.0098898667936824086 -0.023242289248637506 -0.024616613170526467 0.028918868489477351 0.02850203369654471 -0.031264317755609533 0.0099082955761639266 0.028500857084307187 -0.024228877492732549
leaf_weight=144.00743736326694 1.0991441309452046 8.9879647791385668 8.7629993334412557 28.355151936411858 4.4607196450233442 7.432902708649638 6.9237922281026831 5.2102591693401363 6.2795258164405814 9.6883969306945783 7.5321584641933468 7.59464003145695 8.0136677920818311 16.810481518507004 14.71453036367893 11.631306439638136 7.7200549244880667 9.7116090953350049 8.3982450589537603 5.2622719630599004 9.9541542530059726 8.4787168800830823 7.1354507729411178 5.2822189256548873 9.075055316090582 68.341561362147331 9.5271059572696704 7.0945067852735502 9.8348723202943784 8.4468834698200208 7.0516597926616651 5.9947635382413864 5.3870226368308094 8.5684430450201017 16.644257269799713 11.778714790940283 7.885411739349367 8.7940733879804629 8.1958162784576398 7.4361411482095701 6.1510300189256668 2.6860783100128165 8.6417593657970446 5.4992794096469879 6.2047266140580177 6.0420438051223737 4.4793466180562973 7.5977720618247986 7.1733534932136562 14.554996132850645 48.7561105042696 4.0854785218834877 22.565725743770599 5.5805557966232291 156.15059138834476 6.370768703520298 14.889267206192015 18.076805427670479 0.78682294487953441 6.3257658779621151 16.53021240234375 64.392887137830257
leaf_count=275 5 23 29 52 21 19 17 15 12 21 29 16 29 87 64 66 18 38 24 19 34 29 33 32 33 363 34 29 37 31 29 16 20 28 84 22 25 15 27 19 12 9 19 22 22 19 22 18 22 28 224 14 38 14 725 27 27 34 4 18 31 435
internal_value=-0.000363525 -0.00908392 -0.014342 0.0196164 -0.0167285 0.0138401 0.000850628 -0.00186203 0.00451214 8.5552e-05 -0.00653967 0.0135288 0.0170156 -0.0155254 -0.0150698 -0.0139878 -0.011083 -0.016902 -0.00663936 -0.00836035 -0.0103625 -0.0127321 -0.0151413 -0.000189974 0.00977206 -0.0202526 0.00204051 -0.00425158 0.011588 0.0135976 -0.0213674 -0.00718388 -0.0193847 -0.0116617 -0.0190783 0.0155901 0.0117489 0.00800104 0.0204379 0.0200654 0.00903635 0.0206756 0.0147046 -0.000428165 0.00693196 -0.000124494 -0.0112348 0.00742537 0.0225831 0.0152583 -0.0189394 -0.00678818 0.0251289 -0.00238122 -0.0224755 -0.0114218 0.0230233 0.0238379 0.0266851 0.0215374 0.0233551 -0.0224931
internal_weight=993.045 691.315 560.893 301.731 484.746 157.723 76.1471 69.2233 47.2026 40.9231 31.2347 130.422 100.054 22.0207 22.2467 304.718 198.094 85.7732 112.32 103.922 95.1591 83.6921 75.2134 15.2364 107.64 78.0532 30.3673 22.7726 98.5646 88.7298 180.029 13.0464 106.624 30.5997 22.0313 80.2829 54.7732 42.9945 16.9899 86.4602 13.2455 85.3611 36.4664 12.9354 11.467 26.0046 10.5214 15.4832 50.0835 21.7283 59.977 11.2209 48.8946 13.5942 166.982 10.8315 23.531 25.5097 46.2085 23.6428 22.856 76.0242
internal_count=3603 2924 2598 679 2330 404 268 251 149 137 116 326 235 102 93 1512 879 419 460 436 407 366 337 66 302 401 91 75 269 232 818 45 633 132 104 201 148 126 42 192 41 187 87 41 41 84 41 43 102 50 271 47 100 43 773 48 46 53 91 53 49 501
is_linear=0
shrinkage=0.03


Tree=76
num_leaves=63
num_cat=0
split_feature=19 19 37 54 29 29 49 56 72 55 73 25 32 54 56 72 37 32 68 81 40 14 37 28 80 54 84 17 46 63 26 52 73 56 80 55 64 54 26 54 67 0 17 7 7 81 37 84 75 64 14 43 20 43 80 17 42 80 59 63 47 56
split_gain=36.9414 32.9181 24.5108 16.0442 12.0656 9.65203 9.63947 8.32625 7.31434 7.14967 6.65368 6.5268 6.50083 8.5655 5.70227 5.10278 4.96061 4.83051 4.82656 4.72358 4.25649 4.90876 4.21504 5.11427 4.20346 4.06795 4.64811 3.98149 3.92035 5.27412 3.84786 3.76633 4.14019 4.95209 3.64671 4.84542 3.55953 3.5154 3.47403 3.40884 4.07746 3.953 3.47103 4.4872 3.3349 3.83352 3.33155 3.90062 3.30937 3.26682 3.19753 6.62535 3.18288 3.15739 3.1109 3.05243 5.31408 3.01304 3.00959 5.93288 4.58437 3.16931
threshold=-1.0000000180025095e-35 1.0000000180025095e-35 0.0062952564869617504 50.283409989483594 -1.0000000180025095e-35 1.0000000180025095e-35 13.284999847412111 0.08128951260104926 37.176105446465428 -0.80376047149606566 0.21657774274187605 36.627197765823546 274.55708145601938 64.904992074962635 0.051525002926765963 63.606263827464581 0.010414632771138502 254.56138771150788 99.404998779296889 63.830238351804979 124.29500198364259 60104400.000000007 0.0043674650043562507 0.097849005913491063 17100300.000000004 49.440381356860591 0.028559273342405555 0.0084200535086088515 0.0078849069683843507 50.803898672425511 0.045539897630472809 14.59500026702881 -0.16416763220048833 0.053037564286125459 27300100.000000004 -0.22753290006166788 0.036368642418810306 55.25536997542094 0.49942797771999642 33.5634621115477 99.125000000000014 11.270585060119631 0.013068263581129903 0.013383639766146453 0.019967542038677854 35.003058918553542 0.005082123094693301 0.030238072621089952 1.0903392150364846 -0.014607996076319197 49631600.000000007 10915400.000000002 27.813494682312015 8513100.0000000019 12721100.000000002 0.014204862095144951 121.02499771118165 16939400.000000004 2.2045000791549687 44.384667332053475 0.11217241543007311 0.087176693509082068
decision_type=2 2 2 2 2 2 2 2 2 2 2 2 2 2 2 2 2 2 2 2 2 2 2 2 2 2 2 2 2 2 2 2 2 2 2 2 2 2 2 2 2 2 2 2 2 2 2 2 2 2 2 2 2 2 2 2 2 2 2 2 2 2
left_child=4 2 6 14 -1 12 10 8 57 30 15 16 13 17 19 22 -9 20 55 52 24 34 25 -24 38 26 -2 -8 -13 37 -6 32 -11 -34 35 -22 -21 -30 48 41 42 -16 -41 53 -33 -46 -29 49 -3 -48 -7 -52 -4 -44 -40 56 -10 -5 -45 -60 -61 -62
right_child=1 5 3 7 9 50 27 11 18 31 -12 28 -14 -15 39 -17 -18 -19 -20 36 21 -23 23 -25 -26 -27 -28 46 29 -31 -32 44 33 -35 -36 -37 -38 -39 54 40 -42 -43 43 58 45 -47 47 -49 -50 -51 51 -53 -54 -55 -56 -57 -58 -59 59 60 61 -63
leaf_value=-0.018699133649819653 0.025513077996144325 -0.00013786894771954331 0.0056784326752480482 0.032067845342867107 0.0014641217550808376 -0.01681918649949761 0.01047528017982401 -0.01573663393675365 0.022820192654438298 0.021349856023337787 0.020496310857562185 0.031043782583262309 -0.011384007567739869 -0.017464070947393003 0.008272919591761357 -0.016758515700869139 0.008435894452177 0.030303061623742342 0.019404997294458902 0.022297323845371888 0.02744578550713668 -0.011371469337918782 -0.0018414289952542718 0.022958425616788375 -0.0082048261203965678 -0.01330402259039499 -0.0056254129252919487 -0.019978655833338146 0.015749437261769177 0.027190854388862318 0.029477144812132147 -0.016845043427590203 -0.020910248502754171 0.0096149835543937745 0.042020214463510945 0.0011104010846077128 -0.0020930019511386476 -0.010142302043703947 0.010458547371752325 0.027551323293748979 -0.00074559405469295972 0.030053676768921449 -0.014238678053105459 0.023668093683024194 0.017186333986591012 -0.010418951155543435 0.0058934066403452693 0.0090017479766959421 0.025286560494820094 -0.014611653359830088 0.022175561059415174 -0.013301527211253479 -0.020129010195027299 0.016011765309062759 -0.018456435354739637 -0.01487313427512506 -0.0089262631644455512 0.0048470037018684756 0.030818934445139057 -0.0032236633668292184 0.006451323054104916 0.032821069914468114
leaf_weight=97.24991300702095 7.3111085444688824 7.736054107546809 10.074922800064089 6.3931718170642844 10.670350775122644 67.573681771755219 8.6958592087030393 10.655806347727774 6.2239985466003445 7.1585242003202465 19.378292694687843 14.956340476870535 43.852537363767624 17.562730923295021 9.362550735473631 12.442080736160277 27.003394022583961 6.4402128458023062 5.8258496969938269 17.711800321936611 11.137973204255108 6.7529549002647391 13.088680386543276 17.476910293102264 34.779822751879692 17.220259144902229 10.526097223162649 25.099017217755318 9.1021254509687477 12.925346240401266 7.5255141854286185 39.738568484783173 9.4097973108291644 9.7280382215976697 4.4442656189203253 14.439059317111969 7.7378270477056494 9.8017362505197507 6.3072783201932889 26.690082013607025 11.476288154721258 37.683890521526337 7.2581047862768155 41.696517959237099 6.4411796927452114 15.238566175103186 8.616776764392851 11.207936763763426 11.394413024187086 37.100840166211128 6.3609149158000973 18.563607275485992 7.5049369484186164 5.4273935556411743 7.1392136961221695 35.639995291829109 19.976688325405121 8.5594433397054654 12.143241032958029 19.633179232478142 9.2139268517494219 7.3935921341180793
leaf_count=284 30 25 35 28 33 212 31 29 25 28 77 68 132 50 35 34 98 28 23 75 48 20 40 71 107 50 31 69 36 56 32 109 23 33 21 48 24 28 23 122 38 185 20 185 24 44 29 38 47 102 27 60 19 22 19 97 59 29 57 62 33 36
internal_value=0.000424048 0.00316883 0.00713261 0.0113501 -0.0110696 -0.00561696 -0.00178969 0.0042678 -0.00250316 -0.00406387 0.00476204 0.0108924 -0.00141405 0.00199807 0.0164719 0.000856287 0.00159619 0.00508936 -0.00669921 0.00662042 0.00352996 0.0117387 0.00419604 0.0123387 -0.000951692 -0.00290333 0.00713762 -0.00882695 0.0183752 0.0124223 0.0130499 -0.00761401 0.00188647 -0.00539383 0.0169371 0.0125786 0.0148816 0.00232446 0.0067919 0.018727 0.0163928 0.0257192 0.0179122 0.0154087 -0.0116817 -0.00221726 -0.0108733 -0.00685863 0.0150053 -0.0107469 -0.0134316 -0.00424752 -0.0053389 -0.00129626 -0.00489343 -0.00915842 -0.00138486 0.0164856 0.0177612 0.0126707 0.00658974 0.018191
internal_weight=1053.88 850.721 586.236 398.072 203.16 264.485 188.164 167.064 82.6191 105.911 97.4434 84.4447 171.987 128.134 231.008 78.0651 37.6592 110.571 67.6665 43.0295 104.131 36.7743 65.6231 30.5656 67.3568 35.0575 17.8372 90.7204 46.7855 31.8292 18.1959 87.7147 26.2964 19.1378 30.0213 25.577 25.4496 18.9039 32.577 187.979 140.932 47.0464 129.456 102.766 61.4183 21.6797 82.0246 56.9256 19.1305 45.7176 92.4982 24.9245 17.5799 12.6855 13.4465 61.8407 26.2007 14.9526 90.0805 48.3839 36.2407 16.6075
internal_count=3603 2993 2126 1524 610 867 602 576 261 326 333 315 568 436 948 256 127 386 204 153 358 137 222 111 221 111 61 269 188 120 65 261 84 56 117 96 99 64 114 795 575 220 537 415 177 68 238 169 72 131 299 87 54 42 42 181 84 57 373 188 131 69
is_linear=0
shrinkage=0.03


Tree=77
num_leaves=63
num_cat=0
split_feature=19 9 19 37 9 81 35 70 25 84 56 63 38 12 15 74 5 72 56 59 50 50 56 81 56 28 51 45 80 35 7 50 64 72 26 63 25 37 49 25 8 37 64 64 40 11 84 46 9 9 49 80 28 67 73 27 28 14 46 49 26 37
split_gain=111.626 44.8044 18.497 14.6087 12.6013 9.55453 8.73116 8.49028 6.94333 6.8894 6.68261 6.67589 6.18661 6.54036 5.59671 5.37093 5.34812 6.58059 5.09072 5.19007 4.94965 6.47459 5.99067 4.84325 4.77858 4.76548 4.7169 4.6668 4.67189 4.56841 4.77226 4.73126 4.56064 4.38741 6.4143 5.08985 4.15468 4.05497 13.1015 3.86388 3.68539 3.64843 9.76286 4.00249 6.2737 3.59906 3.37338 3.49912 3.33997 3.23639 4.61077 4.27173 3.10076 3.07355 3.06158 5.69514 4.17159 3.0182 2.7812 2.76201 4.16724 2.66824
threshold=1.0000000180025095e-35 1.0000000180025095e-35 -1.0000000180025095e-35 0.0040186195883121509 -1.0000000180025095e-35 77.399092246387085 56.438536997503057 90.924999237060561 65.201647668320831 0.031838462001120456 0.045464805899119456 45.672338544063898 0.11528362035127766 19.543468623403395 66.686819189387137 0.0044232159085456002 30.907876589042775 53.278781410106284 0.076955895110089365 2.2615000009536748 13.914999961853029 12.50500011444092 0.053888164158153506 77.913950986471562 0.042013445519587959 0.11426446372418161 24.454999923706058 0.12077425435384721 18575800.000000004 27.751760344423595 0.024655279712379356 31.545000076293949 0.020794676916668652 70.846482908956872 0.16504880811434933 44.098994882566721 59.541233970189396 0.0067943027013104016 20.050000190734867 50.141527995904205 0.080135955189893207 0.0081953206609737522 0.053775987267517207 -0.053155999001125089 125.25500106811525 21.061435444966168 0.027574330720352404 0.0057994084552558008 -1.0000000180025095e-35 1.0000000180025095e-35 13.175000190734863 12099400.000000002 0.071976066766431965 80.255001068115249 0.090197582015512909 0.012632210138486403 0.092170592069203264 28418200.000000004 0.0077077191231059508 15.244999885559084 0.39869571845183671 0.0071894712424883005
decision_type=2 2 2 2 2 2 2 2 2 2 2 2 2 2 2 2 2 2 2 2 2 2 2 2 2 2 2 2 2 2 2 2 2 2 2 2 2 2 2 2 2 2 2 2 2 2 2 2 2 2 2 2 2 2 2 2 2 2 2 2 2 2
left_child=1 2 37 15 14 9 49 12 10 20 36 -10 13 -8 39 46 17 -12 23 -20 21 -3 -22 -9 -7 58 -11 32 -29 -18 31 33 -24 41 35 -35 53 38 59 40 -2 42 48 44 -43 -33 -4 -48 -31 50 -6 -52 -30 -5 55 56 -50 -55 -14 -1 -61 -53
right_child=4 5 3 8 6 24 7 18 11 26 16 -13 25 -15 -16 -17 29 -19 19 -21 22 -23 27 -25 -26 -27 -28 28 52 30 -32 45 -34 34 -36 -37 -38 -39 -40 -41 -42 43 -44 -45 -46 -47 47 -49 54 -51 51 61 -54 57 -56 -57 -58 -59 -60 60 -62 -63
leaf_value=-0.022828154227400525 0.0092084446620608364 0.016815596829979278 0.03055478031546878 0.013399668560669542 -0.013950504017107257 0.009114116519538952 -0.011057388386756732 0.022863796561559051 0.010437568608623092 -0.012541413001497173 0.019346442030418885 -0.02097457335115345 -0.0036717325425521226 0.022520738717707676 0.015466497697888817 -0.013146597335260064 0.015457306417163036 -0.01775042024141784 -0.023998557319541199 0.018325730458496909 0.026066823651780202 -0.016450644222794984 0.024035477452073396 0.0014784143554053323 -0.021011465161004189 0.013479679039773297 0.013239489112591806 0.014342122064288962 0.0051156298206176971 -0.025359134412846283 -0.020046712760918836 -0.012519366280672104 -0.0015676537798659572 -0.0020905666807029505 -0.018234273655214787 0.032789407653059363 0.023983368787854349 -0.023220577733670363 0.029462144075113578 -0.026445542536781021 -0.021478317647822074 0.019494797547087866 0.022306413489677136 -0.02211620168566357 -0.020932460485010306 0.017936454428245104 -0.006950821325401306 0.019104268934781465 0.0034254234538256341 0.02498769883322716 -0.0012406375141677931 0.031118634725656544 -0.021212158226263614 0.0049499290294888849 -0.02064698269373243 0.018907086699775148 -0.021824077867598126 -0.025077988730807358 -0.030671238378489545 -0.025084454232665771 0.0020821865883771679 0.017150991215543063
leaf_weight=36.618093609809875 10.138691022992136 10.10686416924 9.891862094402315 8.0785911232233101 4.2194310128688803 6.8635012358427074 8.1570077016949671 57.656762436032295 6.7591539174318305 18.818820096552376 12.390609614551069 61.428322330117226 5.3715854734182384 14.503248855471609 10.915356636047362 6.8895713984966269 6.0896092057228079 6.5938320010900489 5.29474028944969 5.1379114091396332 32.292973443865776 10.992684781551359 25.875101760029793 11.418761581182478 15.308141082525252 4.7866028100252143 9.6685981750488263 14.030865445733072 7.3584085553884533 13.148864783346651 41.194723442196846 5.3823816925287238 8.2605281174182874 8.5242553800344485 9.3510172218084318 6.7443037852644911 8.6052584052085859 100.48078291863203 5.7960854396224013 8.6759170889854413 5.3973837643861762 5.9726285040378562 8.5338878408074361 46.212009221315384 8.195003964006899 9.9437127560377103 7.5482860356569317 12.035558909177778 10.683660402894025 90.751747369766235 8.720680043101309 17.411110669374466 8.8903129547834379 5.8506845384836179 12.606235682964323 7.897526003420352 13.121895395219324 6.2103973925113678 9.5178757533431035 8.6744001805782336 12.270225167274473 42.004529342055321
leaf_count=123 31 27 23 22 17 22 34 136 28 85 37 328 21 37 29 27 18 27 25 16 77 45 67 36 83 16 29 38 22 58 241 30 30 30 39 18 26 348 14 30 17 22 28 280 42 32 21 29 35 207 27 37 32 20 65 26 55 24 46 32 31 105
internal_value=-8.43578e-05 -0.0068097 -0.0110955 -0.00734413 0.0145857 0.00666633 0.0166756 0.0105998 -0.00933554 0.00944766 -0.00711109 -0.0178608 -0.000252679 0.0104336 -0.00236802 0.0107007 -0.00879759 0.00646166 0.0163785 -0.00315453 0.012649 -0.000515831 0.0155213 0.0193286 -0.0116857 -0.0125597 -0.0037914 0.0102346 0.00166094 -0.0101538 -0.0109054 -0.00864119 0.0178397 -0.0102532 0.00133277 0.0133163 0.00653506 -0.0194729 -0.0135293 -0.0104083 -0.00145244 -0.0125104 -0.00763459 -0.0178395 -0.0038896 0.00724065 0.0162747 0.00906174 -0.0120815 0.0212144 0.0164817 0.0183663 -0.00928934 -0.000920241 -0.00814137 -0.00316871 -0.0104924 -0.0105118 -0.0209308 -0.0178582 -0.00916912 0.0212441
internal_weight=1018.27 698.19 529.723 365.884 320.079 168.467 284.952 121.844 329.519 146.295 261.331 68.1875 42.3363 22.6603 35.1273 36.3653 232.586 18.9844 79.5082 10.4327 117.808 21.0995 96.7082 69.0755 22.1716 19.6761 28.4874 64.4152 30.2796 213.602 207.512 166.317 34.1356 150.991 24.6196 15.2686 28.7449 163.84 63.3588 24.212 15.5361 126.372 65.9921 60.3796 14.1676 15.3261 29.4757 19.5838 57.4582 163.107 72.3558 68.1363 16.2487 20.1397 44.3093 31.7031 23.8056 12.0611 14.8895 57.5627 20.9446 59.4156
internal_count=3603 2736 2179 1631 867 557 760 367 1531 452 1175 356 154 71 107 100 1083 64 213 41 338 72 266 172 105 83 114 189 92 1019 1001 760 97 698 87 48 92 548 200 78 48 611 267 344 64 62 73 50 239 393 186 169 54 66 181 116 90 44 67 186 63 142
is_linear=0
shrinkage=0.03


Tree=78
num_leaves=63
num_cat=0
split_feature=29 9 9 9 29 46 37 54 39 75 72 17 22 64 66 18 49 44 38 38 37 46 26 65 48 65 45 45 28 73 65 30 14 54 82 65 44 40 17 89 44 44 48 65 89 72 47 55 16 5 63 73 89 5 80 43 5 37 40 1 63 17
split_gain=183.055 56.0443 13.2318 11.7975 8.49732 7.05356 6.76073 8.99668 7.56022 7.31281 7.68638 6.16806 5.4857 5.75185 5.33264 8.15312 4.888 6.89067 4.54199 4.00045 6.20066 6.47663 3.94664 3.94196 3.78937 3.72471 3.2504 3.21272 5.77569 4.20089 3.01138 3.91012 2.88328 2.77462 4.49437 3.72431 3.44673 2.73939 3.39292 2.5229 3.34022 3.92017 4.65934 4.56812 2.48114 2.45963 2.3531 5.56559 2.35207 3.21507 2.74219 2.66507 3.63973 2.33641 1.91141 1.87519 1.78675 1.77927 1.71269 1.59666 1.36333 2.48729
threshold=-1.0000000180025095e-35 -1.0000000180025095e-35 1.0000000180025095e-35 -1.0000000180025095e-35 1.0000000180025095e-35 0.013588946528008751 0.0060120601335024006 57.620536072302592 104.19499969482423 1.0861878479104361 52.86835391725031 0.014316498255112602 118.81872733525701 -0.0019734608906308497 0.23279174122352717 0.021132079392993854 13.335000038146974 45.05129028922893 0.11609544541300477 0.13991365483243576 0.0055605278414379003 0.0059648705552637505 -0.68249331257765167 0.018879567132107703 -1.0000000180025095e-35 0.026469037877072752 0.54143195398560817 1.0627232812891452 0.082583502276055473 -0.015313532022794549 0.011847670453647751 249.71327972412109 120340400.00000001 50.399287838208146 0.075064008084725964 0.017316476888959351 54.48907665121434 147.81500244140628 0.018639423627677353 67206614.000000015 54.48907665121434 69.721450047752128 -1.0000000180025095e-35 0.023846641539287054 38603050.000000007 73.550277529684863 0.11407970913800632 -0.099009913980029937 0.076608629105946222 72.710654190743114 25.714203881247602 0.12323726287732481 79760153.500000015 49.909684328241994 23262500.000000004 5501050.0000000009 41.235413203534925 0.0033782730819072004 94.81000137329103 152.53409534683931 33.729960917336847 0.012746002075331503
decision_type=2 2 2 2 2 2 2 2 2 2 2 2 2 2 2 2 2 2 2 2 2 2 2 2 2 2 2 2 2 2 2 2 2 2 2 2 2 2 2 2 2 2 2 2 2 2 2 2 2 2 2 2 2 2 2 2 2 2 2 2 2 2
left_child=3 4 6 60 16 25 9 8 11 18 46 -8 24 -14 37 23 17 -2 -3 20 21 -12 -13 -16 -5 44 -17 33 -29 -30 31 -4 57 34 36 -36 -26 -9 53 -10 -41 42 -42 -44 -6 -23 47 54 51 50 -50 52 -18 -39 -11 -35 -52 -32 -24 -59 61 -1
right_child=1 2 30 12 5 -7 7 14 39 10 19 22 13 -15 15 26 48 -19 -20 -21 -22 45 58 -25 27 -27 -28 28 29 -31 32 -33 -34 55 35 -37 -38 38 -40 40 41 -43 43 -45 -46 -47 -48 -49 49 -51 56 -53 -54 -55 -56 -57 -58 59 -60 -61 -62 -63
leaf_value=0.0088538155429439269 0.016310902855932407 -0.0042644041973547353 -0.017222828869413551 0.02456374319096228 -0.001083751856363443 0.019950826994819083 0.014470843304010892 -0.022067001174124988 -0.022795090679699911 -0.0056181958610112583 0.0098735376152145077 0.01039385000510174 0.015446678389078912 -0.02312469320807594 -0.027215589414237781 0.0055607894092459002 -0.01592072836931685 -0.02645558374222759 0.024447550684105718 0.020024916026966474 0.020815588277804102 -0.022795665046877019 -0.022863980901648161 0.0030691370213230865 -0.017995563054003162 0.0075403432055033909 0.030149819098711939 -0.018871314708693417 0.00047143990170913437 0.030849686974630926 -0.0021152418148501621 0.014226447402810248 0.0015092403576663482 0.0045789095220769632 0.0037719798686315534 0.023855138444200903 0.013056416028109159 -0.0083040386835857519 -0.024897488796048781 -0.02200979641184464 0.02678528017512237 -0.025456701188294843 0.006395549673337924 -0.024055333783139083 -0.02588163993651954 0.00092999384380544625 -0.023256325332995091 -0.025492879954941195 -0.030297629254444864 0.0043759417371539407 0.011597035927442451 0.019042997398169139 0.011100692790389438 0.017015478443699304 0.019304938755541338 0.02394425241542171 0.027599546678926015 -0.022599098604675249 0.0005756170024845455 -0.0094122500641306631 0.027017721741879819 0.026490444241004496
leaf_weight=11.514517664909365 7.1718513071537 8.5011576265096682 11.314745329320433 31.010096088051796 4.938424661755568 7.8768490999937049 11.260098576545714 14.002928905189036 80.995407693088055 6.4332379698753375 11.520787082612513 5.369955055415633 6.749811515212059 7.1816635578870756 7.3936019986867896 9.7012652829289454 6.5553378611803081 6.4314728155732155 11.899519950151442 8.0601642876863462 7.9842700138688079 18.138357721269134 15.791163556277754 8.1124832481145841 7.3586436510086042 6.1882340461015692 9.6522016823291761 7.4754070490598705 10.121190726757053 6.8831430226564381 4.1944275945425025 5.1901341676712027 5.0884250029921523 5.1925455778837195 13.452440097928045 21.741755977272987 5.7162625640630722 6.9372173547744769 5.2296567112207404 28.455733425915241 4.3263286799192455 8.1688130125403386 9.427235156297689 8.3708251416683179 13.719711065292357 5.0212131142616263 22.559345871210098 10.156975299119948 0.84014987945556541 10.025815621018408 7.8068037480115882 15.394959703087805 14.214646711945532 6.2218776494264603 4.8628250807523727 33.754728704690933 32.099277496337891 156.17886550724506 3.4117275699973098 8.7253552898764593 111.22879342734814 19.19222454726696
leaf_count=26 22 22 45 64 16 19 33 67 534 28 34 21 19 34 28 32 29 38 27 20 24 67 97 27 28 17 22 27 34 13 14 15 16 14 40 46 17 24 27 170 14 53 37 55 56 20 98 42 3 29 22 39 38 17 15 68 66 737 15 33 212 37
internal_value=-0.000381564 -0.00895879 -0.0131974 0.0192083 0.008492 -0.0047865 -0.00979706 -0.012636 -0.0162098 -0.00380967 -0.00731813 -0.00391616 0.0135317 -0.00443683 -0.00330568 0.00483758 0.0128138 -0.00390853 0.012483 0.000641621 -0.00302025 -0.00850785 -0.0123417 -0.0113712 0.0152858 -0.0126288 0.0178241 0.01271 0.00310639 0.0127682 -0.0195806 -0.00733327 -0.020741 0.0154055 0.010599 0.0161787 -0.00441984 -0.0120694 -0.0044562 -0.0193621 -0.0146291 -0.00769611 -0.0011385 -0.00792618 -0.0193181 -0.0176517 -0.0164918 -0.00937849 0.0154304 0.019595 0.0233397 0.00958367 0.0025723 0.00366752 0.00511093 0.0213624 0.024469 -0.0214106 -0.0186995 -0.0219014 0.0254729 0.019877
internal_weight=980.495 681.922 548.658 298.573 133.264 32.7232 357.966 242.829 175.577 115.138 94.7372 35.8329 156.638 13.9315 67.2512 34.8596 100.54 13.6033 20.4007 50.7248 42.6646 34.6804 24.5728 15.5061 142.706 24.8464 19.3535 111.696 24.4797 17.0043 190.692 16.5049 174.187 87.2164 48.2691 35.1942 13.0749 32.3917 18.3888 139.744 58.7489 30.2932 22.1244 17.7981 18.6581 23.1596 44.0124 21.453 86.937 50.772 40.7462 36.1649 20.77 13.1591 11.2961 38.9473 39.9061 169.099 19.2029 164.904 141.936 30.7067
internal_count=3603 2924 2530 679 394 108 1670 1273 1029 397 348 166 404 53 244 109 286 60 49 165 145 121 133 55 351 89 54 287 74 47 860 60 800 213 131 86 45 135 68 863 329 159 106 92 72 87 183 85 226 120 91 106 67 41 43 82 88 784 112 770 275 63
is_linear=0
shrinkage=0.03


Tree=79
num_leaves=63
num_cat=0
split_feature=54 29 37 19 9 9 51 19 37 9 9 7 56 28 58 17 70 55 73 51 44 34 87 50 45 45 38 25 74 54 48 45 74 45 10 21 51 66 47 47 29 84 9 51 87 6 75 44 56 37 15 43 17 37 43 36 45 4 65 82 41 43
split_gain=34.99 27.0254 23.1057 13.7233 13.1051 11.1683 9.74873 7.21376 8.19786 8.12963 5.98808 5.38081 6.151 5.34282 6.71789 4.94868 5.98851 7.05502 4.91557 5.01731 5.74712 4.52255 4.3854 4.26548 4.75435 3.97733 4.30798 4.19084 4.3747 3.70895 3.7092 3.66046 3.91412 3.80149 3.59395 3.54778 5.60061 5.08276 4.33411 3.44711 3.44511 4.76233 3.37212 5.828 3.34643 3.33179 5.79839 3.31696 3.1664 3.13435 3.05092 3.0391 3.00318 3.44175 5.98855 5.50725 2.99968 2.99555 4.89064 2.86521 3.7967 3.64039
threshold=57.083729006780125 -1.0000000180025095e-35 0.0063431030852144502 1.0000000180025095e-35 -1.0000000180025095e-35 -1.0000000180025095e-35 14.305000305175783 -1.0000000180025095e-35 0.011318526665478302 1.0000000180025095e-35 1.0000000180025095e-35 0.008490327721149651 0.090646622133515209 0.10271754623682706 2.4585000276565556 0.013537425034729151 94.795001983642592 -1.0000000180025095e-35 0.53718939047601577 15.125000000000002 60.487378164058107 151277450.00000003 33.892346115253623 15.885000228881838 1.0367177854537888 0.40495871070807971 0.13497320111850716 66.79212626703675 0.0040205576749871011 49.440381356860591 -1.0000000180025095e-35 0.54143195398560817 0.0044434891344541511 1.0501862788557406 20.7355489730835 26.873223988667409 17.214999198913578 0.097285276585386202 0.11779836621211937 0.11019088434208776 1.0000000180025095e-35 0.027920455589726754 1.0000000180025095e-35 26.914999961853034 8.73875920383969 0.073197276414374859 1.0985957997054123 49.132343796825673 0.063716609878901515 0.0049905336078054511 70.17992093758366 14021100.000000002 0.0076872030875548012 0.0057384689596882508 7691450.0000000009 1.3336134817353342 -0.21388126352506728 601375600.00000012 0.017398332376388156 0.61735181059403399 118.28000259399415 6130550.0000000009
decision_type=2 2 2 2 2 2 2 2 2 2 2 2 2 2 2 2 2 2 2 2 2 2 2 2 2 2 2 2 2 2 2 2 2 2 2 2 2 2 2 2 2 2 2 2 2 2 2 2 2 2 2 2 2 2 2 2 2 2 2 2 2 2
left_child=1 4 11 5 -1 18 47 44 57 31 25 13 35 14 -3 16 17 21 19 -4 -21 -8 29 -12 40 39 27 28 -27 30 -6 32 -10 -33 -22 -13 37 49 52 45 41 -25 43 -17 -2 -7 -47 -5 -30 -37 -15 -11 56 55 -55 -54 -39 -9 -59 60 61 -57
right_child=7 2 3 6 22 10 15 8 9 51 23 12 -14 50 -16 42 -18 -19 -20 20 34 -23 -24 24 -26 26 -28 -29 48 -31 -32 33 -34 -35 -36 36 -38 38 -40 -41 -42 -43 -44 -45 -46 46 -48 -49 -50 -51 -52 -53 53 54 -56 59 -58 58 -60 -61 -62 -63
leaf_value=-0.01852054155636159 0.001257569269089564 0.019719051380179958 0.023284114991754368 0.041645725730118578 -0.013028539509491163 0.025975780528651581 0.045873167059513352 -0.010807899321317619 0.0022489128252914559 0.00010041616129082416 0.024865821178055636 0.017132449896291597 0.020743364165954365 0.040085112997832933 -0.01430281054847028 -0.006859097794054048 -0.016834573171341398 -0.010032109130086606 -0.022965676051200798 -0.010560628732526767 0.0011788619784654404 0.011125146554203698 0.022541639969494865 -0.0035548967700656511 0.020294283572711094 -0.0073202476973843623 0.025104306538292886 0.031981401606053513 -0.0020120094130941105 -0.011160273971419098 0.0051038963624397034 -0.013580534966272994 0.029706189033393088 0.016221627586949561 0.036381572739201666 0.0014117314873977264 -0.023170174948837122 -0.00076282915032169652 -0.014474546766583203 0.027820025485748287 -0.015650124604110503 0.022517385114181349 -0.01461274721386166 0.029543511369778702 -0.019280707456492414 -0.008902208144670784 0.019894209021504523 0.012116189347508086 0.017650769331015902 0.032386538142304189 0.010478608886649091 -0.023669122437984288 -0.018165461368083561 0.025028329189524405 -0.011972361168099169 -0.019742571391519369 0.030542675259962238 -0.013750671481148788 0.018546360196832444 -0.015042676137852188 0.015545134988589658 0.010835647717670179
leaf_weight=58.256776042282581 8.0666819512844068 9.1251001209020632 9.8504313677549344 5.723787158727645 12.559751987457274 21.750225618481636 6.6803859174251592 138.91451220214367 7.014163181185725 9.7840844094753283 11.822261750698088 6.2339353114366522 8.7709101140499097 6.1150243729352933 12.216637670993803 20.562384441494945 6.6481142789125434 6.3402097970247278 6.7722579240798941 20.492086097598079 5.9378110319375974 6.8049861639738083 6.8261432051658621 19.608663111925129 13.435517385601996 14.157838404178618 23.144664958119392 6.7702125608921042 10.141072005033491 29.627847582101822 52.99426257610321 7.7204652577638608 13.997063353657721 7.6881187409162521 4.657435268163681 6.9150516092777234 15.315543383359907 6.6844601631164551 36.945536032319069 59.298846289515495 9.9344055950641614 9.2937121987342817 30.747375041246414 4.9017655402421942 62.151221118867397 9.3993990272283572 19.043461382389069 8.5186026990413648 26.982945144176483 5.1149919927120209 6.4227516651153564 9.5825249552726728 25.754306897521019 8.6216098517179471 7.2450653016567221 8.0318763852119464 4.6857317686080915 8.347602993249895 8.5332787781953794 8.8304650336503965 14.12803468108177 6.2157054543495169
leaf_count=170 27 38 42 27 34 101 32 433 24 35 55 24 36 29 36 65 19 20 16 57 19 25 28 61 54 44 108 34 33 85 176 21 62 29 22 23 40 22 107 276 28 39 92 21 180 27 83 33 113 22 23 28 70 36 20 21 20 24 33 25 53 23
internal_value=0.000444564 0.0037808 0.00669193 0.010883 -0.00716868 0.0140308 0.00105945 -0.0085893 -0.00582416 0.00404421 0.0165252 -0.00153931 -0.00372099 0.00937525 0.000243938 -0.00288921 0.00780522 0.0160677 0.000709798 0.00462639 -0.00128556 0.0283386 -0.000685637 0.00859235 0.00491183 0.0191917 0.0141604 0.0097972 0.00686845 -0.00235142 0.00162983 0.0123954 0.0205401 0.00128927 0.0166532 -0.00505606 -0.00595141 -0.00405654 -0.00582007 0.0229227 -0.000409698 0.00482878 -0.00792591 0.000148285 -0.0169213 0.017137 0.010378 0.0239836 0.0122795 0.0145817 0.0249185 -0.0116607 -0.00227512 -0.00435415 0.00813302 -0.00750105 0.0121384 -0.00935777 0.00257546 -0.000119075 0.00452514 -0.0064024
internal_weight=1044.86 763.058 602.794 399.421 160.265 302.493 96.9276 281.8 211.582 55.7864 254.783 203.373 169.493 33.8795 21.3417 82.6852 26.4737 19.8256 47.71 40.9378 31.0873 13.4854 102.008 64.0946 52.2723 190.689 81.1967 58.0521 51.2819 95.1819 65.554 36.4198 21.0112 15.4086 10.5952 160.722 154.488 139.173 127.143 109.492 38.8368 28.9024 56.2115 25.4641 70.2179 50.1931 28.4429 14.2424 37.124 12.03 12.5378 19.3666 90.1973 78.8271 15.8667 62.9604 11.3702 155.795 16.8809 37.2061 28.3756 14.2476
internal_count=3603 2707 2214 1546 493 1212 334 896 689 199 1056 668 542 126 74 274 96 77 156 140 98 57 323 237 182 819 332 224 190 295 210 136 86 50 41 506 482 442 397 487 128 100 178 86 207 211 110 60 146 45 52 63 290 248 56 192 42 490 57 122 97 44
is_linear=0
shrinkage=0.03


Tree=80
num_leaves=63
num_cat=0
split_feature=19 9 19 37 9 54 35 70 15 44 54 54 39 69 24 12 74 57 37 52 55 37 39 26 26 15 80 82 84 67 85 76 37 57 27 34 44 52 37 43 63 55 54 46 55 51 66 9 64 65 40 26 55 27 24 35 20 23 28 57 26 37
split_gain=105.389 42.7362 17.9557 13.8338 11.9458 8.54305 8.37588 8.07973 8.02802 6.7722 6.53373 6.05031 5.42153 5.31911 5.27203 6.13556 5.11743 4.78918 6.99838 8.72186 7.43857 6.27482 6.17856 7.36829 5.29425 7.62317 4.76393 4.63984 4.61625 4.44904 4.07123 5.09345 4.00759 12.4768 3.76314 4.22076 3.50084 3.45601 5.06213 3.94943 3.6855 3.29028 3.28877 3.51936 3.20721 4.15439 3.37822 3.12965 4.217 6.15458 2.87606 2.92276 2.84864 3.48374 2.83626 4.0085 3.9928 10.4899 3.84813 2.72973 4.08904 2.6648
threshold=1.0000000180025095e-35 1.0000000180025095e-35 -1.0000000180025095e-35 0.0040186195883121509 -1.0000000180025095e-35 53.0492605623323 56.438536997503057 90.924999237060561 77.046738769877251 46.59521547670338 48.66060304481622 64.594640819488731 121.58499908447267 94.444999694824233 41713600.000000007 18.310765326923093 0.0044232159085456002 3.3823542543093938 0.0082770382589960525 15.614999771118166 -0.9049729229144664 0.018523505994771504 144.18000030517581 0.10300438369655036 -0.18449310903833541 56.485376558322258 27300100.000000004 0.076382818302762154 0.019089918410842153 81.020000457763686 15.414659500122072 31.695758819580082 0.0067943027013104016 2.9982290389062189 0.014218031616215002 49648250.000000007 46.842324318201911 17.98499965667725 0.0084828946021819514 9262600.0000000019 57.746474931916445 0.16827890210832572 45.05521370290294 0.0057994084552558008 -0.80376047149606566 24.035000801086429 0.30488610452157366 1.0000000180025095e-35 0.0080615995102556025 0.024608300147278803 127.27999877929689 0.20551549281683631 -0.099009913980029937 0.0099774919218250518 13555250.000000002 53.838213351261935 29.589847564697269 43.052253491907429 0.12634489791211487 2.7242515191467143 0.39869571845183671 0.005681787529657251
decision_type=2 2 2 2 2 2 2 2 2 2 2 2 2 2 2 2 2 2 2 2 2 2 2 2 2 2 2 2 2 2 2 2 2 2 2 2 2 2 2 2 2 2 2 2 2 2 2 2 2 2 2 2 2 2 2 2 2 2 2 2 2 2
left_child=1 2 32 16 9 8 47 10 37 -2 27 14 -11 50 15 -5 42 18 19 24 -21 -19 23 -22 25 -17 -9 -8 -12 -13 -31 -32 33 59 35 -26 -15 38 40 -39 -3 -14 -4 -44 46 -46 -41 48 -6 -50 51 -7 -37 -54 -20 56 -56 -58 -59 -1 -61 -42
right_child=4 5 3 11 6 13 7 26 -10 12 28 29 41 36 -16 17 -18 21 54 20 22 -23 -24 -25 34 -27 -28 -29 -30 30 31 -33 -34 -35 -36 52 -38 39 -40 44 61 -43 43 -45 45 -47 -48 -49 49 -51 -52 -53 53 -55 55 -57 57 58 -60 60 -62 -63
leaf_value=-0.022629474355635015 -0.021429551710357334 0.0091427729310843767 -0.0031858072502624893 0.019485873459483202 0.020908048912528645 0.020220480096740236 0.0063258847481097594 0.018310274111610216 -0.023131239196013224 -0.013837849136396236 0.031817992259145854 0.021825522166294048 0.001803689801365927 0.011883201674815474 -0.021234442099068614 0.029852843835859042 -0.012973018383719689 0.023338404107996376 -0.025088073151175241 0.020616740171219058 0.031236765863803379 -0.014576729732162529 -0.015397998775131523 -0.0079568548728501769 0.0031304061172537164 -0.015486956463599568 -0.0068656513044707025 -0.019998903993667695 2.2793831301319767e-05 -0.019409112673535487 0.023956460261748018 -0.01241720528769532 -0.023041619858726655 0.028539026577149889 0.0050379511709805784 -0.024846524137040426 -0.013429663229739932 0.022554024100768677 -0.020446805787719617 0.00036806202767159836 0.0012698920248099164 0.0292848678939399 0.0052979731002542971 0.029837934238345194 -0.023639473690900158 0.012659584612561317 0.031603710365581072 0.024442596300884301 -0.012077344154472175 0.019596954682399487 0.027772879565508543 -0.001992784215121687 -0.020746846569534089 0.0076034648562601382 -0.022485374949955693 -0.021911450099690793 0.026825064229964557 -0.020665735016232742 0.012562822109725641 -0.024942465259011195 0.0021875386855590459 -0.029286197124488815
leaf_weight=35.807177409529686 11.325166761875151 28.203747406601906 6.4019627124071148 6.6343589425086966 49.70793904364109 16.410915747284893 9.7841753438115138 71.587366133928299 11.113095223903654 7.7020067572593716 7.4576933532953289 8.5522804856300372 7.1611203253269187 12.563267499208452 36.075959049165249 6.0500524342060071 6.8456130474805823 8.6981129050254804 27.957791060209274 15.377633839845656 7.5684416145086315 7.1639753207564345 20.307074248790741 10.048569560050963 7.6142014265060416 7.4438395351171494 7.4704265892505637 15.68705242872238 9.1543582379817945 8.886136822402479 7.2587712705135328 6.6290564239025116 98.058781370520592 5.8130937069654456 7.1576481238007537 41.351322121918194 8.0798850357532483 15.132165923714636 10.006051152944563 7.4642691835761052 6.0696976929903013 8.6663010865449888 8.1533975452184695 14.819750964641569 6.7352503091096896 4.9036060273647308 5.3496098667383194 89.877580225467682 10.122612699866297 12.145629316568373 23.191474959254265 7.8960129618644705 10.442963793873796 6.2271177172660819 11.033603467047213 30.1777054220438 8.3758294731378573 14.702349573373796 3.9873555675148955 8.4752713888883608 12.193264208734034 4.4533461630344391
leaf_count=123 42 86 20 21 122 39 35 188 61 23 16 23 23 33 189 15 27 26 180 52 17 48 75 37 27 38 25 73 30 34 21 23 348 14 31 212 29 44 52 31 21 19 21 32 33 15 13 207 34 30 52 24 44 26 50 211 28 85 18 32 31 24
internal_value=-8.96931e-05 -0.00667507 -0.0109045 -0.00720216 0.0142033 0.00650727 0.0162443 0.0102786 0.000899733 -0.00236883 -0.000340582 -0.00915797 0.00680547 0.0146897 -0.0104917 -0.00899143 0.0103859 -0.00974209 -0.0108154 -0.00652428 0.00301692 0.00621436 -0.00411954 0.00888111 -0.0124181 0.00484136 0.0159313 -0.00988685 0.0142967 0.00337628 -0.00355195 0.00659427 -0.0192616 -0.0133109 -0.0156175 -0.0178701 0.00197556 0.00392357 -0.00142502 0.0105082 0.00348975 0.016851 0.0158294 0.0211285 0.00305384 -0.00834619 0.0134085 0.0207094 0.0160478 0.00519857 0.0202153 0.0130046 -0.020626 -0.0101566 -0.0170396 -0.0137439 -0.00727457 -0.0010737 -0.0135766 -0.0176185 -0.0089373 -0.0116614
internal_weight=1007.71 689.863 522.29 361.943 317.849 167.572 282.995 121.141 99.4308 34.8546 42.0833 325.722 23.5294 68.1416 294.396 258.32 36.2207 251.686 235.823 139.589 53.3017 15.8621 37.9241 17.617 86.2871 13.4939 79.0578 25.4712 16.6121 31.3262 22.774 13.8878 160.348 62.2888 72.7933 65.6356 20.6432 88.3177 48.7328 39.5849 38.7268 15.8274 29.3751 22.9731 24.4527 11.6389 12.8139 161.854 71.9762 22.2682 47.4984 24.3069 58.0214 16.6701 96.2346 68.2768 38.0991 27.0655 18.6897 56.4757 20.6685 10.523
internal_count=3603 2736 2179 1631 867 557 760 367 380 107 154 1531 65 177 1430 1241 100 1220 1146 574 181 74 129 54 393 53 213 108 46 101 78 44 548 200 340 309 62 319 183 136 131 42 73 53 92 48 44 393 186 64 115 63 282 70 572 392 181 131 103 186 63 45
is_linear=0
shrinkage=0.03


Tree=81
num_leaves=63
num_cat=0
split_feature=29 9 9 9 29 65 66 58 45 14 26 15 89 56 22 64 49 44 64 37 17 37 38 28 6 48 27 45 38 8 65 81 15 14 84 5 81 48 37 27 63 49 46 45 46 70 46 15 66 35 35 37 84 84 6 63 38 25 1 45 64 37
split_gain=173.908 53.3723 12.8759 11.3709 8.14849 6.81957 6.52149 6.99983 7.54365 6.84568 8.15551 6.6775 6.29558 6.27822 5.15853 5.57409 4.63567 6.61591 4.53776 10.9234 4.58806 4.16195 6.28974 4.20521 3.74974 3.59581 3.28564 3.0933 4.99903 3.50066 2.96172 5.20646 2.93403 2.86801 2.852 2.78679 2.74563 2.61343 4.25506 4.73031 3.68479 2.5263 2.4624 2.45926 2.22518 3.15733 2.18566 2.65819 2.02325 1.93398 2.62566 1.7685 1.75352 3.78672 3.92661 3.49217 1.74723 1.61686 1.60389 1.59912 1.55416 1.38599
threshold=-1.0000000180025095e-35 -1.0000000180025095e-35 1.0000000180025095e-35 -1.0000000180025095e-35 1.0000000180025095e-35 0.026780629369733456 0.18547866837480234 2.2325000762939458 0.45214255743535864 61720850.000000007 -0.43781382334103108 40.972178623144906 33260598.000000004 0.07490049500665967 118.81872733525701 -0.0019734608906308497 13.335000038146974 45.05129028922893 0.039358884036190901 0.0046631036082989009 0.023969231314177452 0.0051157907267261006 0.13991365483243576 0.050508972881678958 -0.020203408217520594 -1.0000000180025095e-35 0.009791510350126301 1.0627232812891452 0.11609544541300477 0.086785555317436314 0.011847670453647751 66.542933036034853 51.606589666566158 120340400.00000001 0.016878482224070804 54.107680451499142 85.51019147145648 1.0000000180025095e-35 0.0082357610477753005 0.0096075636467260021 59.316610612284371 21.675000190734867 0.0076276745158282509 1.2039984284868481 0.008221825964605951 97.005001068115249 0.0070223197117049501 61.867436888105992 0.31781068874883961 49.769610904164978 43.368896891835156 0.0033782730819072004 0.028134533804218455 0.020529605003955353 0.14957503845590248 35.560213582633025 0.12787113804699052 41.827853882883126 152.53409534683931 1.4916723398268206 0.050761802841728661 0.0060120601335024006
decision_type=2 2 2 2 2 2 2 2 2 2 2 2 2 2 2 2 2 2 2 2 2 2 2 2 2 2 2 2 2 2 2 2 2 2 2 2 2 2 2 2 2 2 2 2 2 2 2 2 2 2 2 2 2 2 2 2 2 2 2 2 2 2
left_child=3 4 6 -1 16 12 21 13 18 10 43 -11 -6 42 25 -16 17 -2 52 -20 60 22 26 24 -23 -5 -3 37 -29 -30 31 -4 48 51 -12 -15 -36 38 39 -27 -40 46 -8 -10 45 -34 -39 -48 49 50 -18 -32 53 -9 55 -55 -56 -46 -53 -13 -21 -25
right_child=1 2 30 14 5 -7 7 8 9 11 34 59 -14 35 15 -17 32 -19 19 20 -22 23 -24 61 -26 27 -28 28 29 -31 33 -33 44 -35 36 -37 -38 41 40 -41 -42 -43 -44 -45 57 -47 47 -49 -50 -51 -52 58 -54 54 56 -57 -58 -59 -60 -61 -62 -63
leaf_value=0.024994973857713515 0.015860472990589177 -0.021537100263505766 -0.020510122264949349 0.023988465090917024 0.013568906973560434 0.019047032774486751 0.028788103932892946 -0.025479527886411935 0.021990951935201612 -0.012137325954629652 0.00027669535784485648 0.012403103859535995 -0.021548832598980106 -0.02017441761437774 0.015239011324555586 -0.022861451048305833 0.0081582148282561533 -0.026262039406569564 0.02520351553205712 -0.0051854513181556093 0.0075293802052541397 0.011345247831374828 0.02410802808310477 -0.011473355154154477 -0.024453607962643325 -0.0021868209826787235 0.0073378184228515145 -0.015542032187325821 0.028002389794656926 -0.00025445405141161356 -0.0019308316908331368 0.01432248598122539 -0.005629222908794836 0.001697243174778469 -0.023628616197068006 0.008248015411544532 0.0021151866017478866 0.025745515522601053 -0.015895823676340261 0.023816361236406548 0.013406808509538048 0.030982553117843186 0.0071092605644918934 -0.0042074589906256447 0.010116587418164697 0.024798917319814155 -0.0025721031370716315 0.022725912563118636 -0.0049718020301052837 0.00038439087953897206 0.028292016841232857 -0.02242820094951279 -0.024963788755377751 0.0256726459781597 -0.025563879193357751 -0.008065073540339418 -0.00089041180148480314 0.027169478119932786 -0.0091250282624480497 0.03034283016835853 -0.022680381507998976 -0.020705599317847937
leaf_weight=139.75397805869579 7.1576729267835599 11.172990441322332 10.08550348877907 30.77495776116848 6.1368612498044994 8.0982989221811277 9.1497376039624232 17.569734700024128 8.4529311209917051 7.6872184723615673 8.3591908365488035 9.0220378786325472 18.278717935085297 8.166342727839945 6.7458802610635757 7.0859126150608045 13.619973734021189 6.3180641755461693 8.1317228525876981 5.7791019007563618 7.4350176006555548 8.0864444300532323 5.7474492341279975 17.724095784127712 3.9049767628312102 8.7072461843490618 5.1960823684930793 8.5395321398973483 7.397359997034072 8.4570423662662488 4.1701094955205908 6.2585869953036299 6.2870196700096113 5.0650309398770323 24.119403712451462 5.0091348886489859 4.4103154987096778 10.437796831130983 8.4856788665056211 22.738190039992332 7.0886903256177893 13.980279818177221 9.7301912084221822 5.2137949988245955 6.094301536679267 5.9962698370218277 8.9790774732828122 6.4043855369091025 7.4872469902038565 8.8998153284192068 10.191524252295492 152.83006945252419 24.630747117102146 4.6298267170786875 9.1871329098939878 6.8416590839624405 3.5933548435568801 27.970529273152351 8.6163931638002378 8.8669022098183614 21.842690579593182 83.964869730174541
leaf_count=275 22 45 39 64 15 21 19 93 26 29 31 27 72 53 19 34 40 38 19 22 31 29 14 66 24 28 17 31 15 28 14 21 29 16 132 23 14 21 32 48 17 25 34 22 16 11 28 14 24 28 20 737 140 12 46 30 15 58 33 21 115 521
internal_value=-0.00040077 -0.00882324 -0.0130056 0.0187818 0.00823767 -0.00480921 -0.00963868 -0.00642198 -0.0086559 -0.00140112 -0.00779963 0.0112466 -0.012722 0.0065244 0.0132092 -0.00427954 0.0124788 -0.00388856 -0.0136934 -0.00612289 -0.0133893 -0.0147985 -0.00289133 -0.0171151 -0.000312561 0.0149129 -0.0123713 0.0124015 0.00296263 0.0129296 -0.0193717 -0.00717179 0.0150272 -0.0205399 -0.0151337 -0.0093686 -0.019649 0.0150536 0.0102648 0.0166161 -0.0025587 0.0207108 0.0176154 0.0119964 0.0201714 0.00922472 0.0151494 0.00795987 0.00909608 0.0123161 0.0167757 -0.02122 -0.0186136 -0.0148737 -0.00719021 0.00555128 -0.0186267 0.0241187 -0.0217182 0.0212952 -0.01902 -0.0190964
internal_weight=968.763 673.187 540.651 295.576 132.536 32.5139 353.625 217.828 185.773 76.1318 50.5556 25.5762 24.4156 32.0554 155.822 13.8318 100.022 13.4757 109.641 43.1885 35.0568 135.797 22.1165 113.68 11.9914 141.99 16.3691 111.215 24.3939 15.8544 187.026 16.3441 86.5467 170.682 36.8889 13.1755 28.5297 86.8213 47.0198 31.4454 15.5744 39.8015 18.8799 13.6667 46.3481 12.2833 25.8213 15.3835 40.1986 32.7113 23.8115 165.617 66.4525 41.8217 24.252 11.4715 12.7805 34.0648 161.446 17.8889 27.6218 101.689
internal_count=3603 2924 2530 679 394 108 1670 954 825 302 225 77 87 129 404 53 286 60 523 187 168 716 76 640 53 351 62 287 74 43 860 60 226 800 177 76 146 213 125 76 49 88 53 48 114 40 63 42 112 88 60 784 336 196 103 42 61 74 770 48 137 587
is_linear=0
shrinkage=0.03


Tree=82
num_leaves=63
num_cat=0
split_feature=19 19 37 54 29 29 49 36 24 55 32 54 73 25 50 66 26 80 43 77 72 47 9 47 38 28 25 55 26 34 54 38 52 73 37 67 39 14 60 45 45 26 64 40 7 14 80 37 64 64 7 21 45 55 83 4 72 25 63 54 18 15
split_gain=33.5624 28.9849 21.9708 14.4647 11.1567 9.21683 8.99891 7.11314 7.19498 6.57803 6.15434 8.06045 6.1085 5.45438 5.15056 5.18933 4.96611 5.89332 5.17525 4.89413 4.79131 4.14764 3.95842 3.86031 3.84393 6.52064 3.84384 7.51456 3.57924 3.56343 3.54014 3.88459 3.40691 3.71629 4.14666 3.39355 3.38197 4.12944 3.3353 3.54017 3.42892 3.87668 3.3283 3.31773 4.40912 4.36223 3.34727 3.29922 3.76051 5.3311 3.21622 3.83755 3.21333 3.20727 3.80058 3.00621 4.41531 2.9937 2.83054 3.97043 3.02787 2.82208
threshold=-1.0000000180025095e-35 1.0000000180025095e-35 0.0062952564869617504 50.283409989483594 -1.0000000180025095e-35 1.0000000180025095e-35 13.284999847412111 -1.8126251408836538 13509000.000000002 -0.80376047149606566 274.55708145601938 64.904992074962635 0.21657774274187605 39.207643343657757 15.954999923706056 0.30103654208226421 -0.054385793978289194 22706800.000000004 16221500.000000002 34.561924623551043 63.606263827464581 0.11168768138021697 -1.0000000180025095e-35 0.10554639867265432 0.12552538965833368 0.079120557211399753 47.53086425982999 -1.2269106701675179 0.045539897630472809 64750750.000000007 43.163223557548811 0.11891881761769911 14.59500026702881 -0.16416763220048833 0.0061889022965530517 82.225002288818374 171.73000335693362 84700350.000000015 2.3895000219345097 -0.35782383173930288 0.36775304430210559 0.68099140937790115 -0.070790084795287242 124.29500198364259 0.0092648074851146515 60104400.000000007 12239100.000000002 0.0051711891058009501 -0.014607996076319197 -0.031390611554176391 0.019967542038677854 29.266557132834745 -1.8101651284478066 -0.22753290006166788 0.0083547954705486521 89953400.000000015 62.154571102844656 36.14829281205229 57.961942733070806 57.889782066823081 0.039273794410231454 81.76988201268567
decision_type=2 2 2 2 2 2 2 2 2 2 2 2 2 2 2 2 2 2 2 2 2 2 2 2 2 2 2 2 2 2 2 2 2 2 2 2 2 2 2 2 2 2 2 2 2 2 2 2 2 2 2 2 2 2 2 2 2 2 2 2 2 2
left_child=4 2 6 14 -1 10 12 36 13 28 11 19 20 -9 15 -4 18 -18 42 43 23 22 -16 -2 25 35 27 -23 -6 -14 31 -27 33 -11 -35 -24 37 -5 40 -40 41 -25 -10 44 -3 53 -46 -8 49 -49 -34 -52 -7 -45 -55 56 -12 -20 60 -60 -50 -28
right_child=1 5 3 7 9 52 47 8 16 32 55 -13 29 -15 21 -17 17 -19 57 -21 -22 26 24 38 -26 30 61 -29 -30 -31 -32 -33 50 34 -36 -37 -38 -39 39 -41 -42 -43 -44 45 46 -47 -48 48 58 -51 51 -53 -54 54 -56 -57 -58 -59 59 -61 -62 -63
leaf_value=-0.018203547017210251 0.02367143668312276 0.026433883467424108 0.027984650335576271 0.027765383151557022 0.0013204059437293761 0.0091662921027842233 -0.016087231492451771 -0.0025805815731930683 0.001887418961311058 0.019958638109935166 0.018750497491522532 -0.016944024563619344 0.0040148304613403258 0.025525371933160155 -0.012856561601406025 0.00085736309889412616 -0.0032142079107332164 0.01834928472111989 -0.0038800473256976865 0.028641183303678049 -0.016367260354385897 -0.01369528145187595 0.033127813661481459 -0.017069099074325161 0.023486768085063798 -0.0057019399917912191 0.021207968760357753 0.018504950260458373 0.028412540990168093 0.030313496249081365 -0.015357829048911788 0.027976198555678289 -0.016450388226023328 -0.015688589866321885 0.0137181615826987 0.0036806023576818887 -0.0023648508299776881 0.0014231988860283679 0.011892609602569749 -0.012690846331319167 0.019515927580124041 0.012279309174053864 -0.019379790011373896 0.02752983945313716 0.010565064943605637 -0.011096697385685 -0.0064447492372223161 -0.0067468393809644572 -0.018161337294773459 0.033006771452252968 0.012439858459222741 -0.013167287990276794 -0.014431358524611975 -0.0075472404338934639 0.020890672784224292 -0.016470795581593835 -0.014897582858126923 0.025117699406074147 0.01877692108372684 -0.014589675359524082 0.0041772460844047782 -0.002868195100351524
leaf_weight=93.184868916869164 7.9876321256160727 5.0529430359601966 44.169776126742363 20.459091782569889 10.616029456257822 5.5326790362596503 32.879680350422859 10.01125778257847 8.4664797484874708 7.2338048964738872 6.4383099079132062 17.086240485310555 7.739474609494212 16.384890049695969 7.8413668423891059 7.4115308970212928 34.223772346973419 17.109393283724785 8.8801613897085172 7.476010099053382 12.175215020775793 10.054527103900911 8.7070468962192518 7.3563884347677293 13.99971967935562 8.1938813477754611 80.634212777018547 18.569139003753662 7.4819681346416465 11.567929804325102 12.453355729579924 4.941240742802619 38.787264347076416 12.24519892036915 6.6644427180290213 5.9147793948650351 7.0784635692834845 7.2551508247852317 7.1605582684278515 19.989884242415428 13.496336907148359 9.0144454687833768 30.413742184638977 12.247741773724558 13.32333981990814 6.6462838798761359 47.64929760992527 7.0022424161434174 24.18227252364159 5.360026076436041 9.3642745465040225 12.038340076804159 84.718630082905293 8.0557913631200808 8.9050335437059385 28.866016760468483 7.716308519244194 5.0130778700113288 7.0422318130731565 5.8975922465324402 7.053890883922576 4.6334245502948752
leaf_count=284 33 22 216 93 33 20 94 31 28 28 25 50 25 72 21 25 110 67 28 32 34 28 41 19 64 26 356 78 32 52 34 23 109 32 24 21 22 24 26 56 54 34 80 54 49 20 149 20 65 23 34 34 279 25 35 84 23 21 27 17 23 15
internal_value=0.000464464 0.00308585 0.00682251 0.0108437 -0.0106575 -0.00524058 -0.00167434 0.0040897 0.000876363 -0.00392409 -0.00111625 0.00221851 0.00467963 0.0148656 0.0157505 0.0240868 -0.00267061 0.00397292 -0.00913282 0.00521254 0.000904254 0.0133065 0.00706624 0.00413914 0.00994803 0.00523435 0.0167065 0.0071941 0.0125207 0.0197715 -0.00389786 0.00696728 -0.00737139 0.0016712 -0.00532459 0.0212159 0.0161425 0.0208694 0.00140285 -0.0062073 0.00832077 -0.000908675 -0.0147487 0.00349334 -0.000496125 0.0108398 -0.00272788 -0.0085307 -0.00413622 0.0104895 -0.011299 -0.00196341 -0.0129848 0.0158314 0.00738367 -0.0109175 0.000407441 0.00658317 -0.00822911 0.00356941 -0.0131167 0.0198997
internal_weight=1036.06 838.44 578.725 392.819 197.616 259.715 185.906 165.295 130.503 104.431 169.463 126.443 96.4879 26.3961 227.524 51.5813 104.107 51.3332 52.7735 109.356 77.1805 175.943 62.0514 65.0052 54.21 40.2103 113.891 28.6237 18.098 19.3074 25.5885 13.1351 86.3333 26.1434 18.9096 14.6218 34.7927 27.7142 57.0176 27.1504 29.8672 16.3708 38.8802 101.88 66.0256 35.8549 60.9726 89.4179 56.5383 12.3623 60.1899 21.4026 90.2513 29.2086 16.9608 43.0206 14.1546 13.8932 44.176 12.9398 31.2362 85.2676
internal_count=3603 2993 2126 1524 610 867 602 576 437 326 568 436 333 103 948 241 334 177 157 386 256 707 230 222 209 145 477 106 65 77 83 49 261 84 56 62 139 117 189 82 107 53 108 354 220 134 198 269 175 43 177 68 299 114 60 132 48 49 132 44 88 371
is_linear=0
shrinkage=0.03


Tree=83
num_leaves=63
num_cat=0
split_feature=19 9 19 37 9 35 37 38 83 25 44 63 56 56 56 41 17 5 72 74 63 43 83 50 65 37 52 25 44 25 72 26 31 37 64 83 43 5 87 74 55 35 65 25 72 74 0 72 37 9 64 65 4 73 72 74 74 24 83 67 64 74
split_gain=99.9617 40.657 17.5251 13.0769 11.2406 8.00965 7.84983 7.61864 7.17109 6.66312 6.51474 6.44172 6.14329 5.43221 5.52548 5.17764 5.13092 4.99949 6.13321 4.87591 4.64746 4.28009 4.56527 8.04277 4.13553 3.96632 9.68802 3.85209 3.56219 3.53614 3.46607 5.26959 6.09776 3.73581 7.19524 5.75651 4.39247 4.33954 3.43135 3.40061 3.11389 3.10911 6.51347 4.38596 4.7222 3.29427 3.14784 3.07049 3.0412 3.00092 4.07035 5.92806 3.2981 2.92786 2.91559 2.90165 2.7075 2.68863 3.37026 2.60055 2.54669 2.48281
threshold=1.0000000180025095e-35 1.0000000180025095e-35 -1.0000000180025095e-35 0.0040186195883121509 -1.0000000180025095e-35 56.438536997503057 0.0066367329224859004 0.12571968732777575 0.013400056397445003 65.201647668320831 46.59521547670338 45.672338544063898 0.045464805899119456 0.072833379868270362 0.05192719873613371 121.49499893188478 0.0094216945335356527 30.907876589042775 53.278781410106284 0.0044232159085456002 68.669525719311196 3647100.0000000005 0.023193845990495902 31.545000076293949 0.013964890328932751 0.0054297295808782503 17.615000724792484 59.541233970189396 50.065172399791415 54.291029382660774 70.846482908956872 0.16504880811434933 105.56968223068007 0.0081953206609737522 0.059504263565401262 0.0077187939207381505 7213200.0000000009 69.552722546190139 19.323243389837526 0.0034370506920615505 0.16827890210832572 57.863882732040373 0.026378662810985356 42.633363044712588 57.106963494782264 0.0045360903089297503 19.227700233459476 44.963623100973614 0.012098072157674703 1.0000000180025095e-35 0.0080615995102556025 0.024608300147278803 522974200.00000006 0.01176260113124525 33.965269761397586 0.0065832690772194514 0.0041933216178299008 12766600.000000002 0.014578949437367652 80.475002288818374 -0.027752312833531245 0.0079438038690770024
decision_type=2 2 2 2 2 2 2 2 2 2 2 2 2 2 2 2 2 2 2 2 2 2 2 2 2 2 2 2 2 2 2 2 2 2 2 2 2 2 2 2 2 2 2 2 2 2 2 2 2 2 2 2 2 2 2 2 2 2 2 2 2 2
left_child=1 2 25 19 10 49 24 20 13 12 -2 -11 27 14 -8 -12 -9 18 -14 -4 41 -19 23 30 39 26 54 28 -5 -16 33 32 -32 34 35 -23 37 -37 -18 -7 -17 43 45 44 56 46 -43 -47 -10 50 52 -52 -6 -38 -1 -25 -3 -40 -59 -26 -61 -57
right_child=4 7 3 9 5 6 8 16 48 11 15 -13 17 -15 29 40 38 21 -20 -21 -22 22 -24 55 59 -27 -28 -29 -30 -31 31 -33 -34 -35 -36 36 53 -39 57 -41 -42 42 -44 -45 -46 47 -48 -49 -50 -51 51 -53 -54 -55 -56 61 -58 58 -60 60 -62 -63
leaf_value=0.0023681403625267507 -0.021158484335523739 0.0087834394716046135 0.015399353643040601 0.012293534713414267 0.02494118587743191 -0.01078497990980116 -0.017926357681206012 -0.021160644429315863 0.028057044204138681 0.010487702413353429 -0.013597136242527895 -0.020597558825800683 0.01882218572688589 -0.025900523841288704 0.027841164785978194 0.0018718140627666227 -0.014817395334681873 0.01535976467682882 -0.017326250725997566 -0.01279314126364068 -0.013687174532619376 -0.021788416981577671 -0.023457827929868055 0.01925703880672254 0.0020360031693314718 -0.021417089808021476 0.02593972507420992 0.023102641045300076 -0.0131765704201022 -0.001315802091649754 -0.011991652748877226 -0.018493254500507709 0.024380327917182986 -0.01788087092281836 0.021870680303162273 -0.026119224841049813 0.017596290182095947 0.0081314466260213412 -0.0030862287309987987 0.015053209879383083 0.028652938167574069 -0.014833479539136888 -0.022379058474183679 0.023677840308816669 0.018236437952301753 0.0080861001120204959 0.013758960890750353 0.03116821975492506 0.0032804033470949703 0.023914310234630077 -0.011981281814488693 0.019157622276517856 0.0070749119892632543 -0.008544330105665977 -0.022781726424992144 -0.01929625656311872 -0.017405598635246895 0.023859559067224683 -0.0042698592329560173 0.0017092351567439049 0.026063150929071941 0.013294294194441017
leaf_weight=5.2629639655351701 11.148672446608542 6.8962702304124814 29.245001241564751 9.5254091843962723 37.033941090106964 7.5932309776544598 9.0096785277128237 11.2362694889307 9.5802906751632708 6.6728062629699698 7.6192957162857082 59.48576508462429 12.309550926089289 9.7040757387876493 6.7816968113183966 7.1433892622590056 8.8236369118094427 5.9314408823847762 6.4312913939356795 6.8060935735702506 6.6618257090449324 25.746268339455128 21.817104443907738 11.15590510517359 5.6326422393321982 126.58864024281502 5.6898060739040366 8.6242246702313405 10.270397573709486 8.356450214982031 7.2317263782024446 10.106176264584063 9.7297007218003255 70.342289850115776 6.5734665542840949 9.8153356611728686 10.465087458491327 5.0381457135081282 14.718850761651995 11.568932399153708 8.6255092620849592 6.9790959507226926 6.3177660629153243 34.012060180306435 18.665559351444244 11.844361901283266 6.8831262439489365 9.2277400791645032 8.3400879651308042 88.983946189284325 10.095839470624925 12.093422085046766 12.416846081614493 6.1062854155898085 19.59244205057621 4.4965833052992803 7.3280594050884247 11.385559782385828 5.7791964560747138 4.2819388806819907 39.629848703742027 3.953489825129509
leaf_count=17 42 22 73 28 89 26 38 48 21 28 23 328 37 50 17 23 47 25 27 27 30 108 143 35 20 457 13 26 38 27 28 45 31 408 22 51 35 22 59 30 19 30 33 84 46 38 20 20 32 207 34 30 33 25 61 26 26 30 24 14 92 15
internal_value=-9.32006e-05 -0.00655534 -0.0107241 -0.0070571 0.0138648 0.0158492 0.0100021 0.00631923 0.0011805 -0.00897644 -0.00228661 -0.0174623 -0.0067806 -0.00694308 0.000675182 0.00670923 -0.00321422 -0.00842513 0.00641713 0.0100769 0.0106322 -0.00975916 -0.0104946 -0.00893003 0.0166494 -0.0190758 -0.0093728 0.00636926 -0.000920784 0.0117461 -0.0111372 -0.0013449 0.00887266 -0.013114 -0.00785374 -0.0112714 -0.00265487 -0.0145018 0.00173947 0.00481453 0.016521 0.0121302 0.0056526 0.0161243 0.0083131 0.010722 -0.000636234 0.0181941 0.0165261 0.020235 0.015665 0.00498981 0.0204551 0.00796389 -0.0174564 0.00921256 -0.00470857 0.0063215 0.0143887 0.0212267 0.0236883 -0.00404829
internal_weight=997.413 681.773 515.013 357.88 315.64 281.103 120.479 166.759 51.7723 321.828 34.5369 66.1586 255.67 33.8519 24.1478 23.3882 51.9435 227.25 18.7408 36.0511 114.816 208.509 202.578 180.76 68.7066 157.134 30.5452 28.42 19.7958 15.1381 161.154 27.0676 16.9614 134.087 63.7446 57.1711 31.4249 14.8535 40.7072 19.1622 15.7689 108.154 41.2521 66.9019 32.8899 34.9343 13.8622 21.0721 17.9204 160.624 71.64 22.1893 49.4508 16.5714 24.8554 19.606 14.2243 31.8836 17.1648 49.5444 43.9118 8.45007
internal_count=3603 2736 2179 1631 867 760 367 557 185 1531 107 356 1175 132 82 65 208 1083 64 100 349 1019 994 851 182 548 91 92 66 44 775 104 59 671 263 241 133 73 160 56 42 319 141 178 94 108 50 58 53 393 186 64 122 60 78 76 48 113 54 126 106 41
is_linear=0
shrinkage=0.03


Tree=84
num_leaves=63
num_cat=0
split_feature=29 19 9 19 9 26 18 50 56 29 5 9 56 47 70 15 55 45 18 20 46 61 4 28 81 44 74 39 75 43 3 4 85 72 46 28 72 66 28 74 45 35 46 54 17 4 82 16 5 52 69 11 83 55 47 45 67 45 69 18 81 4
split_gain=165.628 81.4701 19.8183 11.1256 6.47005 5.73575 6.2529 6.49136 5.36645 5.32865 6.1086 5.28577 4.99284 5.44812 9.95214 4.20315 4.60746 4.93169 5.34822 8.18389 5.23349 5.49417 3.93642 3.74914 6.17991 4.6146 3.83741 3.7878 5.77745 6.78904 3.42999 3.22367 3.34558 2.81755 2.75728 2.63712 2.45832 2.4582 2.69901 2.62282 2.44644 2.2341 4.46658 2.13071 2.04541 1.99177 2.61229 1.98471 1.86156 1.76047 2.86885 1.69256 4.83985 1.57954 1.5759 1.41573 1.10577 1.06003 0.896723 0.878831 0.73693 0.727827
threshold=-1.0000000180025095e-35 -1.0000000180025095e-35 -1.0000000180025095e-35 -1.0000000180025095e-35 1.0000000180025095e-35 0.22793344234775856 0.022489009962559404 13.805000305175783 0.056292136300487357 1.0000000180025095e-35 71.68129051436047 -1.0000000180025095e-35 0.076251863650880311 0.11520899380733102 75.875000000000014 81.76988201268567 -0.64825129812119087 -1.6595416512575694 0.023173275795855153 37.306877136230476 0.0057994084552558008 1.8395000100135808 75450800.000000015 0.11882794737549002 74.954691154671181 73.752234592637535 0.0033829094667777006 117.53499984741212 1.1266970998796391 9673600.0000000019 25.545850910648731 808773000.00000012 8.9572496414184588 78.179356660533116 0.007229539822802551 0.10380793352019352 37.529618370472804 0.10072946734932137 0.026935057781340952 0.0023255512668709506 -0.57920790330980754 58.989429277473114 0.0090626949156417027 54.557655201227412 0.024740313828513102 854593600.00000012 -0.05306339456638294 -0.14017721658368207 57.146563423546517 10.934999942779543 93.125000000000014 20.228514691931871 0.010122382062314602 -0.32444056455965853 0.11681212175648877 -1.960670860965841 76.450000762939467 -0.77831527653690091 78.31000137329103 0.022592035823633502 33.371092936971273 200883000.00000003
decision_type=2 2 2 2 2 2 2 2 2 2 2 2 2 2 2 2 2 2 2 2 2 2 2 2 2 2 2 2 2 2 2 2 2 2 2 2 2 2 2 2 2 2 2 2 2 2 2 2 2 2 2 2 2 2 2 2 2 2 2 2 2 2
left_child=3 9 5 51 12 8 -7 35 -3 10 37 34 13 15 -15 16 48 55 -19 -20 -21 -22 -16 25 -25 26 36 47 29 -29 -11 49 -33 45 -5 -8 -13 -2 -39 -40 -9 56 -43 -32 59 61 -47 -28 -4 50 -6 52 -1 -42 -12 -18 -41 -38 -24 -10 -58 -14
right_child=1 2 4 11 31 6 7 40 44 30 54 23 33 14 22 -17 17 18 19 20 21 -23 58 24 -26 -27 27 28 -30 -31 43 32 -34 -35 -36 -37 57 38 39 41 53 42 -44 -45 -46 46 -48 -49 -50 -51 -52 -53 -54 -55 -56 -57 60 -59 -60 -61 -62 -63
leaf_value=-0.0049156419647196394 0.0037024331493267391 0.013450856211763592 -0.004001627553481454 0.0094176440458991015 0.0084739441884572123 -0.016476553461989479 0.0058662795637283716 0.006002902517667134 -0.012379950932360932 -0.011629666702717305 0.0062266830168301686 -0.031318409473761487 -0.024067443232597938 0.016055243916687747 -0.0017598360898225807 0.014258812372632464 0.003254725489665441 -0.022834815228845829 0.017209608141742799 0.012902787618656856 0.013195497733119534 -0.02263598861540346 -0.011893264587052249 -0.027471112696820281 0.019518526195018641 -0.010058501199620923 0.0042682110887065951 0.020995515431805677 -0.018797321456340652 -0.0096188219136123243 0.00036313084937750087 -0.024370743386196429 0.007070599073899995 -0.0013596750486859423 0.025934167668800814 -0.025268477262380677 0.03088905845165802 -0.033121589101551781 -0.030555727019031614 0.0075521440459272501 0.014080864347488184 0.023902581726788972 -0.0036337166282360573 0.020549894594091258 -0.0001852530586239563 -0.01860260516079091 0.013228203683162403 0.023995883823671096 -0.023008419713258038 -0.022812023121818032 -0.024418924486462441 0.025947141210614953 0.025494743989144308 0.032126693325958529 -0.014526978525399347 0.023970802510375609 0.017273618333697741 0.018861150767032826 -0.023616075328195041 -0.026453107479219785 0.028084062282986301 -0.018319397096487888
leaf_weight=6.491571098566058 8.3542229086160642 6.8953962847590473 6.0051583200693157 12.603450089693068 4.3488190546631795 8.2076570540666562 5.3548487499356252 7.9068545401096335 6.0937657952308717 10.978577464818956 7.7485263347625715 0.75772911310196178 50.659119591116905 7.6878255605697623 9.4987286031246168 8.3378198593854886 5.9249537512660027 15.351005248725412 13.576888196170328 6.905545897781848 4.6643800809979465 22.095826961100101 6.5294069722294799 6.0860387161374074 4.2977557778358459 8.5661860555410367 6.4447766691446331 17.091553077101711 8.6331453472375852 10.539388403296469 10.477877810597422 5.2597358152270299 7.2364196181297302 7.6706401184201232 32.69481073319912 4.5109354704618454 10.655087783932688 0.82512012124061485 0.86340858042240043 2.9023139327764502 6.7056520134210595 15.285804852843286 8.1167195141315442 8.5423186570405942 5.1913461238145819 6.8934317082166672 3.4978684708476049 15.94564466178417 20.366427361965179 146.90043787658215 5.2884702607989311 117.12844693660736 17.163329541683197 12.50814858078957 5.726541206240654 5.9510535597801191 6.5663697123527518 17.303954571485519 58.389582104980946 11.587698996067045 41.816619426012039 32.573734775185585
leaf_count=19 23 22 25 30 14 37 22 23 24 38 24 4 339 18 38 24 23 67 39 24 17 102 32 31 10 33 18 38 36 39 36 20 25 32 63 19 19 4 3 8 19 34 27 17 22 39 14 35 122 730 29 231 34 23 19 17 14 39 331 57 79 209
internal_value=-0.000420506 -0.00869694 -0.0138305 0.018396 -0.0161539 0.000476795 0.00721168 0.0124683 -0.00974811 0.0127886 0.0161689 0.0127572 -0.0134543 -0.0106024 -0.0164407 -0.00621184 -0.0079044 -0.00408838 -0.00745117 -0.00245241 -0.0103818 -0.0163905 -0.0197978 0.00910097 -0.00802254 0.0109543 0.0130145 0.00861531 0.0026249 0.00931816 0.00172245 -0.0208266 -0.00616332 -0.0188397 0.0213387 -0.00836947 0.0219999 0.0191527 0.0208427 0.0214321 0.0200486 0.022033 0.0143521 0.00942938 -0.0167418 -0.0202718 -0.00788787 0.0183175 -0.0186803 -0.0219971 -0.00957604 0.0244689 0.0171493 0.0258287 -0.00259306 0.0136355 0.025538 0.0234449 -0.022437 -0.0216029 0.0266169 -0.0218179
internal_weight=957.183 664.78 536.576 292.403 461.613 74.9623 45.1941 36.9864 29.7682 128.204 98.2056 151.62 292.579 191.285 82.1055 109.179 100.841 74.4697 62.5936 47.2426 33.6658 26.7602 74.4177 106.321 10.3838 95.9375 87.3713 58.6545 36.2641 27.6309 29.9988 169.034 12.4962 101.295 45.2983 9.86578 28.7168 84.7306 76.3764 75.5512 27.1207 74.6878 23.4025 19.0202 22.8728 93.6242 10.3913 22.3904 26.3716 156.538 9.63729 140.783 23.6549 19.2138 13.4751 11.876 51.2853 27.959 64.919 17.6815 48.383 83.2329
internal_count=3603 2924 2598 679 2330 268 143 106 125 326 235 395 1512 879 419 460 436 289 249 182 143 119 401 302 41 261 228 166 113 77 91 818 45 633 93 41 62 192 169 165 65 162 61 53 103 601 53 53 147 773 43 284 53 42 43 40 101 58 363 81 93 548
is_linear=0
shrinkage=0.03


Tree=85
num_leaves=63
num_cat=0
split_feature=19 19 56 25 29 83 35 29 89 17 36 25 88 81 80 35 36 28 80 17 36 36 65 80 43 26 36 64 73 40 80 52 7 65 17 64 84 40 80 28 28 14 29 5 14 52 87 83 87 31 81 4 65 50 52 43 31 4 24 9 83 52
split_gain=32.1131 27.0249 17.2079 11.9597 10.6173 9.13055 9.60299 8.92293 7.71628 7.10298 6.45879 5.88368 5.82286 6.14983 5.33828 5.07756 5.55552 9.51379 4.9367 4.9334 4.78621 4.31948 4.11146 4.08567 4.07823 5.04263 3.87869 3.82738 5.28475 5.50496 3.6228 3.46694 3.45034 3.81034 4.98575 4.39844 3.56844 3.44942 5.89027 3.59497 3.43463 5.34126 3.31199 3.27592 3.15486 6.2575 6.82551 3.154 4.17716 4.45382 3.64465 3.51367 3.10561 4.07001 4.0742 3.00852 3.41448 3.41564 3.28872 2.96196 3.27282 4.94797
threshold=-1.0000000180025095e-35 1.0000000180025095e-35 0.08128951260104926 36.627197765823546 -1.0000000180025095e-35 0.0083974994003657519 56.328171239333891 1.0000000180025095e-35 39215618.000000007 0.0083387139982107512 1.2290419300263766 47.53086425982999 21.060587370870667 50.464518599973921 12025800.000000002 55.665067056702576 0.59017784009767393 0.10795830133467231 10993000.000000002 0.011444342284741602 -1.8126251408836538 1.8519810939634456 0.029452040962575754 25898500.000000004 4922100.0000000009 0.99759809756049134 1.3787156666819487 0.010795371285255153 -0.2427899381213833 137.79499816894534 18094900.000000004 15.425000190734863 0.017368197594060452 0.024076260805052003 0.013024457379954252 -0.0071889661374766487 0.018328706016837403 120.02999877929689 12239100.000000002 0.089147370925866706 0.12372138514156636 23365700.000000004 -1.0000000180025095e-35 59.919548568271246 49631600.000000007 24.365000724792484 9.9164161651869325 0.022712215898835455 23.573401463657781 81.637066050897161 44.067241049845016 335255600.00000006 0.017567617028040102 21.445000648498539 17.710000038146976 6804450.0000000009 171.59487115859056 118652600.00000001 57300500.000000007 -1.0000000180025095e-35 0.010754051745443352 22.904999732971199
decision_type=2 2 2 2 2 2 2 2 2 2 2 2 2 2 2 2 2 2 2 2 2 2 2 2 2 2 2 2 2 2 2 2 2 2 2 2 2 2 2 2 2 2 2 2 2 2 2 2 2 2 2 2 2 2 2 2 2 2 2 2 2 2
left_child=4 2 5 20 -1 9 8 12 -7 26 30 21 13 52 -12 16 55 -18 19 -6 -4 -8 23 -16 25 -13 -2 28 29 -20 -11 -32 33 34 35 -26 -34 38 -15 -39 -14 -42 -10 -35 -9 46 -46 48 49 -44 -51 -52 -3 54 -54 56 -5 -58 -57 -30 -61 -62
right_child=1 7 3 15 18 6 11 44 42 10 14 24 40 37 22 -17 17 -19 27 -21 -22 -23 -24 -25 32 -27 -28 -29 59 -31 31 -33 36 43 -36 -37 -38 39 -40 -41 41 -43 47 -45 45 -47 -48 -49 -50 50 51 -53 53 -55 -56 58 57 -59 -60 60 61 -63
leaf_value=-0.017945065154511157 0.022648424708055989 -0.015308375777891885 0.012434265063342505 -0.0058675461291066433 -0.0047053601087561625 0.024355380459128273 0.01317422937890789 -0.016161841143245967 -0.014138281354569342 -0.014934557931072508 0.015784131510929948 0.015651764738285164 -0.011208659599220374 0.025971886464083122 -0.0089675296123432491 0.026247001794541838 -0.016712143835806312 0.028698733975057716 0.032664317079512915 0.029558629852879777 -0.0080250370377548796 -0.018157018258176737 0.021227209116403006 0.012181032609217966 0.0043815735338267933 -0.019948183818828999 -0.00057822433473620892 -0.013751256795014112 -0.017603691156393347 -0.0071864486032102758 0.018175155227547694 -0.0081043376493467722 0.0082660161221729655 0.0042873367176107799 -0.0049500732480583232 0.037901947120654415 0.030567739852661764 0.00777317517386477 -0.006391363065687659 0.02902987936093003 0.027220186197707531 -0.0081316274665980022 -0.01615435573525284 0.027571786303747823 -0.0095387359213845967 -0.018846854276864531 0.035455084339831217 0.020479200210175189 -0.022469149576768738 -0.0040385674233532317 0.0010028460450776826 0.024681554881555077 0.0018939193678835034 -0.010212421740377691 0.037029291422442316 0.027319499752115502 0.0057816563480450724 0.037344207433801166 0.0066075224257737125 -0.011731069134367682 0.030704135169257161 -0.0079334383031317238
leaf_weight=91.144185163080692 14.965795710682871 15.691492006182669 17.777577340602875 8.2632803022861498 7.7960212081670743 10.556546330451964 7.160567075014117 64.836797468364239 18.316741928458214 52.105338364839554 18.516823589801788 8.4789664596319181 53.931721329689026 6.9696405380964306 45.334931463003159 51.8946643024683 11.58768466114998 6.4708630144596091 7.2567834109067899 7.345116063952446 24.436267703771591 8.8606777787208539 5.8921934962272635 10.042566552758215 8.0343220233917254 6.199058085680007 11.39957422018051 38.401528418064117 14.261671334505079 5.4724447727203369 6.4087956845760372 15.31459656357765 8.5547903776168805 7.4381138235330608 17.005320265889168 6.2744702547788611 26.334979876875877 15.446121752262117 18.486637458205223 13.348795071244238 5.9329839795827892 10.937441393733023 10.633525326848028 20.223789766430855 6.4325288236141223 11.98883582651615 5.7439877539873123 6.2918965667486182 7.7059525102376929 19.18225859105587 10.496487095952036 12.190403833985327 9.477040186524393 13.61278387904167 4.3261632323265067 33.463524758815765 7.420173838734625 5.2827476561069489 8.6917467862367612 11.430561676621439 5.768694192171095 6.1771869510412216
leaf_count=284 61 46 69 27 24 46 28 212 51 151 72 35 169 29 137 253 31 31 32 31 74 23 24 37 27 15 37 108 39 17 25 48 32 27 54 30 128 55 56 60 25 34 28 96 22 39 26 27 19 59 36 52 32 43 19 152 27 26 31 33 24 18
internal_value=0.000484684 0.00305216 0.00666656 0.0145042 -0.0104717 0.00323127 0.00733185 -0.00503234 0.000167825 -0.00177969 -0.00424874 0.012817 -0.000966887 0.00379372 0.00166862 0.0189177 0.0142324 -0.000440206 -0.00391651 0.0119164 0.000591018 -0.00415377 -0.00259735 -0.00513229 0.0153219 0.000616625 0.0126059 -0.00661711 -0.00117782 0.015532 -0.0106436 -0.000351409 0.0176214 0.0131975 0.00603051 0.0190804 0.0250995 0.0105148 0.00246933 0.0176274 -0.00751311 0.00430088 -0.00284261 0.0213107 -0.0127136 -0.00346184 0.011686 0.00026864 -0.0018434 0.0011839 0.0055873 0.0137262 -0.00466479 0.00142705 0.012906 0.0184301 0.00914308 0.0189075 0.023049 -0.0068291 -0.000255654 0.0107247
internal_weight=1027.43 832.371 575.208 175.289 195.054 399.919 219.939 257.163 95.3738 179.981 153.615 124.565 168.161 97.3587 79.7865 133.075 81.18 18.0585 103.91 15.1411 42.2138 16.0212 61.2697 55.3775 108.544 14.678 26.3654 88.7689 50.3673 12.7292 73.8287 21.7234 93.8658 58.976 31.3141 14.3088 34.8898 54.2512 25.4563 28.7949 70.8021 16.8704 84.8173 27.6619 89.0021 24.1654 12.1765 66.5005 60.2086 52.5027 41.8691 22.6869 43.1075 27.416 13.8032 63.1215 20.9662 12.7029 42.1553 37.6381 23.3764 11.9459
internal_count=3603 2993 2126 721 610 1405 813 867 318 592 494 495 568 340 270 578 325 62 326 55 143 51 198 174 444 50 98 271 163 49 224 73 394 234 111 57 160 200 85 115 228 59 272 123 299 87 48 221 194 175 147 88 140 94 51 263 80 53 183 114 75 42
is_linear=0
shrinkage=0.03


Tree=86
num_leaves=63
num_cat=0
split_feature=19 9 19 9 81 81 54 7 70 38 36 44 84 38 6 67 73 39 54 4 85 46 39 70 63 26 50 50 51 61 20 6 41 79 51 18 81 66 35 21 34 18 64 39 80 80 43 54 55 45 84 69 54 88 70 28 34 24 52 7 45 51
split_gain=94.5424 38.8154 17.1314 10.6358 8.44768 7.75754 6.73764 6.64227 6.50985 7.73675 6.31637 6.24483 6.12941 5.48513 10.0047 5.38242 5.29833 4.94691 4.79931 4.60508 7.56739 7.26285 6.05496 5.47614 4.61345 6.74109 4.50781 5.95191 4.24251 4.07837 4.57757 4.02474 5.55283 5.38818 3.81919 3.68931 3.66492 3.48092 3.42189 3.26427 4.43672 3.22797 3.92461 3.15662 3.09987 4.08368 3.03218 4.33669 2.97553 2.91687 2.74934 2.72718 2.71537 2.70784 2.6351 2.60162 3.61048 2.58042 2.52966 3.2581 3.44852 2.72715
threshold=1.0000000180025095e-35 1.0000000180025095e-35 -1.0000000180025095e-35 -1.0000000180025095e-35 77.399092246387085 50.464518599973921 37.93068154195857 0.024813870969982804 90.924999237060561 0.11547457940026716 0.34090607975675624 46.59521547670338 0.031838462001120456 0.13875257604051192 0.75537884123924937 77.104999542236342 0.15982819272607426 121.58499908447267 64.594640819488731 432107200.00000006 14.151902198791506 0.007229539822802551 121.68500137329103 77.849998474121108 47.59032805674638 0.20551549281683631 13.914999961853029 12.50500011444092 24.454999923706058 3.685999989509583 135.89850616455081 0.055345972991080107 116.32500076293947 8.8779301749566937 17.945000648498539 0.06772929055389236 77.913950986471562 0.24600530654803557 64.306937675969834 29.777947883978118 151277450.00000003 0.028336952262515154 -0.0050897442446183492 174.10499572753909 12239100.000000002 27300100.000000004 8591100.0000000019 47.287757747865292 0.16827890210832572 1.1201163852059539 0.020897231197245705 73.704998016357436 45.291635994981398 20.449281806433465 92.735000610351577 0.098620810113211568 80118450.000000015 13214600.000000002 22.994999885559086 0.011889411357697751 0.60990038360110088 16.154999732971195
decision_type=2 2 2 2 2 2 2 2 2 2 2 2 2 2 2 2 2 2 2 2 2 2 2 2 2 2 2 2 2 2 2 2 2 2 2 2 2 2 2 2 2 2 2 2 2 2 2 2 2 2 2 2 2 2 2 2 2 2 2 2 2 2
left_child=1 2 -1 11 12 51 29 13 9 15 -11 -2 26 14 18 -7 53 -13 19 20 23 22 55 -8 -25 -26 27 -3 54 30 -4 32 33 -28 52 -15 44 -34 -24 -21 -41 42 -20 -9 -10 -46 -33 -48 -19 -23 -17 -5 -6 -16 -14 -22 -57 -56 59 -53 61 -61
right_child=3 4 6 5 34 8 7 43 36 10 -12 17 28 35 16 50 -18 48 41 39 21 49 38 24 25 -27 31 -29 -30 -31 -32 46 37 -35 -36 -37 -38 -39 -40 40 -42 -43 -44 -45 45 -47 47 -49 -50 -51 -52 58 -54 -55 57 56 -58 -59 -60 60 -62 -63
leaf_value=-0.018884115823336191 -0.020896429640187241 0.015861801614649812 -0.019911570130777767 -0.0072420807673314663 -0.025714768791300552 -0.0097914364425308632 -0.015251804197322853 -0.019333566132262628 0.0024709923705199615 0.017066632039048398 -0.019329913672199907 -0.01340970690658427 -0.027622401747419832 -0.019872447930239637 0.039737587299126742 0.02641617398165946 -0.0033275421396538195 0.0018130083833115776 -0.0012379153217394788 -0.021841676777702282 -0.0223830443144175 -0.020040501713989509 0.0032900022584381153 0.023797486810649603 0.017760325801467768 -0.025982692283883242 0.0095090798761312649 -0.016308736383726756 0.012394540348394149 0.0082350220950956621 0.013333493486129654 0.028012105967248613 0.02105810049008934 -0.03107301721683264 0.014365852379616561 0.013026869857366282 -8.8180974651886257e-05 -0.0015345271225342587 0.032691891776854221 -0.019968893869538585 0.017109066148537883 -0.0092100106064141249 0.027722626775913844 0.0010907418734440355 0.02329918432889146 0.0015373435514492871 -0.0046784090389146264 0.020705839474474793 0.028039070347469858 -0.0025317405258375248 0.0052322874281977684 0.026610652986123893 -0.00033960701557775953 0.015820948419742444 -0.017501177975864909 -0.015242551719961223 0.017020528388828046 0.010304222341444425 0.025978489456898558 0.0083256176997159367 -0.0029535047158291239 0.024004775702915229
leaf_weight=154.17254724353552 10.98534072935581 9.9636411219835299 57.331810437142849 3.0901981592178336 11.777642019093042 7.656014725565913 7.4209288656711569 36.39885663241148 10.010444447398184 5.6564045250415829 17.781500615179539 7.5486585795879391 6.4703288897872033 23.713305018842224 5.5885076820850399 15.862101390957834 11.522175766527651 7.1268593668937674 7.4026864469051423 24.14978814125061 7.569891236722472 36.663220934569836 7.6203861907124502 17.07953763008118 7.8882220759987813 5.3017639368772507 6.172653913497923 10.771247610449789 9.6003549098968488 5.9648037925362578 3.9867547526955596 23.723477184772491 21.0561026185751 5.6303767412900925 4.1916488111019126 3.5235349684953681 11.550724238157271 8.6627973169088346 6.6901983320713043 6.1688876748085004 5.4888292253017426 6.7797355204820624 9.7689307481050474 8.3778925836086255 57.738155081868172 8.9658531546592695 8.3710716962814349 21.913683727383614 8.5819375813007337 11.173167638480662 8.4519306570291501 24.354238077998161 5.5999835580587378 17.929714187979698 6.1305683106183988 6.6554467901587469 5.8795066177845001 5.8895703032612801 57.768043428659439 17.915457591414452 9.5797936618328077 22.551960915327072
leaf_count=548 42 27 354 9 71 27 35 207 34 17 79 23 36 133 11 39 48 23 27 114 32 188 33 45 31 34 18 45 29 20 18 54 53 25 15 12 37 31 15 27 17 20 24 37 143 28 32 53 19 47 31 55 19 53 26 27 22 23 128 49 31 53
internal_value=-9.67024e-05 -0.00642414 -0.0105374 0.0135236 0.00617427 0.0154607 -0.00690263 -0.00489794 0.0106064 0.0025465 -0.0105461 -0.00225534 0.00879085 -0.00293384 -0.00132525 0.012145 0.0133388 0.00654953 -0.00418464 -0.00610723 -0.00328867 -0.00838962 0.00212043 0.00784312 0.0135051 0.000177657 0.0118294 -0.000849975 -0.00378553 -0.0154464 -0.0177501 0.0145815 0.0075587 -0.00984972 -0.0113376 -0.0156164 0.0156659 0.0144725 0.0170354 -0.0155484 -0.00251139 0.00831749 0.0152377 -0.0155121 0.0180379 0.0203741 0.0199807 0.0136893 0.0161407 -0.015951 0.0190523 0.020617 -0.0175376 0.0215041 -0.0121863 -0.00849601 -0.000109588 -0.00387722 0.0212683 0.0176112 0.0132319 0.0170634
internal_weight=987.312 674.136 508.211 313.176 165.925 278.933 354.038 286.755 143.673 55.408 23.4379 34.2428 144.356 241.978 214.742 31.97 35.0404 23.2575 179.701 155.75 119.942 82.2518 34.4154 37.6905 30.2695 13.19 116.265 20.7349 28.0908 67.2834 61.3186 95.5302 41.5219 11.803 21.5693 27.2368 88.2652 29.7189 14.3106 35.8075 11.6577 23.9514 17.1716 44.7767 76.7145 66.704 54.0082 30.2848 15.7088 47.8364 24.314 135.26 17.3776 23.5182 18.4905 20.1048 12.535 12.0201 132.169 74.4015 50.0472 40.4674
internal_count=3603 2736 2179 867 557 760 1631 1239 435 193 96 107 452 995 850 97 112 65 738 667 509 364 129 145 110 65 338 72 114 392 372 266 127 43 105 145 242 84 48 158 44 71 51 244 205 171 139 85 42 235 70 325 90 64 85 81 49 49 316 188 133 102
is_linear=0
shrinkage=0.03


end of trees

feature_importances:
Column_29=233
Column_37=215
Column_9=207
Column_54=203
Column_56=195
Column_45=153
Column_19=140
Column_55=133
Column_80=123
Column_26=118
Column_25=109
Column_64=108
Column_17=104
Column_81=100
Column_73=99
Column_28=97
Column_72=96
Column_66=93
Column_15=91
Column_46=91
Column_5=87
Column_74=87
Column_35=86
Column_44=86
Column_47=86
Column_65=86
Column_38=77
Column_4=76
Column_63=75
Column_18=74
Column_43=74
Column_52=73
Column_84=73
Column_7=72
Column_49=72
Column_24=70
Column_27=64
Column_83=64
Column_75=61
Column_14=58
Column_50=58
Column_8=55
Column_51=55
Column_36=54
Column_16=50
Column_67=48
Column_89=48
Column_6=47
Column_68=46
Column_82=45
Column_34=44
Column_40=44
Column_39=43
Column_59=41
Column_58=38
Column_60=31
Column_70=30
Column_69=29
Column_88=26
Column_20=24
Column_48=23
Column_61=21
Column_85=21
Column_87=20
Column_21=18
Column_42=18
Column_0=17
Column_3=17
Column_11=17
Column_86=17
Column_41=15
Column_12=13
Column_22=13
Column_57=13
Column_10=12
Column_31=12
Column_32=10
Column_13=9
Column_1=6
Column_2=6
Column_77=6
Column_78=6
Column_30=5
Column_23=4
Column_76=4
Column_79=4
Column_33=2

parameters:
[boosting: gbdt]
[objective: multiclass]
[metric: multi_logloss]
[tree_learner: serial]
[device_type: cpu]
[data_sample_strategy: bagging]
[data: ]
[valid: ]
[num_iterations: 1000]
[learning_rate: 0.03]
[num_leaves: 63]
[num_threads: 4]
[seed: 25]
[deterministic: 0]
[force_col_wise: 0]
[force_row_wise: 0]
[histogram_pool_size: -1]
[max_depth: -1]
[min_data_in_leaf: 20]
[min_sum_hessian_in_leaf: 0.001]
[bagging_fraction: 0.8]
[pos_bagging_fraction: 1]
[neg_bagging_fraction: 1]
[bagging_freq: 0]
[bagging_seed: 14285]
[bagging_by_query: 0]
[feature_fraction: 0.8]
[feature_fraction_bynode: 1]
[feature_fraction_seed: 14195]
[extra_trees: 0]
[extra_seed: 11661]
[early_stopping_round: 0]
[early_stopping_min_delta: 0]
[first_metric_only: 0]
[max_delta_step: 0]
[lambda_l1: 0]
[lambda_l2: 0]
[linear_lambda: 0]
[min_gain_to_split: 0]
[drop_rate: 0.1]
[max_drop: 50]
[skip_drop: 0.5]
[xgboost_dart_mode: 0]
[uniform_drop: 0]
[drop_seed: 9090]
[top_rate: 0.2]
[other_rate: 0.1]
[min_data_per_group: 100]
[max_cat_threshold: 32]
[cat_l2: 10]
[cat_smooth: 10]
[max_cat_to_onehot: 4]
[top_k: 20]
[monotone_constraints: ]
[monotone_constraints_method: basic]
[monotone_penalty: 0]
[feature_contri: ]
[forcedsplits_filename: ]
[refit_decay_rate: 0.9]
[cegb_tradeoff: 1]
[cegb_penalty_split: 0]
[cegb_penalty_feature_lazy: ]
[cegb_penalty_feature_coupled: ]
[path_smooth: 0]
[interaction_constraints: ]
[verbosity: -1]
[saved_feature_importance_type: 0]
[use_quantized_grad: 0]
[num_grad_quant_bins: 4]
[quant_train_renew_leaf: 0]
[stochastic_rounding: 1]
[linear_tree: 0]
[max_bin: 255]
[max_bin_by_feature: ]
[min_data_in_bin: 3]
[bin_construct_sample_cnt: 200000]
[data_random_seed: 120]
[is_enable_sparse: 1]
[enable_bundle: 1]
[use_missing: 1]
[zero_as_missing: 0]
[feature_pre_filter: 1]
[pre_partition: 0]
[two_round: 0]
[header: 0]
[label_column: ]
[weight_column: ]
[group_column: ]
[ignore_column: ]
[categorical_feature: ]
[forcedbins_filename: ]
[precise_float_parser: 0]
[parser_config_file: ]
[objective_seed: 4575]
[num_class: 3]
[is_unbalance: 0]
[scale_pos_weight: 1]
[sigmoid: 1]
[boost_from_average: 1]
[reg_sqrt: 0]
[alpha: 0.9]
[fair_c: 1]
[poisson_max_delta_step: 0.7]
[tweedie_variance_power: 1.5]
[lambdarank_truncation_level: 30]
[lambdarank_norm: 1]
[label_gain: ]
[lambdarank_position_bias_regularization: 0]
[eval_at: ]
[multi_error_top_k: 1]
[auc_mu_weights: ]
[num_machines: 1]
[local_listen_port: 12400]
[time_out: 120]
[machine_list_filename: ]
[machines: ]
[gpu_platform_id: -1]
[gpu_device_id: -1]
[gpu_use_dp: 0]
[num_gpu: 1]

end of parameters

pandas_categorical:null
