tree
version=v4
num_class=3
num_tree_per_iteration=3
label_index=0
max_feature_idx=92
objective=multiclass num_class:3
feature_names=Column_0 Column_1 Column_2 Column_3 Column_4 Column_5 Column_6 Column_7 Column_8 Column_9 Column_10 Column_11 Column_12 Column_13 Column_14 Column_15 Column_16 Column_17 Column_18 Column_19 Column_20 Column_21 Column_22 Column_23 Column_24 Column_25 Column_26 Column_27 Column_28 Column_29 Column_30 Column_31 Column_32 Column_33 Column_34 Column_35 Column_36 Column_37 Column_38 Column_39 Column_40 Column_41 Column_42 Column_43 Column_44 Column_45 Column_46 Column_47 Column_48 Column_49 Column_50 Column_51 Column_52 Column_53 Column_54 Column_55 Column_56 Column_57 Column_58 Column_59 Column_60 Column_61 Column_62 Column_63 Column_64 Column_65 Column_66 Column_67 Column_68 Column_69 Column_70 Column_71 Column_72 Column_73 Column_74 Column_75 Column_76 Column_77 Column_78 Column_79 Column_80 Column_81 Column_82 Column_83 Column_84 Column_85 Column_86 Column_87 Column_88 Column_89 Column_90 Column_91 Column_92
feature_infos=[2.343106746673584:178.1036376953125] [2.4569659681003269:179.01368336177322] [2.343106746673584:175.27566230322219] [2.3787631319478337:178.71033907372009] [41000000:2622057200] [3.180195530144303:97.487589551191363] [-6.4828828111666894:7.3254461884524034] [0.0045576110889383997:0.074093348926051406] [-0.19532940813938149:0.21934594333267121] [-1:1] [11.113184928894045:331.23138427734369] [11.457949638566454:337.56420853417592] [10.90779200144191:330.35291475682118] [11.149862247713038:332.68902516522752] [7425600:319317900] [9.4559710412185041:99.111643005440882] [-9.1440243391352833:10.116572434111902] [0.0034869304571151999:0.071274458346339997] [-0.11078124833437369:0.173883211688353] [-1:1] [10.434157371520996:153.18013000488281] [11.346326719159403:154.23240597819722] [9.8172956034808916:152.07439594599043] [10.086352292693158:154.00947524277967] [3324300:217294200] [3.4722752582759422:97.602183752859673] [-10.557102579386566:5.1593287859715389] [0.0038155922721854999:0.1059644022382243] [-0.23201875032363881:0.26669979252365689] [-1:1] [49.808567047119141:450.64443969726562] [51.190715930905981:452.78581476584628] [49.06995489334205:449.0879146544429] [49.691557018334201:452.06886482401148] [20270000:871026300] [3.9899474651378739:100] [-21.555608297982587:8.92834706151109] [0.0020098473256695:0.060422403482761497] [-0.024634387240041598:0.17565018563893009] [-1:1] [70:193.88999938964844] [71.889999389648438:194.44999694824219] [66:192.52000427246091] [69.300003051757812:193.74000549316409] [1501600:93804200] [5.0106713863692534:99.119892970390595] [-5.4048728656169942:6.6911422718847575] [0.0028724657468173001:0.040138751401655702] [0.0014771860881035001:0.20069551052144691] [9.1400003433227539:82.69000244140625] [9.3100004196166992:89.529998779296875] [8.5600004196166992:72.760002136230469] [9.0100002288818359:82.69000244140625] none [1.0835866007873562:91.666661687164478] [-5.450254300959152:14.577704716716717] [0.0250983600313501:0.29432257682768431] [2.2126604230287223:4.415098705258881] [0.49900001287460322:4.2610001564025879] [0.53799998760223389:4.3239998817443848] [0.39800000190734858:4.2069997787475586] [0.48399999737739557:4.255000114440918] none [1.2903278260660755:90.935695956153239] [-0.3274979659731731:0.20410190241801901] [0.0060552070477927003:0.20468915249381631] [-0.81826805771852884:0.50037031550979794] [71.870002746582031:108.54000091552734] [72.040000915527344:109.29000091552734] [71.30999755859375:108.1999969482422] [71.739997863769531:108.66999816894533] none [8.275864488112461:100] [-1.3723688026576184:2.0514350441877269] [0.0012972580854122:0.0128912865537055] [1.0412974745880359:1.1926650537170618] [5.1995797157287598:85.483741760253906] [5.4176306311342284:85.672472383487573] [5.1010295556481049:84.825619512064392] [5.2626544607487054:85.643438609331298] [3073000:136539000] [5.3232286817455758:99.538755199882416] [-2.9149283967157018:2.0923957690243071] [0.0029260486269769002:0.067775608118082101] [-0.1160363499828047:0.1283426171986827] [3.6804323196411128:38.462478637695312] [3.8412271534111553:38.722488682597181] [3.5017702069782568:38.276762107289073] [3.6030107111585319:38.536768083710413] [9107923:1050592272] none none none
tree_sizes=6589 6578 6568 6819 6824 6800 6818 6798 6789 6809 6826 6795 6806 6822 6784

Tree=0
num_leaves=63
num_cat=0
split_feature=47 64 50 64 6 5 46 19 47 14 17 70 8 29 60 49 64 56 59 37 72 73 55 42 56 16 73 27 58 58 37 50 83 67 46 27 7 46 67 83 88 25 7 7 56 43 82 56 50 8 87 32 56 70 25 25 16 7 73 51 67 5
split_gain=33.8887 32.7177 31.5838 32.6368 37.0712 32.4907 25.9654 35.3839 25.9157 34.9656 24.1025 19.8553 25.6575 19.3914 19.0631 22.2767 18.8738 37.0885 17.2412 29.4967 19.1746 20.196 22.2926 16.8755 16.8543 23.6022 14.4198 17.4711 26.4171 15.6301 14.2898 14.143 13.5 11.1138 10.9519 10.5533 10.5521 12.6297 12.1103 10.2205 25.2643 10.0334 9.981 9.67086 9.34136 8.88655 17.0915 12.2504 9.95466 9.29212 10.4201 9.86551 8.76513 11.3188 8.38578 8.15057 8.1082 7.93249 7.40367 7.18038 6.89985 6.44081
threshold=0.0088589061383169011 0.12085321723248652 21.595000267028812 -0.031761040654365295 -0.39680513649239113 61.41250033473532 1.6190837944837997 -1.0000000180025095e-35 0.0063809997520582508 21416050.000000004 0.019322327607928302 92.325000762939467 0.097914316938256959 1.0000000180025095e-35 2.9555000066757207 10.025000095367433 -0.010698836982186398 0.084341189571977768 3.9600000381469731 0.012650034681907002 38.669276298420478 -0.29888614046689804 0.441274410719875 167.38999938964847 0.064486110642795913 0.61814866336687058 0.0041361997667408003 0.0093867116368327019 1.8495000004768374 2.2929999828338627 0.016852592955482353 23.800000190734867 0.006169898789286951 93.014999389648452 -0.27099489265096816 0.014656469387201053 0.015628899599994854 0.23120503717582608 95.465000152587905 0.0049759487765487507 19.484497098664754 67.864898574432246 0.024655279712379356 0.016120502948287253 0.12617508160413993 161.69000244140628 0.27492166922182909 0.15999023689691108 30.224999427795414 0.042764735630007107 11.772703282007305 135.48405586162986 0.061252533444139258 80.235000610351577 82.615906020832639 58.391392602419955 -0.30680393235963693 0.0061409882257531506 -0.033137220166047095 17.814999580383304 76.450000762939467 58.097934952539987
decision_type=2 2 2 2 2 2 2 2 2 2 2 2 2 2 2 2 2 2 2 2 2 2 2 2 2 2 2 2 2 2 2 2 2 2 2 2 2 2 2 2 2 2 2 2 2 2 2 2 2 2 2 2 2 2 2 2 2 2 2 2 2 2
left_child=1 2 3 4 -1 8 18 59 9 58 23 -6 -13 24 15 -11 44 31 20 -20 21 22 42 32 25 43 39 29 -29 -28 33 -18 41 52 -33 36 37 38 -30 40 -7 -10 -2 -9 60 49 48 -48 -47 50 -22 -52 53 -23 -41 -25 -26 -51 -5 -8 -4 -34
right_child=6 -3 16 5 11 26 7 13 10 14 -12 12 -14 -15 -16 -17 17 -19 19 -21 45 30 -24 55 56 -27 27 28 35 -31 -32 34 61 -35 -36 -37 -38 -39 -40 54 -42 -43 -44 -45 -46 46 47 -49 -50 57 51 -53 -54 -55 -56 -57 -58 -59 -60 -61 -62 -63
leaf_value=-1.1245117350771272 -1.1230551813938572 -1.0538602511749779 -1.0993874499792484 -1.1221715536233849 -1.0554827711309012 -1.0553774841709473 -1.0892713967888596 -1.0883199410172713 -1.1067126762424599 -1.1286123119276519 -1.0546120287725875 -1.0605438735593244 -1.1083586985364147 -1.0711520089506885 -1.1082713211195514 -1.0605267570912738 -1.1092590978624055 -1.1200665802724301 -1.1229176785595185 -1.0517347924123881 -1.1124114166170496 -1.0588749671532267 -1.0518003573695276 -1.0608484634050812 -1.094612041580086 -1.1286123119276519 -1.0810409137160901 -1.1286123119276519 -1.0761199529994088 -1.1286123119276519 -1.1211527729004569 -1.0971453138745568 -1.1179933862664337 -1.1040953821370858 -1.0521014554390515 -1.1102622996546023 -1.0544181581878995 -1.0550264260689617 -1.1230651456720688 -1.1247261788940766 -1.1193580261350358 -1.0614447836217624 -1.0834326578676161 -1.0452205075031957 -1.0893422362839582 -1.0771013147465849 -1.1286123119276519 -1.0762048204862193 -1.1130128255141494 -1.0386123119276518 -1.064063207194734 -1.1093638793143279 -1.0446799210960436 -1.1115452945473603 -1.0880899848824719 -1.1037501766228335 -1.1269607721325028 -1.118178206748649 -1.0852331536757551 -1.0492153883085693 -1.1258976697799095 -1.0849377680915
leaf_weight=12.445564568042753 36.734061688184738 17.75046506524086 10.477516174316404 15.847200453281404 45.360733449459076 8.3622498512268084 5.1888974905014065 11.399327844381338 9.3214325010776538 4.5870234966278067 10.344688922166823 20.243123978376389 20.157980889081955 16.875056952238083 10.035694807767866 75.705241769552231 7.9109331071376792 29.859347343444824 8.9617699086666125 12.612866431474684 40.950941830873489 9.5134382247924822 5.3152136802673331 11.296730130910875 9.0059273242950422 9.3682988584041578 8.5822987556457537 11.921584427356718 10.694393336772924 22.545225352048874 6.8414407074451438 6.487303793430331 57.671364039182663 8.326327055692671 19.343474805355072 8.3434266746044141 16.508252918720245 9.0158855020999891 9.2000116109848005 52.529332906007767 16.543900340795517 8.3578173518180829 6.777474731206893 7.9557209014892569 9.096951097249983 23.777754694223404 22.868669927120212 4.868959814310073 9.8145527243614179 1.1340887546539296 9.4874736070632952 7.9539973437786093 11.552701830863951 5.9804232716560355 6.2970216274261466 6.1580383181571952 30.900856345891953 200.53408667445183 7.0587806701660147 17.997571766376495 56.398587197065353 5.8425331413745871
leaf_count=36 142 40 25 40 100 20 19 37 33 12 23 48 55 46 28 174 19 86 34 27 132 24 12 25 29 38 23 41 31 71 26 17 188 25 41 27 36 20 28 174 46 19 19 16 29 69 103 14 36 2 20 25 23 24 17 23 112 716 19 36 164 19
internal_value=-1.09861 -1.09404 -1.09515 -1.09163 -1.07613 -1.09541 -1.10416 -1.09105 -1.08773 -1.07768 -1.09818 -1.06911 -1.0844 -1.09996 -1.06929 -1.06442 -1.10777 -1.09571 -1.10745 -1.0813 -1.10881 -1.09666 -1.1098 -1.10275 -1.10705 -1.08952 -1.10487 -1.09698 -1.08821 -1.1155 -1.08146 -1.07416 -1.1085 -1.07379 -1.06341 -1.07925 -1.07355 -1.08448 -1.09783 -1.11398 -1.09788 -1.08531 -1.11688 -1.0706 -1.11786 -1.11226 -1.10198 -1.11941 -1.08759 -1.11468 -1.10414 -1.08472 -1.06446 -1.07921 -1.1208 -1.07598 -1.11966 -1.11773 -1.11079 -1.05818 -1.12174 -1.11495
internal_weight=1201 658.302 640.552 500.978 98.2074 402.77 542.698 108.692 222.227 113.234 108.993 85.7618 40.4011 85.5052 90.328 80.2923 139.574 63.6011 434.006 21.5746 412.432 91.0411 48.8268 98.6479 68.6301 28.7233 180.544 96.8111 65.6836 31.1275 42.2143 33.7417 81.1931 35.3729 25.8308 53.762 45.4185 28.9103 19.8944 83.7325 24.9062 17.6792 43.5115 19.355 75.9731 321.391 61.3299 27.7376 33.5923 260.061 58.3924 17.4415 27.0466 15.4939 58.8264 17.4548 39.9068 201.668 22.906 23.1865 66.8761 63.5139
internal_count=3603 1797 1757 1376 239 1137 1806 333 603 273 330 203 103 278 214 186 381 163 1473 61 1412 295 173 307 232 91 534 277 183 94 122 77 259 96 58 142 115 79 59 257 66 52 161 53 218 1117 222 117 105 895 177 45 71 48 191 48 141 718 59 55 189 207
is_linear=0
shrinkage=1


Tree=1
num_leaves=63
num_cat=0
split_feature=39 65 74 81 72 89 67 48 82 29 37 27 45 40 24 50 17 63 27 37 26 32 7 72 16 55 7 10 3 28 81 27 61 44 36 45 28 82 40 74 43 72 72 45 28 40 74 36 64 21 8 64 83 12 56 6 37 49 26 26 40 64
split_gain=25.8669 23.3926 14.5278 13.6994 16.3632 13.2486 15.623 12.7344 12.6819 12.4498 11.3911 16.2576 18.1559 13.9284 15.2779 13.3134 10.9772 10.9727 12.8034 13.3834 13.3967 13.1291 9.53824 9.39508 9.3671 8.75359 8.38702 10.4449 21.3603 8.03948 7.9132 8.98867 7.88949 7.64512 8.20202 7.45076 7.44453 7.41228 11.6489 7.3448 7.13826 12.4077 9.50172 6.73615 10.5511 6.70195 6.60662 6.47322 6.16422 5.89634 5.74293 15.1829 14.7259 8.00181 5.48097 5.23497 6.60243 10.37 5.54863 7.31281 5.08653 5.04536
threshold=-1.0000000180025095e-35 0.041651117886884713 0.0057366232080573011 41.586545858334581 38.808584947123215 186830840.00000003 77.455001831054702 0.11611549310954446 0.064042188351848467 -1.0000000180025095e-35 0.0035661666987681505 0.012565395126035701 80.90761684464826 110.814998626709 10203350.000000002 33.449998855590827 0.018594356579173854 46.265786882853853 0.013177542588400901 0.012359543319100401 -0.0066832129691504994 104.61480736261568 0.022114799421804904 65.049017329918073 0.39911037842078395 -0.14345938233546807 0.011201002206937203 20.832049369812015 13.816923448455347 0.10444264466479011 48.32592573416597 0.021178852224492905 1.6014999747276308 11045300.000000002 2.2738137735097443 21.107439571337768 0.10600655887174111 0.19710204777965104 156.16999816894534 0.0077241363280772012 121.7150001525879 53.192077937955794 71.040366061465775 56.483349500644273 0.12372138514156636 119.73500061035158 0.0049097006533725509 1.2844098579945469 -0.01000134284865205 89.298984056144178 0.10309917309595472 0.017964134375929305 0.0083974994003657519 283.20305349777658 0.042013445519587959 -0.097369102777716335 0.0048355165029086008 14.025000095367433 1.0791827725048828 -0.3194775667563014 172.3850021362305 -0.01000134284865205
decision_type=2 2 2 2 2 2 2 2 2 2 2 2 2 2 2 2 2 2 2 2 2 2 2 2 2 2 2 2 2 2 2 2 2 2 2 2 2 2 2 2 2 2 2 2 2 2 2 2 2 2 2 2 2 2 2 2 2 2 2 2 2 2
left_child=9 2 10 -3 49 6 -4 8 39 22 25 35 13 16 32 17 24 18 -16 20 40 -22 55 -21 30 54 45 46 -29 -11 -13 -32 -15 37 -35 -12 -23 -30 -39 48 -20 -42 -43 44 -31 -19 -28 -10 -8 -5 -37 52 53 -52 -2 -1 -57 -58 59 -59 -40 -7
right_child=1 3 5 4 -6 61 7 -9 47 29 11 12 -14 14 15 -17 -18 26 19 23 21 36 -24 -25 -26 -27 27 28 33 43 31 -33 -34 34 -36 50 -38 38 60 -41 41 42 -44 -45 -46 -47 -48 -49 -50 -51 51 -53 -54 -55 -56 56 57 58 -60 -61 -62 -63
leaf_value=-1.1197414889780686 -1.0837114177287788 -1.1120685174140545 -1.1037949649334413 -1.0777969784106805 -1.0560312367391904 -1.1160787275144288 -1.0856284655563981 -1.059309759502064 -1.0505531553363938 -1.1032664100508378 -1.0802023285376776 -1.103507308059803 -1.1192229160866509 -1.1202803244108956 -1.0386122577325887 -1.117416329878389 -1.1195832740050955 -1.0785750318705654 -1.1142787143620683 -1.0453937574223549 -1.098792138765843 -1.0386122577325887 -1.1240987970465981 -1.0980682260746568 -1.1213258664526065 -1.1001459104715532 -1.1286122577325888 -1.0431540082737836 -1.0997963704532419 -1.0494813715679188 -1.0880329946535399 -1.0386122577325887 -1.0915661267520498 -1.0636320245484094 -1.1027555480420406 -1.107954184867715 -1.0830710457884432 -1.0540303375292057 -1.1078785824642812 -1.0663891284515661 -1.102964158810424 -1.0386122577325887 -1.0896513103495971 -1.1059403081752481 -1.0988927279339156 -1.1183618391417458 -1.0906125534972912 -1.0887141350834357 -1.1126231858631412 -1.1127067059919007 -1.0557361709360376 -1.1213221438079712 -1.1046422065292198 -1.0980523213650948 -1.0455255055373431 -1.1173623581580623 -1.0710673923077465 -1.0883322408261116 -1.0820195564654107 -1.114109342128689 -1.0743275152923886 -1.0944621436958524
leaf_weight=25.681670308113098 6.2446296811103839 8.4741755127906782 25.420803189277649 10.00103282928467 27.524722576141357 16.778340578079224 13.453967809677126 25.539574384689331 11.449533581733705 71.215016007423401 10.497955381870268 13.960848450660707 27.996084094047546 23.135989129543304 6.4255839586257926 14.087164640426634 31.05433863401413 4.9031590819358852 14.671308636665342 12.634921193122866 8.8150150775909442 10.514591932296751 42.709471106529236 4.0161770582199088 9.6203013062477094 9.849845349788664 9.3174632787704486 9.4328952431678754 62.639228522777557 8.6369369626045245 10.364497661590574 4.8678666353225699 13.718174159526823 16.720589935779575 6.7774748206138602 240.06995040178299 5.002417564392089 9.3986960053443926 10.98773640394211 6.7592819929122916 22.547579765319824 6.036154627799986 7.1966709494590759 7.729516088962554 7.0758804082870475 17.09619927406311 7.3787184357643119 6.1491734981536856 17.53629732131958 7.7124164700508109 13.466171920299532 16.826930344104767 21.201676726341248 5.7344098091125479 7.3820576667785645 26.481430888175964 9.7450612187385541 13.051871299743651 8.6506973505020124 41.08324784040451 6.4564439654350272 23.091998875141144
leaf_count=58 22 21 72 37 125 41 47 112 54 199 39 40 65 53 33 33 68 18 36 62 27 54 88 12 22 29 19 47 185 41 35 25 45 71 19 636 18 43 30 28 64 31 24 21 21 38 24 21 44 19 61 37 59 17 36 63 39 44 31 102 25 73
internal_value=-1.09861 -1.09629 -1.09745 -1.07706 -1.07051 -1.08881 -1.08328 -1.07683 -1.08492 -1.10695 -1.09916 -1.09984 -1.09591 -1.09419 -1.09146 -1.08901 -1.10629 -1.08747 -1.07955 -1.08242 -1.08784 -1.06955 -1.11186 -1.0581 -1.09565 -1.0786 -1.09228 -1.08956 -1.08652 -1.09825 -1.08719 -1.07224 -1.10959 -1.09015 -1.07492 -1.10504 -1.05295 -1.09414 -1.08095 -1.09472 -1.09666 -1.08943 -1.06637 -1.08301 -1.07173 -1.10949 -1.11182 -1.06389 -1.1009 -1.093 -1.10592 -1.09738 -1.08741 -1.06837 -1.06302 -1.10767 -1.10454 -1.09986 -1.10433 -1.10789 -1.09546 -1.10356
internal_weight=1201 938.939 885.227 53.7123 45.2382 146.179 106.309 80.8878 55.3483 262.061 739.048 715.571 407.774 379.778 309.91 273.056 69.8679 258.969 97.8604 91.4348 74.7837 24.332 167.403 16.6511 38.8135 23.4765 161.109 139.109 122.413 94.6573 29.1932 15.2324 36.8542 112.98 23.4981 307.797 15.517 89.4821 26.8429 37.7495 50.4517 35.7804 13.2328 23.4423 15.7128 21.9994 16.6962 17.5987 30.9903 17.7134 297.299 57.2292 40.4023 19.2006 13.6267 124.694 99.0123 72.5309 62.7858 54.1351 17.4442 39.8703
internal_count=3603 2896 2694 202 181 492 378 306 194 707 2202 2115 1266 1201 1011 913 190 880 361 328 254 99 425 74 122 87 519 463 420 282 100 60 98 373 90 849 72 283 98 119 155 119 55 83 62 56 43 75 91 56 810 174 137 78 58 337 279 216 177 146 55 114
is_linear=0
shrinkage=1


Tree=2
num_leaves=63
num_cat=0
split_feature=47 87 29 73 68 61 59 67 59 75 70 47 48 64 6 34 29 8 27 35 89 69 74 82 47 6 15 89 18 72 27 56 17 3 6 43 16 5 64 65 42 41 41 25 10 51 73 66 64 73 14 43 27 65 25 66 54 64 17 72 48 5
split_gain=34.0191 41.383 23.7069 37.7706 25.1899 36.8078 22.7833 22.5382 22.0662 21.8671 21.6282 21.4066 18.906 17.2388 16.3564 14.4751 13.6389 13.0252 12.9113 20.7991 16.4174 18.5692 13.513 19.8539 13.4191 12.1216 12.0549 13.294 11.6553 12.0303 13.3722 14.6392 13.3677 12.0138 11.9919 11.5549 11.5409 11.4795 10.6445 9.97917 12.8284 10.8996 9.84489 9.58297 11.1213 9.03569 8.91753 14.5221 13.6712 12.0404 8.78387 8.58082 8.49807 7.87937 9.56917 7.85331 7.63712 7.41658 10.727 7.39059 7.68451 7.24366
threshold=0.012067218449033053 9.060212631456146 1.0000000180025095e-35 -0.29107038876050234 92.880001068115249 2.8355000019073491 2.6004999876022343 91.299999237060561 3.5555000305175786 1.1281973237715144 83.849998474121108 0.0057153220028471506 0.10443563130136012 0.010144667377418452 -0.75400425204841059 289412700.00000006 -1.0000000180025095e-35 0.089456613505621563 0.018780949046651802 37.926204776626911 59005650.000000007 99.075000762939467 0.0048251417622904016 0.21061350573337909 0.0092570950775829018 0.52839850891957607 84.941654581866544 40842800.000000007 0.052128451235152959 31.791014350330595 0.010849805464199053 0.041303984937537154 0.014261209457890002 16.560256917085546 0.066808276181234263 114.189998626709 0.22491888656329448 44.523499252043614 -0.0094375280917042472 0.012897652028512452 113.82999801635744 121.47500228881837 93.564998626708999 64.468845877476909 246.64902496337896 15.184999942779543 0.3500141626679607 0.23675982610530402 0.0093569489347312528 0.16242538971282983 33096100.000000004 86.534999847412124 0.01212651825906485 0.025384970886139405 69.119569524724753 0.27941162795734248 48.758331736410547 0.025251996986419254 0.008929592931289301 57.106963494782264 0.11625339051104962 83.376373707226364
decision_type=2 2 2 2 2 2 2 2 2 2 2 2 2 2 2 2 2 2 2 2 2 2 2 2 2 2 2 2 2 2 2 2 2 2 2 2 2 2 2 2 2 2 2 2 2 2 2 2 2 2 2 2 2 2 2 2 2 2 2 2 2 2
left_child=1 8 4 7 6 11 9 -4 10 25 17 39 16 -9 -5 -14 42 56 20 -20 21 22 23 36 -21 61 27 -25 29 -8 33 -32 34 -31 55 -7 53 -34 -37 41 -41 -6 -2 44 -27 -36 47 49 -49 -22 -18 -17 -23 54 -13 -33 -1 58 -42 60 -29 -3
right_child=12 2 3 14 5 35 28 13 -10 -11 -12 18 15 -15 -16 51 50 -19 19 24 46 52 -24 26 -26 43 -28 59 -30 30 31 32 37 -35 45 38 -38 -39 -40 40 57 -43 -44 -45 -46 -47 -48 48 -50 -51 -52 -53 -54 -55 -56 -57 -58 -59 -60 -61 -62 -63
leaf_value=-1.0727686727366406 -1.0594558296495447 -1.1217760099362935 -1.0604071523773226 -1.0804538513274897 -1.0694253245921288 -1.0834080002548272 -1.1153569068300631 -1.1157844023802748 -1.1086646257181549 -1.0588965871120812 -1.117973493217544 -1.1286122963440894 -1.1203939172741224 -1.061014733572472 -1.1161868642660702 -1.0760620047142513 -1.0757727458915551 -1.1078600438517789 -1.1141470645883467 -1.0475716017646419 -1.1151790422881964 -1.0444668608244514 -1.109061748344393 -1.1261460836560095 -1.0914633999399166 -1.0702994787876219 -1.0645909481225433 -1.0646305827610008 -1.1286122963440894 -1.0435811143217386 -1.1247843781102225 -1.1134352248195574 -1.0865171003818606 -1.0895847824861815 -1.0913251824935766 -1.0941906481401824 -1.0580356015063128 -1.1286122963440894 -1.1262843152080142 -1.1286122963440894 -1.0890927416570078 -1.1219460435549549 -1.1066616272885477 -1.1286122963440894 -1.1139097494293577 -1.0553572874322501 -1.1235772256756325 -1.1121396164465516 -1.0515859251540927 -1.0740960012657099 -1.1075783762008544 -1.1079286290797281 -1.0813034870306981 -1.0681471687279243 -1.0776774320224036 -1.0757727458915551 -1.0526456701118192 -1.0386122963440894 -1.0550875485929496 -1.121072394754282 -1.1050976696198354 -1.0888838551036677
leaf_weight=32.988542288541794 12.389833211898805 87.735639750957489 21.356498420238495 12.454429566860197 7.9622319638729078 10.425124138593672 16.160164266824722 20.038451135158542 17.181697130203247 6.7597447335720053 8.0538861155509931 6.5519001483917254 114.68451243638992 6.9715590178966513 155.15625014901161 10.59830668568611 8.9187056720256788 6.1933307349681845 8.885136812925337 19.55990901589394 35.081626266241074 11.710232943296434 30.678728878498077 17.371516495943069 9.2259762287139875 13.224423229694372 7.360988348722457 10.043929427862173 8.0241193771362287 10.580576688051226 11.191946059465407 11.29120445251465 12.21284854412079 9.8796118795871717 9.1917769908905047 12.446194946765898 24.281020522117615 11.156653642654417 36.806015074253082 2.6576068401336661 13.008806824684141 6.4266771376132965 5.8552002608776084 6.7124155759811392 8.7417210042476636 19.884279191493988 17.017379581928253 5.2015646100044242 9.4553529322147352 7.8585410714149466 63.140749663114548 26.926758199930191 10.86694550514221 10.628073424100874 6.7288848161697388 8.9187056720256788 34.965288102626801 10.472453296184538 23.307447195053101 5.6820177137851706 7.2876945734024039 6.4702041745185843
leaf_count=92 29 264 51 38 25 30 49 56 48 15 27 26 431 18 445 28 28 16 26 47 105 25 101 61 32 40 20 28 24 24 35 35 32 32 28 38 65 42 102 6 38 22 20 23 31 53 52 20 24 24 203 87 27 31 23 28 90 22 60 22 24 15
internal_value=-1.09861 -1.09607 -1.09819 -1.10679 -1.0953 -1.09044 -1.10256 -1.08344 -1.07774 -1.11143 -1.07128 -1.08647 -1.10865 -1.10165 -1.11353 -1.1151 -1.09778 -1.06621 -1.09027 -1.07402 -1.09301 -1.08726 -1.09173 -1.08619 -1.06164 -1.11432 -1.0999 -1.10633 -1.0936 -1.09127 -1.08754 -1.09285 -1.08793 -1.06579 -1.07907 -1.1121 -1.0726 -1.10661 -1.11817 -1.07089 -1.0645 -1.09288 -1.07461 -1.09724 -1.08765 -1.06673 -1.1045 -1.09886 -1.07308 -1.10766 -1.10364 -1.09893 -1.0622 -1.0874 -1.10281 -1.09681 -1.06241 -1.06085 -1.06727 -1.09138 -1.08165 -1.11952
internal_weight=1201 958.486 859.103 215.977 643.126 384.99 258.136 48.3665 99.3827 129.644 82.201 325.313 242.514 27.01 167.611 152.21 90.3045 74.1472 261.477 37.671 223.806 149.192 126.615 95.936 28.7859 122.884 47.7461 40.3852 128.492 120.468 104.308 83.8474 72.6555 20.4602 49.286 59.6773 48.1899 23.3695 49.2522 63.8352 49.4463 14.3889 18.245 28.6786 21.9661 29.0761 74.6145 57.5971 14.6569 42.9402 72.0595 37.5251 22.5772 23.9089 13.2808 20.2099 67.9538 46.7887 36.3163 23.0136 17.3316 94.2058
internal_count=3603 2777 2504 608 1896 1126 770 125 273 388 225 956 826 74 483 546 280 198 783 105 678 453 401 300 79 373 155 135 382 358 309 253 218 56 144 170 145 74 140 173 126 47 49 94 71 81 225 173 44 129 231 115 52 80 49 63 182 120 98 74 52 279
is_linear=0
shrinkage=1


Tree=3
num_leaves=63
num_cat=0
split_feature=47 64 50 64 6 5 47 24 73 17 69 6 64 56 70 8 25 65 65 16 15 73 27 61 60 50 50 63 69 40 27 50 65 75 17 75 19 75 56 56 5 16 5 72 59 50 83 88 7 73 10 56 39 3 52 83 27 72 25 54 55 59
split_gain=32.4038 30.2789 29.7378 30.6239 34.7965 30.4372 24.3481 25.4682 26.3971 22.577 20.7812 18.6286 18.0925 35.0473 18.0825 23.9272 17.4976 15.3472 14.7286 20.4603 14.2297 13.8095 16.7017 25.2554 14.63 13.2838 12.4856 12.2517 11.2667 11.2662 21.9155 32.8125 23.6696 11.6052 12.1394 27.2143 14.3426 13.8213 12.3679 20.4201 11.2517 10.974 10.6908 10.0028 17.4489 9.88336 9.88114 23.8546 9.55481 10.7933 9.31637 8.9781 8.82841 8.67523 8.71938 8.58861 8.31781 8.16684 8.08609 7.98421 8.48556 7.7994
threshold=0.0088589061383169011 0.12085321723248652 21.595000267028812 -0.031761040654365295 -0.39680513649239113 61.41250033473532 0.0063809997520582508 14810000.000000002 0.028659945287337455 0.019322327607928302 96.094997406005874 -0.34270594444393898 -0.010698836982186398 0.084341189571977768 92.325000762939467 0.097914316938256959 28.292834097731767 0.012063996049365752 0.014173798222140151 0.24776239905124517 77.393341831219985 0.0041361997667408003 0.0093867116368327019 1.8475000262260439 2.279500007629395 23.800000190734867 23.389999389648445 65.020721649463226 72.069999694824233 119.17499923706056 0.034874705246582212 31.805000305175785 0.038251188784491158 1.0686297415666342 0.011723100827691402 1.0834547903789631 -1.0000000180025095e-35 1.0838196836969536 0.052108052297482506 0.094432426688596111 56.918074406712158 0.39308163536088442 49.909684328241994 43.601094348055021 1.6955000162124636 16.785000801086429 0.0049759487765487507 19.484497098664754 0.014991861677296051 0.057430369777421157 85.454742431640639 0.12617508160413993 1.0000000180025095e-35 17.92042347538462 16.515000343322757 0.0064703770346220503 0.016679323294280554 45.469178769617024 82.615906020832639 38.910321404711809 -0.32444056455965853 2.5904999971389775
decision_type=2 2 2 2 2 2 2 2 2 2 2 2 2 2 2 2 2 2 2 2 2 2 2 2 2 2 2 2 2 2 2 2 2 2 2 2 2 2 2 2 2 2 2 2 2 2 2 2 2 2 2 2 2 2 2 2 2 2 2 2 2 2
left_child=1 2 3 4 -1 6 7 8 50 18 11 26 51 25 -6 -16 -12 -10 -8 40 28 46 24 -24 -23 -14 42 45 -13 30 -30 -32 -33 -31 35 55 53 -38 -39 43 56 -41 -2 -40 -45 -25 47 -7 49 -46 -5 -4 -27 54 -36 -35 -20 -28 -48 -21 -61 -9
right_child=10 -3 12 5 14 21 9 61 17 -11 16 20 13 -15 15 -17 -18 -19 19 59 -22 22 23 27 -26 52 57 -29 29 33 31 32 -34 34 36 -37 37 38 39 41 -42 -43 -44 44 48 -47 58 -49 -50 -51 -52 -53 -54 -55 -56 -57 -58 -59 -60 60 -62 -63
leaf_value=-0.025505325052059855 -0.024062384800659125 0.042742357040736444 -0.022715336057411908 -0.024881341436481189 0.041257963409642474 0.041569598619654882 -0.02536078961762863 0.040983853929626265 -0.0027018842386196868 0.042122426096908049 0.012292433325616851 0.037657841593716365 -0.010517638635191102 -0.021046022261683155 0.036562487410152653 -0.0094973169953355609 -0.025360589170567178 0.040941687119569151 -0.023407949722151041 0.052493881243175937 -0.02465806041626576 0.016064852424889954 -0.029650991078489963 0.033111462158134028 -0.029632638445040809 0.04642964809183122 0.057739869194640664 -0.010407752665103498 -0.018364892994852122 -0.023607326951859804 0.037243250555868662 -0.022667885817527666 0.021463948291479792 0.045604457034924099 -0.0045855388662569161 -0.024051400658839782 -0.02342546048266388 -0.011020415639120493 0.041354818523466133 -0.029795732741372073 0.030142454327871347 0.023224473145417812 0.030757505565248516 -0.017193781370005105 0.031096705609611964 -0.0020369449237622574 -0.025713213483247867 -0.020375741679633338 0.041022837817573356 -0.016794730339959381 0.012766349191534984 0.0090244643041202232 0.0096904768642109926 -0.005072355428784074 0.044329229232695978 -0.0027481591579682991 0.016702440271474637 0.01875609790489469 0.010218582374149496 -0.0093470139931989184 0.025118380230918686 0.012420984355568702
leaf_weight=12.296754539012907 8.7728744000196439 18.089193180203438 66.092737406492233 20.424152255058292 46.179563537240028 8.4964437633752841 22.586536973714828 42.850823879241943 11.156135171651842 10.53059162199497 13.233129635453222 5.9902049005031577 7.889818623661994 29.533548578619957 20.552223056554794 20.056114450097084 69.155146867036819 20.719103500247002 31.535501778125763 5.5468057096004477 29.839990094304085 8.8281173259019869 11.777157038450239 34.59936112165451 22.063463285565376 17.244902819395065 7.5096588134765652 10.417905807495115 102.39671257138252 16.256127864122391 18.855287238955498 35.428050503134727 15.822773754596708 8.0619377791881544 4.0239994674921098 35.470705464482307 16.013331606984138 27.124719560146332 15.681338354945181 13.190230146050455 5.0757451206445685 4.7889761775732032 5.0416088551282874 12.163839772343634 9.1771889626979846 9.092101112008093 51.885129913687706 16.383809015154839 16.499006345868111 7.8649511635303488 8.3279530704021436 9.1286433935165388 8.9374754428863543 6.1491644084453574 17.734505504369736 5.6045963764190665 5.4584446996450415 13.586876496672629 6.3236690312623969 9.8551671653985995 18.494268625974655 10.765618801116942
leaf_count=36 39 40 189 51 100 20 78 92 34 23 38 15 19 86 48 55 264 45 116 11 114 24 41 88 70 36 13 30 358 54 42 114 46 18 14 131 66 95 35 48 13 15 13 50 26 24 174 46 39 34 22 29 22 23 40 23 17 39 17 27 45 29
internal_value=-1.40553e-06 0.00446524 0.00338522 0.00678207 0.0217249 0.00310988 0.0105072 0.0201865 0.00686604 0.000369883 -0.00543951 -0.00294958 -0.0089046 0.00287297 0.0284168 0.0138139 -0.0193128 0.0256667 -0.00409149 0.0022324 -0.00468342 -0.00607473 0.00162751 0.0101612 -0.0165733 0.0236058 0.018115 0.0188265 -0.00317176 -0.00380162 -0.00951713 0.00340587 -0.00904297 0.000767059 0.00275271 -0.0101931 0.00698193 0.00256031 0.00646788 0.0124448 -0.0117428 -0.0156732 -0.00405581 0.0206802 0.0135868 0.0257972 -0.0150459 0.000778187 0.0247495 0.0089948 -0.0139768 -0.0188635 0.0338886 0.0263911 0.035283 0.0257752 -0.0174897 0.032633 -0.0218097 0.0195775 0.0131371 0.0352487
internal_weight=1200.63 659.195 641.106 502.279 99.0847 403.194 223.327 114.244 60.6273 109.083 541.437 459.049 138.827 63.6057 86.7879 40.6083 82.3883 31.8752 98.5525 75.9659 424.138 179.867 96.7781 65.8865 30.8916 34.0722 34.911 54.1094 394.298 388.307 172.503 70.1061 51.2508 215.805 199.548 49.1372 150.411 122.504 106.49 79.3655 42.0697 17.9792 13.8145 61.3863 45.705 43.6915 83.0891 24.8803 33.5411 17.0421 28.7521 75.2214 26.1824 27.9077 21.7585 13.6665 36.9939 21.0965 58.2088 33.8962 28.3494 53.6164
internal_count=3603 1797 1757 1376 239 1137 603 273 152 330 1806 1504 381 163 203 103 302 79 307 229 1400 534 277 183 94 77 104 142 1286 1271 560 202 160 711 657 172 485 408 342 247 146 63 52 184 149 112 257 66 99 60 73 218 58 77 54 41 133 52 191 83 72 121
is_linear=0
shrinkage=0.03


Tree=4
num_leaves=63
num_cat=0
split_feature=47 38 47 2 39 65 47 4 17 45 52 37 89 74 51 6 36 74 18 51 73 75 47 74 47 59 29 68 1 42 6 15 14 27 6 4 80 25 74 6 42 45 7 38 75 37 59 65 7 74 84 15 18 26 6 56 15 28 27 27 29 25
split_gain=94.9975 21.7226 18.4726 18.0149 15.0248 14.1128 16.4936 16.2745 13.2179 13.0441 12.2323 11.7178 16.2717 11.2266 10.9052 10.1087 11.0303 9.76474 9.72306 8.57006 8.25232 8.24564 8.22571 11.3598 17.5505 8.44085 8.14674 8.14537 7.48562 13.9382 13.3459 10.9087 9.78841 7.58465 7.41594 7.35166 7.15512 7.15193 10.0482 7.08449 7.64047 6.84255 10.3446 6.85953 7.24071 6.70746 11.1284 6.76087 8.34161 6.6259 6.40468 6.31501 6.15713 5.9095 8.809 16.6332 5.88288 5.86754 5.54948 9.10524 7.13507 5.86604
threshold=0.0084911684485917526 0.11939318069228251 0.012971486261380252 21.496357271096915 -1.0000000180025095e-35 0.012897652028512452 0.0072540624584990004 310678200.00000006 0.011179059957102852 79.061895855683304 15.565000057220461 0.0055883110835088009 186830840.00000003 0.0028947224748665508 17.214999198913578 -0.11832978474448413 0.16295350075193937 0.0060121337923491015 0.033220046220579551 26.914999961853034 -0.45369331085957038 1.1086744349552753 0.0061628566499444008 0.0024846947205709505 0.006571468893265201 1.3594999909400942 1.0000000180025095e-35 82.930000305175795 27.21474875178011 122.66500091552736 0.082820237600557775 40.370414699852923 24511050.000000004 0.011295486406969351 3.688026707896356 791400400.00000012 15272900.000000002 48.885216153211736 0.0051679516731021509 0.37111899068496795 173.97499847412112 48.320508735272988 0.015521584057559502 0.11266436049746616 1.0788617345911122 0.0084828946021819514 2.0130000114440922 0.032550840199012561 0.017853853352360703 0.0033316080416212505 0.042038544334179709 81.202166819120691 0.026933648717808404 0.54251188414805196 -0.076931409973742537 0.062059763747894105 57.489630707138147 0.092757741823842763 0.012565395126035701 0.009791510350126301 -1.0000000180025095e-35 78.059003645368705
decision_type=2 2 2 2 2 2 2 2 2 2 2 2 2 2 2 2 2 2 2 2 2 2 2 2 2 2 2 2 2 2 2 2 2 2 2 2 2 2 2 2 2 2 2 2 2 2 2 2 2 2 2 2 2 2 2 2 2 2 2 2 2 2
left_child=5 4 8 10 21 6 51 -8 13 11 -4 -6 15 56 -15 16 -13 39 20 -19 52 35 50 24 -24 -25 -20 41 31 30 -30 37 33 -32 53 -2 -12 38 -27 49 45 -22 57 44 -44 46 -41 -47 -49 -10 -7 58 -17 -31 -55 -56 -3 -43 59 61 -60 -1
right_child=1 2 3 -5 9 22 7 -9 17 -11 36 12 -14 14 -16 18 -18 19 26 -21 27 -23 23 25 -26 28 -28 -29 29 34 32 -33 -34 -35 -36 -37 -38 -39 -40 40 -42 42 43 -45 -46 47 -48 48 -50 -51 -52 -53 -54 54 55 -57 -58 -59 60 -61 -62 -63
leaf_value=0.0083772821331173208 -0.0057151239083769335 -0.01074269736686892 0.043597952716022764 0.046980383559376081 -0.010955783806130511 -0.01767653330695735 0.046904756350002991 -0.012861236730536725 0.014044102883407286 -0.016099820566295536 -0.016011186092733137 -0.0052788698863905931 -0.0038421506531094605 0.047823765803135222 0.0053386462201101192 0.053680162134219528 0.041316709829854643 0.049085348925958228 0.052202917931935544 0.0045512585227487365 -1.4852394689028482e-05 -0.019269850453969364 -0.016037650026364175 -0.028871345409498532 0.042058339751521505 -0.019769104044692967 0.0076527347786278701 0.030538051894261113 0.042909392741551748 -0.019189886924072815 0.0060922744660136694 -0.017197600166444858 -0.011724190497179359 0.050240710455803715 0.017713489806480295 0.023113802572146343 0.016720572851342302 0.034517253462506031 0.02746233673215881 0.050602480109182578 -0.0074901569251792192 0.053616835326499607 0.0021057554261174963 -0.02153311987215753 0.047697875327575009 -0.011987783117094072 -0.00020350097744786547 0.0024886754533323305 0.050705796556533206 -0.0050335935822939867 0.0056988308529749374 0.023731590000844752 0.011803443896898944 -0.016631197550825226 -0.014183994357458986 0.046964526398292974 0.028054253255130682 0.014679555714645328 -0.016512158510226319 -0.022212402018309919 0.015963493032866333 -0.021211607301221239
leaf_weight=22.823323130607609 40.540719047188759 9.1336928158998472 9.457636430859564 27.867811918258667 23.978350684046745 158.17250700294971 12.25114990770817 6.1635090857744208 21.067204743623734 20.380162239074707 10.062433883547785 30.422755718231201 49.679436922073364 20.402621343731884 7.4132757931947699 8.5506194382905942 5.3810933679342261 8.6135122328996641 13.370115756988527 7.0903351157903662 38.958297446370125 33.406359657645226 8.8402824252843875 18.66258779168129 9.9443606287240964 12.128423079848295 5.1047304868698111 19.299404233694077 9.0951128304004651 49.156042978167534 11.672906503081323 107.90696810185909 20.177323311567307 5.0034471005201331 8.0394390374422056 9.9063992053270322 14.927146866917608 5.7018693685531607 6.0891401767730704 11.476956710219385 12.466116324067114 8.555275544524191 10.354965761303903 6.259784221649169 4.4963510185480109 8.756595119833948 5.8619187772274008 8.0232247710227949 5.4042417705059043 73.714704126119614 11.303152501583098 6.842962995171546 5.0121859014034262 19.749150633811951 8.932930991053583 7.2552024573087683 5.7206248193979254 5.8750088214874259 9.1384472995996493 32.214795172214508 18.244587242603302 8.1955307275056821
leaf_count=75 112 24 43 130 62 375 57 15 74 50 24 86 142 96 24 42 24 41 65 22 118 78 22 37 45 28 17 79 41 113 38 258 52 24 29 38 54 24 24 55 33 42 32 14 21 22 18 25 26 208 37 26 17 47 23 34 23 21 23 71 65 18
internal_value=1.87247e-06 0.00834741 0.0147418 0.0290468 0.00331038 -0.00853044 0.00086216 0.0269007 0.0103964 0.00692446 0.0145385 0.00891869 0.0111738 0.0252559 0.036501 0.0157889 0.00172415 0.00649396 0.0197907 0.0289781 0.0163314 -0.00770936 -0.0108081 -0.00789006 0.0147177 -0.00935663 0.0398934 0.0131687 -0.00801228 -0.00315727 0.0103636 -0.0131345 0.00233161 0.0193382 -0.00982803 -5.39313e-05 0.00354063 0.00519522 -0.0039822 0.00408826 0.0129877 0.00866916 0.018188 0.00480689 0.0159091 0.0194467 0.033426 0.0085206 0.0218949 -0.000793188 -0.0161175 -0.00405773 0.0382045 -0.0124301 -0.00318387 0.0132216 0.0041986 0.0377643 -0.00615625 -0.0110418 0.0051255 0.000559564
internal_weight=1200.7 606.992 267.46 62.315 339.532 593.705 115.874 18.4147 205.145 255.679 34.4472 235.298 211.32 42.6702 27.8159 161.641 35.8038 162.475 125.837 15.7038 107.362 83.8535 477.831 308.355 18.7846 289.571 18.4748 93.7991 270.908 139.082 45.9488 131.826 36.8537 16.6764 93.1328 50.4471 24.9896 23.9194 18.2176 146.771 51.9891 74.4997 35.5414 21.1111 14.8513 39.5229 17.3389 22.1841 13.4275 94.7819 169.476 97.4596 13.5628 85.0933 35.9373 16.1881 14.8543 14.4303 90.6167 63.2336 27.383 31.0189
internal_count=3603 2002 942 251 1060 1601 350 72 691 832 121 782 720 167 120 578 110 524 468 63 386 228 1251 839 67 772 82 327 735 401 155 334 114 62 246 150 78 76 52 461 179 248 130 67 53 146 73 73 51 282 412 278 59 217 104 57 47 63 252 164 88 93
is_linear=0
shrinkage=0.03


Tree=5
num_leaves=63
num_cat=0
split_feature=47 86 29 68 59 4 59 59 75 40 70 26 47 16 86 35 52 63 89 26 74 59 56 77 65 17 4 47 40 47 6 14 37 44 47 25 10 26 2 27 37 26 35 86 54 27 66 64 56 45 14 8 31 35 26 36 82 16 47 54 5 6
split_gain=32.4666 37.9005 23.097 22.6428 33.2875 26.6741 22.0815 21.1533 20.5484 17.8819 17.4599 17.4357 16.3214 19.6008 18.2333 16.7287 15.1182 13.1142 15.0239 13.0866 12.9723 11.8436 11.7666 11.734 12.9499 12.2043 11.5091 17.6383 11.4899 12.8449 11.4744 10.9818 10.6025 12.1284 9.68105 9.19515 10.5031 8.97262 8.66807 9.21876 15.8282 15.9911 9.72963 11.6111 8.35673 11.8117 8.31152 8.17581 8.04908 7.86496 8.79662 13.4173 9.92047 7.75435 7.58148 7.45744 8.73854 7.43665 7.21116 7.05915 8.92404 8.66131
threshold=0.012067218449033053 9.1962400726849829 1.0000000180025095e-35 92.880001068115249 2.8615000247955327 101908000.00000001 2.6004999876022343 3.5555000305175786 1.1281973237715144 85.505001068115249 83.849998474121108 0.64514694388011773 0.0054175983051010009 0.21014099812034548 9.9884260335980937 66.146016030732895 17.775000572204593 34.513786755639956 65367885.000000007 -0.43781382334103108 0.010971971937494452 3.6525000333786015 0.16476387009452598 9.2209447625924241 0.016742759245385853 0.011022864298979451 113795200.00000001 0.0071163853615464007 113.87500000000001 0.0058299321573720012 0.52839850891957607 33690100.000000007 0.011705284524042701 5891150.0000000009 0.010378654393616302 64.468845877476909 246.64902496337896 -0.082509369418307388 24.467989070751941 0.018780949046651802 0.0079185747704591022 0.27109364446811496 53.659974624397954 23.846332774238995 48.758331736410547 0.018362683875750952 0.23488015455325142 -0.0055852055404789491 0.097990921908437112 41.367318886157101 33096100.000000004 0.078004239389212818 80.952091947765823 64.875349283451129 0.089869687406265414 3.4993591345935617 1.0674627407703776 -0.062797746853092834 0.010589430717153953 57.083729006780125 83.376373707226364 0.017416674821896003
decision_type=2 2 2 2 2 2 2 2 2 2 2 2 2 2 2 2 2 2 2 2 2 2 2 2 2 2 2 2 2 2 2 2 2 2 2 2 2 2 2 2 2 2 2 2 2 2 2 2 2 2 2 2 2 2 2 2 2 2 2 2 2 2
left_child=1 7 3 6 5 32 8 10 30 20 44 19 15 14 -14 -4 -16 28 34 -8 21 -2 49 -21 25 57 -6 -28 -7 -30 59 -27 33 53 38 36 -32 -35 -19 40 41 -40 -43 -44 45 -1 47 -39 -18 50 51 -11 -52 -5 -23 -15 -57 -25 -47 60 -3 -61
right_child=9 2 12 4 26 17 11 -9 -10 22 -12 -13 13 55 16 -17 48 18 -20 23 -22 54 -24 24 -26 31 27 -29 29 -31 35 -33 -34 37 -36 -37 -38 46 39 -41 -42 42 43 -45 -46 58 -48 -49 -50 -51 52 -53 -54 -55 -56 56 -58 -59 -60 61 -62 -63
leaf_value=-0.0058296547901804533 0.039857347632947987 -0.027242149011958677 -0.0053125958188597845 0.043247591839319754 -0.022885537906044907 0.045778325622858745 -0.010915522748868827 -0.011154364832455388 0.038047562979206938 0.036395379794429118 -0.017909820202282479 -0.02109006588056098 0.033372427084107315 -0.022462934781470247 -0.018995246075863829 0.046251185738398995 0.020681268994279776 0.035664900976341458 -0.012628455255530687 -0.023406288179569027 -0.024747703279803249 -0.01630809056615859 0.013253375503579983 -0.0033844426926406827 0.035233379437730541 0.019684721608225025 0.024995057750612712 -0.029712590558707248 0.039233155746167821 -0.0017854086015459169 0.027275842106714035 -0.016742064534408973 0.041666573323103605 -0.014416973292111904 -0.024587515168677816 -0.029678727052982707 -0.015073444213607972 0.027127348330674487 0.048712018642651046 0.034034382278675161 -0.015529419724311395 0.026975916794057864 -0.017331002660666252 0.018894117581453075 0.041328465176828234 0.040900801732391377 0.034493189479614411 -0.0038836746433598864 -0.012447597759809139 -0.019644919907889934 0.017236867192447696 -0.022431022244110869 -0.019062318018462594 0.017105619342072279 0.023360044471479265 0.01794468180452842 -0.021516468477112211 0.033801226603145065 0.005746454925540611 0.016352728806358133 0.0095242974984779873 -0.029675279936429752
leaf_weight=10.562369525432585 12.824080646038057 70.448619470000267 13.980210453271868 22.086100399494171 37.269616052508354 11.238265857100485 22.510431498289108 16.048939093947411 6.8721398413181296 9.0224554836750013 7.2314446568489066 19.588495284318924 12.798141360282896 93.317549660801888 35.608688950538635 9.5176561027765256 20.275222390890125 10.401124328374861 49.561234012246132 6.7546285986900321 8.1137024015188199 9.4523491114377993 13.904126107692717 6.3802979141473797 26.113846689462662 12.061103835701944 14.001470178365709 8.5385172814130765 9.8435212373733503 22.752275943756104 13.378489762544637 19.477174803614616 21.983189523220062 11.071350276470183 7.9873059988021842 6.6374177932739249 8.6971103549003583 11.95603477954864 9.1979588717222196 9.9722242057323438 26.665502518415451 13.479561895132063 20.42845906317234 13.05073446035385 35.764059364795685 19.835605025291446 14.518900379538534 21.251612901687626 9.7863792032003385 126.52335749566555 8.1682508289813978 5.6902182549238196 39.758535161614418 18.99460606276989 8.0114716589450818 9.8123306781053561 10.407534763216971 20.052943900227547 7.1426228135824195 9.2891363352537137 6.4888270348310462 6.0928143411874762
leaf_count=30 33 211 32 55 102 28 67 46 15 26 25 61 34 272 106 22 56 28 150 24 23 31 40 21 69 34 40 29 23 76 40 61 56 36 32 23 31 36 22 27 82 37 66 37 92 53 38 71 35 458 29 24 145 55 17 21 30 53 22 26 15 24
internal_value=-4.66974e-07 0.00247474 0.000479271 0.00331222 0.0079239 0.0116936 -0.00351662 0.0202962 -0.0124154 -0.00983269 0.0265635 0.00504513 -0.00802724 -0.0109155 0.000614383 0.015573 -0.00576966 0.005075 0.00110856 0.00956165 0.00894069 0.0179653 -0.0133829 0.014636 0.0176919 0.00979018 -0.0126513 0.0042709 0.0196203 0.0106017 -0.0152806 -0.00281146 0.0228048 0.0186534 0.00723202 0.00128249 0.0105915 0.00991513 0.00969484 0.00678392 0.00350282 0.0125401 0.005455 -0.00320986 0.0309508 0.0210642 0.0155596 0.00728149 0.00989636 -0.0153407 -0.00664687 0.0136439 -0.0128758 0.0311603 0.00188954 -0.018884 -0.00236669 0.0248256 0.0315935 -0.020432 -0.0241413 -0.00187904
internal_weight=1200.65 959.182 862.597 647.093 386.25 326.44 260.843 96.585 127.905 241.469 80.5361 132.939 215.504 192.006 78.4684 23.4979 65.6703 204.578 160.744 113.35 38.4016 30.2879 203.067 90.84 84.0854 57.9715 59.8096 22.54 43.8341 32.5958 121.032 31.5383 121.862 99.8786 111.183 28.713 22.0756 58.7979 103.196 92.7944 82.8222 56.1567 46.9588 33.4792 73.3047 37.5406 47.7265 33.2076 30.0616 189.163 62.6395 14.7127 47.9268 41.0807 17.4638 113.537 20.2199 26.4332 26.9782 92.3194 76.9374 15.382
internal_count=3603 2777 2509 1901 1126 955 775 268 385 826 222 390 608 554 231 54 197 608 481 329 104 81 722 262 238 169 171 69 127 99 370 95 347 291 331 94 71 181 299 271 244 162 140 103 197 105 145 107 91 682 224 50 174 110 48 323 51 74 75 276 226 50
is_linear=0
shrinkage=0.03


Tree=6
num_leaves=63
num_cat=0
split_feature=47 66 50 89 46 19 86 88 47 17 42 55 27 17 56 26 42 59 37 72 83 7 40 48 26 25 67 7 59 47 17 11 37 36 27 81 47 43 82 56 70 75 49 37 17 50 63 35 4 27 35 37 56 7 36 16 26 37 66 27 37 47
split_gain=30.4448 26.8197 35.4373 25.9104 24.1684 30.9555 22.9287 27.1253 31.4142 27.1525 24.7928 23.8495 24.6193 17.5517 16.6188 29.2008 16.7752 15.6731 26.7309 17.9986 14.5428 14.172 14.0337 13.5446 12.9711 12.2213 13.7352 10.9223 13.5677 12.0996 11.7659 10.7052 11.6261 16.1897 16.5828 10.5506 10.8068 10.1146 15.669 11.5529 9.53552 12.2705 21.6164 12.0049 12.1127 8.90795 9.99331 8.60961 8.22315 8.05319 8.53073 9.38022 10.5195 7.7243 11.9676 9.23921 7.11904 6.87028 6.72985 6.3293 6.29202 5.77106
threshold=0.0088589061383169011 0.36863001034595072 21.595000267028812 66360800.000000007 1.6190837944837997 -1.0000000180025095e-35 16.394987953018894 9.9622907796769322 0.0060776103069141007 0.015817901128420003 168.92499542236331 0.78004188136688779 0.0093026332250242521 0.0079109780340408508 0.064486110642795913 0.47225076875580291 178.18000030517581 3.9600000381469731 0.012650034681907002 38.669276298420478 0.010754051745443352 0.017368197594060452 178.54499816894534 0.12788068392978766 -0.074128890775412473 70.42389603421654 99.604999542236342 0.0094807944977282517 3.1004999876022343 0.0080404364954534523 0.0099858116547338026 47.153256729127058 0.007025624684742101 0.54888328434834233 0.011679230566317851 27.729927563280608 0.016310357116621203 161.69000244140628 0.27492166922182909 0.15999023689691108 93.490001678466811 1.1073519288545486 21.164999961853031 0.0084063213224064518 0.012145129307075902 30.224999427795414 56.574546101990435 60.329803450584087 137199000.00000003 0.025548822756435507 31.00103235117956 0.009661023583352803 0.12113621787449021 0.012077957878246252 1.4813425646549379 0.52624987635527287 0.045539897630472809 0.013957591326206852 0.30976589034586971 0.011088141822965152 0.011221777705287301 0.012398791863051201
decision_type=2 2 2 2 2 2 2 2 2 2 2 2 2 2 2 2 2 2 2 2 2 2 2 2 2 2 2 2 2 2 2 2 2 2 2 2 2 2 2 2 2 2 2 2 2 2 2 2 2 2 2 2 2 2 2 2 2 2 2 2 2 2
left_child=1 2 3 6 17 61 7 -1 -9 13 11 12 -8 -10 15 48 60 19 -19 40 21 24 49 -22 47 26 27 -5 29 30 -29 32 33 -15 -35 36 -21 -37 45 -40 41 42 43 44 -2 46 -39 -14 -7 50 51 -4 -53 55 -55 -26 -32 -43 -52 -56 -16 -6
right_child=4 -3 22 25 5 14 10 8 9 -11 -12 -13 20 31 16 -17 -18 18 -20 35 23 -23 -24 -25 53 -27 -28 28 -30 -31 56 -33 -34 34 -36 37 -38 38 39 -41 -42 57 -44 -45 -46 -47 -48 -49 -50 -51 58 52 -54 54 59 -57 -58 -59 -60 -61 -62 -63
leaf_value=-0.021269237497504857 0.027511829362330955 0.044083489977298294 0.029874629469268669 0.041464930118741819 0.019013689465201628 -0.029526259486474037 -0.02261581860629662 0.050951774911199496 0.033977131631689424 0.048041775927211199 0.032830170407780225 0.03397392904708664 9.8735039605154614e-05 0.032867568346142538 0.0059168194531306721 -0.025202254769959732 0.031677081467154443 -0.023909389228852374 0.043684607512653122 -0.0094044808664743677 -0.021027537857540839 0.043417820676319913 0.016896814135249457 0.022160608579525943 0.0099456151050483638 0.034379797882497933 -0.017048000002243126 -0.00089480644969811517 -0.012799956064654476 -0.01621674732059078 0.043218576988209481 0.030725617664547573 -0.024951354916786909 -0.026894462069282244 0.028191413180769755 -0.017183252393590479 0.04027556288728882 0.037318320539270748 -0.029338772371115915 0.021421924317406686 -0.015466870526974371 0.012068127558650502 -0.01961433432896121 0.051298629019172093 -0.018563991640546808 -0.013679008066153067 -0.0029860524083225133 0.039339355086147963 0.036888144804850698 0.01576804133145477 -0.02343477735946602 -0.029535805511579648 0.019421617898903301 -0.013366382320413865 0.043386913597098106 -0.022140499437344818 0.015706280408789904 0.051640859505599428 0.0011940981375589352 0.0089029644436358357 -0.025106166648519005 0.049303395159813579
leaf_weight=17.840663969516754 11.459560275077825 14.91862043738365 6.7885145545005825 14.175867870450018 9.2516608089208621 1.8070996105670953 65.652378305792809 21.748046666383743 14.191529706120489 14.870395317673681 16.841573670506477 13.404742106795309 8.4860022664070147 11.242932215332983 7.0961363911628714 11.691397473216055 6.6012264043092719 8.8568327724933642 12.985634446144102 9.993773356080057 41.062884762883186 8.2511347830295545 15.119722470641134 7.7725955098867408 11.458630129694937 32.85935977101326 11.851166442036627 12.048771440982817 14.923903465270994 7.4536206573247901 23.421115383505821 7.5108304172754279 21.185901433229446 16.851069211959842 6.9455443024635306 241.68227902054787 6.5062370449304572 13.539299592375757 22.323358803987507 4.9257459491491309 21.551474168896675 8.453316316008566 25.31427763402462 7.4311108440160742 9.3040023893117887 9.5291505455970746 9.367218077182768 12.363870456814764 23.460995227098465 7.7566174715757361 75.850327685475349 10.907397180795671 6.1926646679639807 15.428467869758604 7.5722620934247997 27.367406189441681 13.255299612879751 7.4091544300317755 11.499015912413595 13.038927316665648 34.442815378308296 14.587331995368002
leaf_count=49 29 32 15 32 28 8 208 41 34 29 40 32 24 27 24 49 17 34 27 31 129 17 30 17 30 80 38 36 40 26 48 18 80 59 14 856 13 34 103 14 76 27 96 14 39 35 31 28 55 19 228 31 16 47 17 83 37 14 33 33 125 27
internal_value=-4.03126e-06 0.00431674 0.00339722 0.00699887 -0.00529005 0.00733354 0.00305379 0.0131397 0.0184989 0.0108933 -0.00231507 -0.00486791 -0.00725132 0.00380452 -0.00113052 0.0139998 -0.0127468 -0.00848349 0.0162761 -0.00980644 -0.000649864 0.00569322 -0.0103278 -0.0141538 0.00244118 0.0185646 0.0132143 0.0174198 0.0126259 0.0193803 0.0248257 -0.00291372 -0.00740741 0.00320016 -0.0108165 -0.0131731 0.0101852 -0.014452 -0.00339245 -0.0201629 0.00196358 0.00737866 0.00050902 0.0185766 0.00686559 0.0106964 0.0208366 0.0233682 0.0321384 -0.013787 -0.0158479 3.83933e-05 -0.0118062 -0.00338694 0.00661492 -0.012671 0.0332753 0.030552 -0.0201925 0.0215719 -0.0198065 0.0375483
internal_weight=1199.68 660.11 645.191 511.077 539.571 108.939 381.088 132.387 114.546 92.7982 248.701 231.859 218.455 77.9278 85.0997 36.9595 48.1402 430.632 21.8425 408.79 152.802 103.967 134.114 48.8355 95.7156 129.989 97.1297 85.2786 71.1027 56.1788 48.7252 63.7363 56.2254 35.0395 23.7966 317.867 16.5 301.367 59.6848 27.2491 90.9229 69.3714 53.509 28.1947 20.7636 32.4357 22.9065 20.8499 25.2681 118.995 111.238 23.8886 17.1001 74.8657 36.0397 38.826 36.6764 15.8625 87.3493 20.6112 41.539 23.839
internal_count=3603 1797 1765 1393 1806 333 1056 351 302 261 705 665 633 232 278 112 166 1473 61 1412 425 279 372 146 262 337 257 219 187 147 121 198 180 100 73 1117 44 1073 217 117 295 219 178 82 68 100 65 52 63 342 323 62 47 210 97 113 85 41 261 50 149 55
is_linear=0
shrinkage=0.03


Tree=7
num_leaves=63
num_cat=0
split_feature=47 8 47 64 39 65 47 4 27 70 54 47 56 75 48 47 5 67 27 27 82 5 47 50 86 16 58 64 44 27 60 28 24 89 58 89 37 37 68 16 74 65 50 49 41 60 6 58 52 46 82 41 34 84 6 7 4 82 72 27 75 46
split_gain=89.8476 21.1355 19.414 16.2638 14.056 13.5452 15.502 15.0163 12.9577 12.2021 13.8489 12.553 10.5439 9.72732 8.97718 11.2466 13.1299 8.94739 16.3221 11.1193 9.0972 7.97195 7.87519 11.6325 13.5059 11.7241 7.79945 9.02638 8.1838 7.78282 7.65312 10.8126 9.72237 7.86366 7.53842 8.33917 7.47232 12.2139 7.4685 7.12676 7.75978 13.3165 7.0037 6.94187 7.11536 6.73726 6.71736 6.58938 6.50629 6.33126 6.20155 10.8458 6.76952 6.1972 5.93912 5.92202 5.76254 5.75159 5.28128 5.23622 10.7839 4.98942
threshold=0.0084911684485917526 0.078168964067110672 0.013097989801356551 -0.10097410245053694 -1.0000000180025095e-35 0.012897652028512452 0.0072540624584990004 310678200.00000006 0.017661030469283752 75.395000457763686 57.712863531200661 0.014016224042355403 0.10794944346768297 1.1086744349552753 0.11346103055368757 0.012858792770737652 45.085835402134229 90.799999237060561 0.015206057613470702 0.014147664531343801 0.23352691489416169 62.774423931397685 0.0061628566499444008 14.454999923706056 21.148078449486508 0.22491888656329448 2.5099999904632573 -0.045624584989090791 21200250.000000004 0.034392696253405804 3.8034999370574956 0.091568623744185659 22532600.000000004 99723133.000000015 1.7685000300407412 38356030.000000007 0.012991374590196902 0.0068238985005019013 81.014999389648452 2.9047858981830861 0.0055005172078862507 0.028720033186172902 22.835000038146976 14.494999885559084 123.87500000000001 1.341499984264374 3.688026707896356 2.9585000276565556 21.23499965667725 -0.35782383173930288 0.24716612245319958 123.07999801635744 74553550.000000015 0.042038544334179709 -1.0000000180025095e-35 0.0213720091989433 791400400.00000012 0.73201517293977514 36.008444945910178 0.014333161705206503 1.1279160242186199 -0.03583328947048154
decision_type=2 2 2 2 2 2 2 2 2 2 2 2 2 2 2 2 2 2 2 2 2 2 2 2 2 2 2 2 2 2 2 2 2 2 2 2 2 2 2 2 2 2 2 2 2 2 2 2 2 2 2 2 2 2 2 2 2 2 2 2 2 2
left_child=5 4 8 -4 13 6 50 -8 17 11 12 -6 14 56 30 16 55 18 20 34 -3 48 53 24 25 49 27 -12 -28 -17 31 32 -11 -34 42 -36 37 -18 -39 40 -10 -42 -19 44 -33 -25 -47 -45 -21 -24 -1 52 -52 59 -29 -16 -2 -20 -5 -7 -61 -26
right_child=1 2 3 58 9 22 7 -9 39 10 26 -13 -14 -15 15 29 36 19 57 21 -22 -23 23 45 61 -27 28 54 -30 -31 -32 43 33 -35 35 -37 -38 38 -40 -41 41 -43 -44 47 -46 46 -48 -49 -50 -51 51 -53 -54 -55 -56 -57 -58 -59 -60 60 -62 -63
leaf_value=-0.0090640230708009945 -0.0026283602774372092 0.0063720077617656738 -0.0021696953544097261 0.01909321559746532 -0.020308569949497236 -0.019915963990858706 0.044843940280445256 -0.012530164707423581 -0.010985007042565227 -0.0046328775491299998 -0.0056168596939159508 0.020982593354357822 0.035034930684117324 -0.018595089106149862 0.052646533178942627 0.052275790803147329 -0.010440993563648776 0.050435412083467329 0.057368519358441304 -0.016453972125370003 -0.028025977077781667 0.033656362189392088 0.03956589712407798 -0.027778884863041226 0.046019513054367654 -0.0095945308292581591 -0.016963600775993921 0.0096665565159415098 0.014660290327481035 0.01686078094286509 -0.026899693463812369 0.034523908888479775 0.048477783381848862 0.016495973618899179 0.038050715574460645 -0.0004957411722358526 -0.020689797256563124 0.047066153296555092 0.0029786114368522947 0.023141218145091923 0.041985334396100624 -0.012892086378783391 0.015000882116670161 -0.021777061845755251 -0.0075646560977002649 -0.01077089797163334 0.01711464652581143 0.0062137881442629259 0.019397785459002746 0.0015822101564574617 0.042385569028495156 -0.0094213711326668129 -0.00034034149626888604 0.005660601164288381 0.050185890012313841 0.009581676166830656 0.025267920120573061 0.013336556549056227 0.048099908354000721 -0.016940719219195096 0.024624939736273704 0.0068055621240865815
leaf_weight=66.600532591342926 43.032285884022713 20.663470059633259 9.3447309732437116 7.0539734661579123 25.926863804459572 128.36453866958618 12.478802502155306 6.1185951828956595 39.711940884590149 12.376504778861998 15.09215095639229 8.901351794600485 18.352542906999588 36.533905580639839 8.2100431472063047 12.621843814849855 13.500942379236223 21.153446689248089 5.967451870441435 11.758887708187109 10.403518244624136 7.6477404981851569 7.5209153294563285 20.312189623713493 7.5341032445430756 56.356926873326302 33.851716980338097 7.0335092097520828 9.4127827882766706 10.016932368278502 6.2870421111583701 7.5505637228488904 10.161265864968302 21.686970308423042 9.6853154003620165 10.557126417756079 9.5581457018852216 8.5795745551586133 5.793210342526435 10.423060208559034 7.7482441067695609 8.1822176128625852 6.5822494477033606 19.127294480800632 6.9356410354375839 194.24005788564682 8.0988480746746045 12.52636733651161 7.4369810670614234 8.3169514685869199 8.9122423678636569 16.349742487072945 5.3355370908975592 11.308278098702429 6.0613348931074125 4.4216236621141425 7.8857063055038443 4.8316042870283127 28.366610705852509 20.759536936879162 7.701620176434516 4.7684045135974866
leaf_count=179 124 67 27 26 59 294 57 15 101 36 43 33 78 87 40 61 36 101 30 29 20 32 33 41 35 151 81 23 33 36 13 32 48 78 42 32 22 40 18 40 35 20 23 43 19 510 29 41 28 25 40 43 16 37 29 15 31 17 133 51 30 15
internal_value=4.8906e-06 0.00809225 0.0153289 0.0330354 0.00377577 -0.0083271 0.000873614 0.0259677 0.0109917 0.00691672 0.00915729 -0.00975543 0.013436 -0.00678316 0.0110954 0.0190592 0.0111247 0.0170024 0.0058969 0.0232165 -0.00514697 0.00775513 -0.0105687 -0.00771158 0.0017655 -0.00318565 -0.00208309 0.0101966 -0.0100834 0.0366058 0.00510487 0.00733156 0.0179312 0.0266999 0.0318671 0.0179474 0.00219984 0.0100489 0.0292959 0.000375281 -0.00388929 0.0137991 0.0420261 -0.00282816 0.0143729 -0.0113082 -0.00965475 -0.0107002 -0.00256406 0.0196195 -0.00392777 0.00725214 0.0263855 -0.0157881 0.0284221 0.037572 0.00169196 0.0376682 0.0423233 -0.0173347 -0.00569301 0.0308203
internal_weight=1200.03 608.957 227.519 44.7653 381.438 591.078 115.795 18.5974 182.753 293.986 259.158 34.8282 187.707 87.4519 169.354 72.7023 50.0635 116.688 41.866 74.8217 31.067 26.8436 475.282 307.148 84.4973 72.1948 71.4515 28.187 43.2645 22.6388 96.6516 90.3646 44.2247 31.8482 47.9781 20.2424 37.4319 27.8737 14.3728 66.0655 55.6424 15.9305 27.7357 46.1399 14.4862 222.651 202.339 31.6537 19.1959 15.8379 97.1981 30.5975 14.2478 168.134 13.0948 12.6317 50.918 10.7991 35.4206 156.826 28.4612 12.3025
internal_count=3603 2002 803 186 1199 1601 350 72 617 957 865 92 656 242 578 268 171 421 134 287 87 89 1251 839 259 209 209 95 114 97 310 297 162 126 198 74 116 94 58 196 156 55 124 135 51 580 539 84 57 58 278 99 56 412 52 55 155 47 159 375 81 50
is_linear=0
shrinkage=0.03


Tree=8
num_leaves=63
num_cat=0
split_feature=63 29 40 55 87 68 36 40 39 86 88 6 28 88 2 50 5 6 59 60 37 28 6 68 37 16 36 24 63 17 55 6 36 5 45 51 45 74 5 68 8 55 76 59 46 74 56 60 14 46 44 16 15 44 48 46 51 46 89 40 74 67
split_gain=27.6316 19.0218 26.4704 21.378 18.4289 16.7482 18.849 16.5507 16.545 27.8029 16.503 15.711 15.5851 15.3225 14.8261 14.2631 15.0993 14.5795 12.8778 17.5832 12.7031 12.0641 11.5993 11.4392 11.2282 10.674 13.1542 10.6437 11.3597 10.6167 12.8952 10.1502 10.0455 10.0292 9.98606 9.76406 9.70927 9.02275 8.19754 7.74212 11.4506 10.4565 10.4497 10.3108 9.49298 12.9966 10.8148 13.2012 9.06298 7.72335 7.68321 7.58676 7.43376 7.76471 7.38351 7.37001 7.25252 6.96038 6.63752 6.63501 6.6065 7.19049
threshold=27.136445393521708 -1.0000000180025095e-35 153.27000427246097 0.67187365321074755 36.585371792371035 96.825000762939467 1.3044551647220433 121.22499847412111 1.0000000180025095e-35 9.9884260335980937 10.029245969009949 0.26134702108361912 0.092757741823842763 22.777484014030946 68.075703852357094 10.284999847412111 82.925915139294247 2.9113911618693327 2.8875000476837163 2.3895000219345097 0.0044513318819021505 0.12989932921670408 3.9558179038259458 79.549999237060561 0.018523505994771504 -0.19316091742345512 0.14567892420159723 17684600.000000004 58.25024677317905 0.0087743601124860519 -1.1808885371906788 0.63571150825429268 3.2527698026621867 71.917254848456437 82.037914294495792 20.865000724792484 45.376649009675155 0.0033316080416212505 55.491053635511044 94.975002288818374 0.076449352404304768 -2.0543244551704798 18.440979003906254 2.0685000419616704 0.5783254899537057 0.0051537608809611004 0.08128951260104926 3.4025000333786015 35567700.000000007 2.0961764091929145 25615900.000000004 0.15618969009488029 76.520719962305989 9312250.0000000019 0.11054452995302226 -1.4522839409354871 14.664999961853029 -0.30637266634489174 66360800.000000007 89.200000762939467 0.0025378590800196007 101.13999938964845
decision_type=2 2 2 2 2 2 2 2 2 2 2 2 2 2 2 2 2 2 2 2 2 2 2 2 2 2 2 2 2 2 2 2 2 2 2 2 2 2 2 2 2 2 2 2 2 2 2 2 2 2 2 2 2 2 2 2 2 2 2 2 2 2
left_child=7 2 5 21 8 6 11 59 15 24 49 25 36 -12 -15 -3 17 34 19 20 -14 -4 -19 -18 33 54 -27 28 32 -25 -31 -32 -22 -10 39 -36 55 -13 51 41 43 -17 -42 -41 50 46 -46 -48 -45 -9 52 -28 -43 -54 -2 -11 -7 -30 -21 -1 -44 -62
right_child=1 4 3 -5 -6 56 -8 10 9 12 13 37 18 14 -16 16 23 22 -20 58 27 -23 -24 29 -26 26 38 -29 57 30 31 -33 -34 -35 35 -37 -38 -39 -40 40 42 44 60 48 45 -47 47 -49 -50 -51 -52 -53 53 -55 -56 -57 -58 -59 -60 -61 61 -63
leaf_value=0.0055761664067744254 0.0088666974031544384 0.033348013538310115 -0.024665264139570101 0.021269995004672825 0.036865995810078753 0.043875042715849598 -0.015461221468875836 0.0082940821009081997 0.030576076337704181 0.020754851771804708 -0.023484216580001233 -0.0074622696145027435 -0.021183022551456918 0.033581724273147116 -0.023102755829528993 0.017693052076514802 -0.020937628408512612 0.031367168982033948 -0.029614553249944813 0.033914580531483274 -0.011943631982786604 0.017068953036228223 -0.011507487556314212 -0.012614651184814111 -0.013356418786896513 0.036211698958706177 0.011385492384495132 -0.016728077673223766 0.046950636581669869 -0.01596519422125281 0.045604849694129 0.0078513398561599803 0.030885629380217945 -0.0069532072703656139 -0.0084660597525354885 0.039715963669668841 -0.022230335620436973 0.042659613349623655 0.021686957998026012 0.026970002774252898 0.021901955876897514 -0.019586868600107631 0.010027543490850841 0.01167951598391195 -0.0068771208804930669 -0.018846298108913324 0.0010204337319518544 0.048320839976994989 -0.022576858037358889 0.049609077134856558 0.01431221416236441 -0.022687872884632098 -0.018410324161769864 0.025765414738692587 -0.026241519918388606 -0.012451825290372812 0.010607331148644398 0.0082130240942599828 -0.0015354282718171633 0.035411104243952662 -0.016689552786033957 0.004100207894340303
leaf_weight=8.3743509352207166 9.8813324570655841 8.0213211178779584 43.792807832360268 15.735132545232771 10.143535554409025 20.067634597420696 23.773995190858841 7.7828807830810574 45.636440560221672 10.121534660458567 20.982623696327209 3.819582179188731 20.081446200609207 12.041265308856966 6.3389811068773261 9.8531114459037763 9.8123269677162153 14.516862601041796 9.4666469991207105 23.249242678284649 16.808477729558948 7.2684196829795829 9.3282169550657255 9.7804099470376951 7.7469304054975501 17.326442569494247 11.299454972147943 13.226202875375746 11.056017905473711 6.2678186148405031 17.412760287523277 10.142248541116713 6.9735176414251319 7.4556274563074103 7.8998933285474759 7.2677481025457382 45.914197981357574 21.027071490883827 15.599732056260107 16.439037308096886 9.0028585940599424 203.90577340126038 11.670837208628653 16.359603643417362 39.120391324162483 43.049602016806602 13.773218080401422 8.6426575779914838 12.085535660386084 8.541296184062956 6.7789955288171759 12.26505723595619 7.4747822135686857 6.8742094784975052 11.864430218935011 14.827421382069586 8.3524772524833661 6.7069895118474951 5.9752148538827887 33.727399677038193 101.53514243662357 17.562618285417557
leaf_count=25 28 23 122 39 26 50 73 22 130 27 61 13 66 35 16 25 29 41 34 65 54 20 29 29 26 39 34 40 27 24 41 37 17 25 27 17 139 50 42 48 26 664 32 49 124 142 39 20 37 18 21 36 30 22 35 49 27 20 19 93 336 49
internal_value=-8.60669e-07 -0.00135702 0.00648871 -0.00930306 -0.00333701 0.0132819 0.00861848 0.0152825 -0.00380584 0.002797 0.00455107 0.014172 -0.00300487 -0.00596608 0.0140324 -0.00639851 -0.0069156 -0.0083615 0.00388509 0.00693215 -0.000772661 -0.0187245 0.0145946 0.00832803 0.0203828 0.00757175 0.0144468 0.00671064 0.0141726 0.0149139 0.0228742 0.0317088 0.000615054 0.0253059 -0.00937651 0.0146209 -0.0140446 0.0349546 0.00481798 -0.010071 -0.00512725 -0.0127601 -0.00936068 0.00805584 -0.0136704 -0.00620243 0.00264299 0.0192576 -0.00287505 0.0299113 -0.0171412 -0.0063493 -0.0181181 0.00275306 -0.0102883 0.00101978 0.0340979 0.032324 0.0266665 0.0294767 -0.011513 -0.0136238
internal_weight=1199.83 1102.04 222.074 66.7964 879.967 155.277 126.857 97.7888 869.824 245.246 55.687 103.083 184.407 39.3629 18.3802 624.578 616.557 563.141 113.544 104.077 74.8527 51.0612 23.8451 53.4156 60.839 78.2364 56.4907 54.7712 41.545 43.6032 33.8228 27.555 23.782 53.0921 539.296 15.1676 70.8632 24.8467 39.1642 524.128 184.656 339.473 139.771 44.8842 329.62 104.586 61.5363 22.4159 28.4451 16.3242 225.034 23.5645 218.255 14.349 21.7458 24.949 28.4201 17.763 29.2245 42.1018 130.769 119.098
internal_count=3603 3333 608 181 2725 427 350 270 2699 738 152 277 557 112 51 1961 1938 1778 342 308 224 142 70 160 181 214 151 158 118 131 102 78 71 155 1708 44 215 63 112 1664 577 1087 443 134 1062 325 183 59 86 40 737 70 716 52 63 76 77 47 84 118 417 385
is_linear=0
shrinkage=0.03


Tree=9
num_leaves=63
num_cat=0
split_feature=47 64 49 64 6 5 47 17 4 69 26 6 25 42 16 24 55 82 83 15 73 27 59 60 50 65 5 18 69 40 27 49 65 69 37 74 41 7 88 6 43 15 41 64 83 6 66 73 27 25 47 35 5 59 15 72 24 49 70 55 5 51
split_gain=28.4887 26.5243 26.8446 27.2112 29.7879 26.8114 21.7902 25.28 24.8544 19.4026 18.929 17.2413 16.4649 15.9636 15.5117 15.3566 14.9598 14.9345 13.5897 13.3846 12.6691 15.4305 22.1756 13.6503 11.2927 11.1675 10.1198 9.98512 9.97383 10.6394 20.1803 29.7876 21.914 10.5146 14.9808 18.4567 17.0965 11.9674 16.9984 12.6949 13.0056 10.7891 10.7714 9.96254 9.25927 26.1503 9.10597 14.6909 8.97216 8.88684 8.88185 8.88166 8.86005 13.2966 8.09998 7.46263 7.1939 16.7377 9.22056 7.09399 6.49579 6.41572
threshold=0.0088589061383169011 0.12085321723248652 19.974999427795414 -0.031761040654365295 -0.39680513649239113 61.41250033473532 0.0063809997520582508 0.019322327607928302 184446000.00000003 96.094997406005874 0.5732637369677428 -0.34270594444393898 28.292834097731767 167.38999938964847 5.362525053508663 15390100.000000002 -0.22753290006166788 0.13953493432152089 0.006169898789286951 77.393341831219985 0.0041361997667408003 0.0093867116368327019 1.9424999952316286 2.279500007629395 23.389999389648445 0.016695702446612951 49.909684328241994 0.041868826867920809 72.069999694824233 119.17499923706056 0.034874705246582212 30.219999313354496 0.038251188784491158 76.255001068115249 0.013538874557819902 0.0063115276433105012 172.73500061035159 0.010789228511262102 14.324468539926364 0.199111502223321 122.99000167846681 72.424779928975639 156.36999511718753 -0.084909408092329886 0.0049759487765487507 0.37111899068496795 0.15700625491487094 -0.16731116516341157 0.014494697162808752 83.509711448677635 0.0097293099050319524 60.621202370925126 35.403613662458504 1.8504999876022341 75.769304803934588 45.469178769617024 32091350.000000004 22.634999275207523 80.274997711181655 -0.91595487797699693 58.097934952539987 16.404999732971195
decision_type=2 2 2 2 2 2 2 2 2 2 2 2 2 2 2 2 2 2 2 2 2 2 2 2 2 2 2 2 2 2 2 2 2 2 2 2 2 2 2 2 2 2 2 2 2 2 2 2 2 2 2 2 2 2 2 2 2 2 2 2 2 2
left_child=1 2 3 4 -1 6 8 13 15 11 52 24 -11 18 43 16 -5 -12 25 28 44 23 -23 -22 26 -8 -2 -18 -13 30 56 -32 -33 -31 37 -36 -37 38 -35 42 -41 46 -39 -6 45 -7 50 -48 -49 -46 -42 -24 53 -4 -53 -26 -30 58 -58 -34 -20 -15
right_child=9 -3 10 5 14 20 7 -9 -10 12 17 19 -14 61 -16 -17 27 -19 60 -21 21 22 51 -25 55 -27 -28 -29 29 33 31 32 59 34 35 36 -38 39 -40 40 41 -43 -44 -45 49 -47 47 48 -50 -51 -52 54 -54 -55 -56 -57 57 -59 -60 -61 -62 -63
leaf_value=-0.024759731629284056 -0.023564880224646229 0.03945554298792215 0.026925649055007713 0.023596022444509614 -0.0025588406608726883 0.045364888032795064 -0.012156350038690769 0.041407773685540557 0.03747382651151801 0.011828059967000914 -0.010738600559529639 0.034963703792735078 -0.024678266597121582 0.037291911965769454 -0.011918494298519385 0.028897021614496574 -0.023068753391064616 0.032174776470639065 -0.020437625039599696 -0.024008974142974635 0.015072373226689162 -0.025410908348518672 -0.0062283625229157856 -0.029033917330477874 0.05471939062915835 0.035312000889395866 0.029737274204430054 0.010089078708922941 -0.025433989704624588 -0.022927963928890679 0.034973015700021329 -0.022162169623077248 0.0029657484979515756 0.040423533810843751 0.039096288539793925 -0.024945849194160544 0.038237199354369984 -0.019766386062879868 -0.010324711101261274 0.037111724049683679 0.0080341255102969102 0.024761940126969736 0.019355906499865801 0.033963581051923222 -0.025208172997349051 -0.020482158137134967 -0.01794624926401624 0.045211496825497126 -0.00053560702994358495 0.014140886994858031 -0.02924679603957224 0.033677389069865206 -0.019026039361572818 -0.016510559995281556 0.0058759725588750688 0.017811009936036664 0.025173079236406281 -0.023975335934109512 -0.020300785557028932 0.043282685059948998 0.012605953186596726 0.0010312740555220329
leaf_weight=11.597462251782416 8.6405075043439847 18.626731336116791 10.590623304247858 15.94120356440544 7.4160225391387931 8.0128905624151248 8.6100334823131579 11.918259456753729 41.403345927596092 13.307313486933706 13.286140844225885 6.1432145386934272 67.616269811987877 9.6969144791364688 8.5805981606245023 22.98668746650219 23.1222033649683 16.195939615368843 55.879309922456741 29.217829003930092 8.9332905262708682 13.010218739509581 10.634879618883131 21.547989889979362 7.6897779107093838 9.2555841654539091 5.0966411083936682 12.643228024244307 52.541772708296776 15.497147455811499 19.264517724514008 34.900239512324333 9.1931769102811831 13.599558398127558 20.384320929646492 11.192504256963732 5.8787886947393408 52.538137197494507 10.547472462058066 9.061435252428053 8.0365247279405612 11.989487200975416 7.202121526002883 71.819800063967705 50.857736170291901 16.827098995447159 13.244230762124063 8.7287186831235868 6.9152702242135993 5.7495900988578788 20.226877436041832 28.348347738385201 83.491050004959106 15.813576519489287 14.134399220347403 13.740124672651289 13.887734293937685 28.675257861614227 5.6439698785543433 6.8580443263053885 5.9216780215501776 8.0266610383987409
leaf_count=35 39 40 20 36 16 17 30 25 91 38 36 15 264 22 20 50 64 33 186 114 24 45 29 70 13 22 13 31 194 57 42 114 31 29 47 48 14 194 40 23 27 33 22 166 176 49 42 19 25 14 91 65 250 48 43 39 40 102 22 15 19 25
internal_value=-7.05528e-06 0.00416432 0.0031408 0.00636976 0.0204284 0.00290568 0.00977916 0.000166294 0.01883 -0.00513633 -0.00850934 -0.00273651 -0.0186751 -0.00488069 0.0263961 0.00849546 -0.000574257 0.0128358 -0.0106095 -0.00442076 -0.00579559 0.00155198 0.00969202 -0.0161075 0.017444 0.0124354 -0.00378916 -0.0113473 -0.00296131 -0.00356487 -0.00915074 0.00319546 -0.00881949 0.000876041 0.00272471 0.0198243 -0.0031877 -0.00122666 0.0182566 -0.00463722 0.0033172 -0.00111181 -0.0150499 0.0305453 -0.0145109 0.0007588 -0.0065397 0.00530494 0.0249894 -0.0212115 -0.0186462 0.0182899 -0.0142357 0.000911537 0.0244276 0.031055 -0.0177553 -0.00938617 0.0120327 0.0201916 -0.0172714 0.0208702
internal_weight=1198.34 660.879 642.253 502.875 99.4139 403.462 225.405 109.308 116.097 537.459 139.377 456.535 80.9236 97.3902 87.8164 74.6933 51.7066 29.4821 79.6666 421.368 178.056 96.6091 66.1278 30.4813 35.1671 17.8656 13.7371 35.7654 392.151 386.007 170.965 70.216 50.9515 215.043 199.545 37.4556 17.0713 162.09 24.147 137.943 78.2025 69.1411 59.7403 79.2358 81.4473 24.84 57.1516 28.8882 15.644 56.6073 28.2634 53.1176 109.895 26.4042 42.4827 21.4299 100.749 48.207 19.5317 16.0512 61.801 17.7236
internal_count=3603 1797 1757 1370 237 1133 601 329 272 1806 387 1504 302 304 202 181 131 69 257 1400 532 276 182 94 104 52 52 95 1286 1271 560 202 160 711 654 109 62 545 69 476 260 237 216 182 256 66 204 86 44 190 118 137 318 68 108 52 358 164 62 46 205 47
is_linear=0
shrinkage=0.03


Tree=10
num_leaves=63
num_cat=0
split_feature=47 8 47 64 39 40 86 47 0 87 27 70 54 47 40 48 14 74 45 27 74 47 64 70 27 81 27 40 58 8 17 47 40 66 36 58 64 44 66 27 28 6 17 42 6 73 18 27 14 18 44 74 27 38 49 37 48 36 6 15 3 47
split_gain=84.9865 19.8671 18.0986 14.4445 13.2598 12.6743 16.0052 24.6533 15.1554 13.4288 12.1345 11.4438 13.0339 11.9587 9.81904 9.7116 9.46463 8.09974 12.519 8.06367 8.03954 14.8145 8.66511 7.97421 12.0945 11.1664 9.86027 8.11422 7.66371 7.58835 7.40673 14.4086 8.20843 9.56066 10.0016 7.35579 8.46747 7.87423 7.14662 9.68913 8.07939 6.99906 6.90308 9.14408 6.37095 6.30005 6.20838 6.04225 12.1672 6.01034 5.98995 6.12447 9.13561 5.84771 8.76958 8.49712 5.83681 7.93822 5.82471 5.6401 5.6454 10.8723
threshold=0.0084911684485917526 0.078168964067110672 0.013097989801356551 -0.098170003445993984 -1.0000000180025095e-35 147.93499755859378 21.345040665880479 0.006475313475128551 51.00221252441407 22.784390856176472 0.017661030469283752 75.395000457763686 57.712863531200661 0.014016224042355403 127.84499740600587 0.11689264836759737 27013600.000000004 0.0047961840447260503 79.061895855683304 0.014366839653158702 0.0028154590179763003 0.0071163853615464007 -0.079457400528018043 91.159999847412109 0.015086276429292202 64.309678244015515 0.014147664531343801 167.06499481201175 1.8355000019073491 0.067091525838773605 0.017386392350268603 0.013839387377803653 122.50000000000001 0.35088626267956446 0.037983290976157456 2.5099999904632573 -0.045624584989090791 21200250.000000004 0.31335988660920128 0.011206114948819403 0.10656392545196391 1.0000000180025095e-35 0.016095835814246003 173.97499847412112 3.9558179038259458 0.14606516360863253 0.046201112201202453 0.012863580512152603 35034750.000000007 0.052128451235152959 16221500.000000002 0.0054105509596277012 0.035560158167890057 0.12150042691949052 21.105000495910648 0.0068603181134306015 0.11703653263215981 2.2738137735097443 1.6150633667355054 31.699453389153941 27.094076629688079 0.0067361205874298009
decision_type=2 2 2 2 2 2 2 2 2 2 2 2 2 2 2 2 2 2 2 2 2 2 2 2 2 2 2 2 2 2 2 2 2 2 2 2 2 2 2 2 2 2 2 2 2 2 2 2 2 2 2 2 2 2 2 2 2 2 2 2 2 2
left_child=5 4 10 -4 46 6 20 9 14 16 23 13 15 -6 38 30 -8 29 50 -11 21 -1 -22 24 27 26 28 -3 45 -17 32 -32 33 34 -13 36 -14 -37 39 40 -9 -34 -12 -44 -7 -25 47 48 -2 -33 51 -19 -53 54 55 -43 57 -27 -26 -24 -61 -62
right_child=1 2 3 -5 11 44 7 8 -10 19 42 12 35 -15 -16 17 -18 18 -20 -21 22 -23 59 25 58 56 -28 -29 -30 -31 31 49 41 -35 -36 37 -38 -39 -40 -41 -42 53 43 -45 -46 -47 -48 -49 -50 -51 -52 52 -54 -55 -56 -57 -58 -59 -60 60 61 -63
leaf_value=-0.011139254320051611 -0.017501718016549803 0.006741631278911038 -0.00096200670483194319 0.040580485005811462 -0.019926876886600671 -0.016217667503913138 0.001428643646596266 -0.0093343147450731037 0.051390492228434538 -0.012763476819337977 -0.013923548471983854 0.0063423496480632521 -0.0055624554209239285 0.020311778149873876 -0.021943992690509794 0.055587742458738522 0.039055537388339202 -0.0069066035799637011 -0.023990380579072816 0.018943494236491991 0.020802268580214348 0.036126708957623765 0.0065120192488020666 0.013190188953418334 0.048711126096336328 0.048716860599091583 -0.001653468208023373 -0.02588894782746581 0.0015853264765507183 0.016673981083813114 -0.013588626210061964 0.029438134266888846 0.028186091008639832 -0.0037155273679525726 0.044514923008280069 -0.016674529851125625 0.027313114849902766 0.014315352534459579 -0.0097963488375594609 0.050720629795577468 0.03979177701496029 -0.00084825276747247551 0.014852880047356042 -0.016078531662627515 0.0059192067537777969 0.049260602581526002 0.018745981845629787 -0.013419514054610695 0.033864539038696906 -0.007578855405041769 0.041810805391383606 0.040771242651433962 0.0018247159795966635 -0.02560957491521872 -0.022498677381970845 0.047775909654593531 0.055073255554710952 0.0027899807763372359 0.0091063765269374878 -0.019171169308450718 -0.017152751970383847 0.0054267018488334462
leaf_weight=17.079850107431415 8.7297802716493624 21.803867921233181 9.5445296466350538 35.740433931350708 25.655992671847343 169.96100831031799 18.90065057575703 7.6745578795671516 11.008866563439367 90.463052853941917 20.842093899846077 9.045123219490053 15.075976505875589 8.9717241823673231 6.6010020673274985 10.691388338804247 8.8261874169111234 8.2567596882581729 6.1989897787570944 7.8448125123977652 6.9059280455112448 9.1734038740396482 12.067270055413244 6.7738719880580964 7.2342108488082868 6.7764013856649417 20.376787886023521 10.006262063980101 8.1275339573621732 7.8007564395666114 30.827570721507072 14.310491219162943 8.268141493201254 8.5734138488769513 19.484477162361145 33.611459299921989 13.246170431375502 9.4550222307443601 6.1398770213127127 8.9724037498235685 4.9604067951440811 7.7743523269891792 33.648224472999573 11.555725961923597 12.565838545560835 12.219171985983847 7.8965564221143714 62.603491604328156 7.9115936160087577 5.4514939337968817 10.094831377267836 12.156711697578432 9.7824119180440885 7.6367167979478827 6.7972805649042121 5.5390341579914093 11.141287356615065 6.7721245139837265 6.2119880169630051 107.27897833287716 51.363723188638687 30.642818003892899
leaf_count=44 22 71 28 158 59 413 59 20 53 232 51 30 43 33 14 53 39 23 14 29 26 39 39 23 34 32 61 20 25 28 79 58 33 25 89 81 52 33 16 43 22 23 118 27 40 58 29 158 33 15 45 54 30 16 15 26 55 21 21 251 124 98
internal_value=8.15956e-06 0.00784856 0.0148396 0.0318247 0.00366004 -0.00812793 -0.00517544 0.00179286 0.0207593 -0.00503275 0.0106477 0.00669997 0.00885707 -0.00950141 0.0109418 0.012988 0.0134063 0.0223786 0.0156986 -0.0102333 -0.0102682 0.0053764 -0.0122404 0.0164332 0.00656035 0.0226227 0.0141158 -0.00352271 0.0259639 0.0391723 0.00805524 -0.000769848 0.0141612 0.0240644 0.0324126 -0.00206151 0.00981334 -0.00987086 0.0187653 0.0268812 0.00995228 0.00395889 0.000360022 0.00694572 -0.0146937 0.0363961 -0.00662077 -0.00914851 0.00691868 0.0192267 0.0218051 0.0151169 0.0234054 -0.00326031 0.00522648 0.0193818 0.038988 0.0257607 0.0304142 -0.0133736 -0.0146414 -0.00871564
internal_weight=1199.05 610.622 228.775 45.285 381.848 588.431 405.904 171.392 45.3571 126.035 183.49 294.706 260.079 34.6277 34.3482 188.69 27.7268 64.9818 46.4897 98.3079 234.512 26.2533 208.259 117.444 45.2563 72.1872 47.4974 31.8101 27.1206 18.4921 123.708 50.5896 73.1185 37.103 28.5296 71.3886 28.3221 43.0665 27.7472 21.6074 12.635 36.0155 66.046 45.204 182.527 18.993 87.1414 79.2449 16.6414 19.762 40.2907 30.1959 21.9391 27.7474 20.1107 13.3134 24.6898 13.5485 13.4462 201.353 189.286 82.0065
internal_count=3603 2002 803 186 1199 1601 1148 527 168 359 617 957 865 92 115 656 98 247 166 261 621 83 538 421 146 275 167 91 106 81 409 152 257 144 119 209 95 114 101 85 42 113 196 145 453 81 242 213 55 73 152 107 84 80 64 49 108 53 55 512 473 222
is_linear=0
shrinkage=0.03


Tree=11
num_leaves=63
num_cat=0
split_feature=29 40 45 69 45 36 87 31 35 50 45 63 89 21 17 50 74 7 69 37 20 28 83 56 42 57 38 44 5 27 11 87 66 50 83 48 56 46 46 57 17 89 48 44 54 55 57 52 74 83 35 50 63 69 8 45 14 45 40 43 83 7
split_gain=26.0768 30.9496 21.468 20.5399 18.2481 17.9329 17.8356 14.2432 15.3032 15.7936 13.3219 11.2724 20.2053 17.1808 15.498 14.2107 13.6071 13.4516 13.2664 12.7925 11.0878 11.0573 10.8693 10.3166 9.97241 9.91044 9.44057 11.7657 9.32088 13.9745 17.2306 9.21227 8.85583 10.7538 23.283 8.76317 8.6721 8.43265 8.38774 9.86811 8.43413 9.55195 8.23096 8.16152 7.91086 7.87601 8.16999 7.70341 7.15853 7.06035 7.05791 6.87742 6.8519 6.80661 6.50036 6.4994 6.1151 6.02051 6.2576 12.5851 10.9797 8.59236
threshold=-1.0000000180025095e-35 153.27000427246097 67.231710390751715 96.094997406005874 77.340038809503156 1.5392183210955326 36.323201029780769 306.8121837901719 49.489330764416529 15.114999771118166 73.40627520369749 59.316610612284371 61382350.000000007 25.928971233558389 0.016017311311541854 14.244999885559084 0.0072696709281640506 0.017215037809411502 96.604999542236342 0.0036282572963800505 72.957653045654311 0.12989932921670408 0.017291891835036256 0.043612606801484204 112.79999923706056 2.4903086179593705 0.12167276965009181 6283550.0000000009 69.020087450956893 0.022900093155907051 40.156519318784355 9.081924638763768 0.32464887731673392 20.125000000000004 0.014055823142121402 0.11185727391909236 0.087910086313207916 -1.2948025267839822 0.74339052318166676 3.0523488442647984 0.016343853670241156 49362750.000000007 0.10720179993744192 11282450.000000002 43.771928860718504 0.30228483184719407 2.305081858346274 25.964999198913578 0.004141956485465551 0.0060236872626211512 54.717022242195505 15.015000343322756 32.997431716565593 93.625000000000014 0.078004239389212818 57.845942988122658 48700200.000000007 48.995334306774915 139.56000518798831 168.59500122070315 0.010855735989940002 0.021129767840724952
decision_type=2 2 2 2 2 2 2 2 2 2 2 2 2 2 2 2 2 2 2 2 2 2 2 2 2 2 2 2 2 2 2 2 2 2 2 2 2 2 2 2 2 2 2 2 2 2 2 2 2 2 2 2 2 2 2 2 2 2 2 2 2 2
left_child=1 3 21 5 6 10 11 8 31 20 28 15 14 16 17 24 -14 19 32 -13 -10 -3 -16 -11 -2 -21 35 50 29 30 -1 -6 33 37 38 -20 -29 42 40 -40 41 -35 -17 -38 -31 46 -26 49 55 -15 -28 54 -36 -32 -39 -27 -34 -53 61 60 -60 -59
right_child=4 2 -4 -5 7 -7 -8 -9 9 23 -12 12 13 47 22 18 -18 -19 26 25 -22 -23 -24 -25 45 48 27 36 -30 44 53 -33 56 34 52 -37 43 51 39 -41 -42 -43 -44 -45 -46 -47 -48 -49 -50 -51 -52 57 -54 -55 -56 -57 -58 58 59 -61 -62 -63
leaf_value=-0.0064584864392060468 0.015919504204598384 -0.021535646291117688 0.024432366454995771 0.033576395977741307 0.019932261616806796 -0.02316404210521689 0.029846074553623342 -0.029765491161038708 -0.029382984769880126 -0.0070078010298470312 -0.016219371150536725 -0.014638201321527673 0.032410104756145329 0.0042706765286951373 -0.017230008254347048 0.02673388548491331 -0.012660183955519261 -0.010360059187152139 0.036446263101575387 0.046493453014910556 0.022403539772281943 0.015748834243093198 0.017267612530780459 0.036903637946044114 0.010825191532162957 0.0039798218447554242 -0.0039506827457104158 -0.02219583170198549 0.03344192187200852 -0.0028027691302068372 0.043116954883402857 -0.020869620047975459 0.0017236019613585413 0.022034514064510086 0.0051600552190876796 0.0033364950264610127 0.022661614483035601 0.018679550087500548 -0.0047454426385193397 0.032715539619879642 0.028030560672369673 -0.011176315195965122 -0.013948769307109291 -0.018420125016082655 0.040813882107550173 0.01732518475916894 -0.022131108957554966 0.0088357194485708876 0.03096011466161611 -0.02016635134420483 0.02870402181705789 -0.026948320729330306 -0.014344599076469709 0.0095228958246322219 -0.015745166557091721 0.037723545975104411 -0.025634953104531674 -0.026799779785581596 0.026192153417609262 -0.029304020890468029 -0.015752226305522737 0.0083570717534936102
leaf_weight=41.864091411232948 8.3500846773385984 49.49554942548275 14.72130239009857 42.316639766097069 7.5634877234697369 13.505976289510725 14.105959281325338 7.1810475289821616 7.6996364891529065 5.5064727813005439 12.398454397916792 8.5845872312784177 15.03581351041794 12.438510209321974 27.736711665987968 9.8149384558200854 10.063967421650885 15.551286876201628 14.687427297234537 14.292638242244719 7.2008389979600906 8.3691941499710065 11.681860283017157 38.36376166343689 7.2684955298900595 28.9167310744524 9.7983012795448321 23.407882526516914 23.272446051239967 4.6912784278392818 10.957136645913126 14.581498593091963 9.4533007740974409 10.578014671802519 20.638066038489342 14.101863339543341 10.443399488925936 10.52903424203396 8.4960870295762998 24.809092730283737 10.266159281134604 29.617488786578178 8.2279893904924375 7.4620898067951194 18.504964455962181 5.3836715668439856 98.706719383597374 12.202501982450483 25.051937595009804 73.62211100757122 15.194939509034155 34.886154979467392 75.545521825551987 10.757149696350096 9.2947302758693677 6.2470703572034827 33.093655064702034 32.03710412979126 14.380370289087297 10.78871828317642 9.2165943235158903 7.7749262601137152
leaf_count=127 22 137 35 112 19 41 38 20 29 18 35 29 43 34 95 26 37 48 39 33 19 22 35 91 23 96 30 88 60 12 27 39 29 27 64 47 32 29 27 70 32 109 31 28 42 13 322 34 67 227 39 121 257 29 27 15 100 98 38 32 36 22
internal_value=-1.1088e-06 0.00859998 -0.00791388 0.015324 -0.00227736 0.00964268 -0.00360978 0.0107264 0.0143199 0.0223285 0.0132613 -0.00416782 0.00101007 -0.00781313 0.00889384 -0.00648468 0.0143388 0.0152477 -0.0041096 0.0200403 -0.00435651 -0.0161431 -0.00700649 0.031392 -0.0157014 0.0240358 0.00588304 -0.000345363 0.0165828 0.0120612 0.00478935 -0.00693398 -0.00668171 -0.00500605 -8.90149e-05 0.0202281 -0.0101746 -0.0110273 0.0114742 0.0231593 0.00376193 -0.00243642 0.00818166 0.00554085 0.0319927 -0.0180725 -0.0198707 -0.0134715 0.0187053 -0.0166344 0.0159021 -0.0137159 -0.0101595 0.0264746 0.0025389 0.00997461 -0.0195563 -0.0166699 -0.0118372 -0.00246271 0.00980935 -0.019934
internal_weight=1198.74 250.854 72.586 178.268 947.881 135.951 859.785 88.0967 80.9157 58.7707 122.446 845.679 261.426 123.363 138.063 584.253 25.0998 98.6443 464.544 83.093 14.9005 57.8647 39.4186 43.8702 119.709 74.5084 95.0959 66.3066 110.047 86.7746 63.5784 22.145 369.448 326.901 179.95 28.7893 41.3134 146.951 83.7668 33.3052 50.4617 40.1955 18.0429 17.9055 23.1962 111.359 105.975 98.2631 60.2157 86.0606 24.9932 128.908 96.1836 21.7143 19.8238 35.1638 42.547 109.084 74.1977 34.3857 23.597 39.812
internal_count=3603 679 194 485 2924 373 2689 235 215 157 332 2651 793 375 418 1858 80 288 1478 240 48 159 130 109 380 211 303 217 297 237 183 58 1175 1046 586 86 148 460 265 97 168 136 57 60 54 358 345 295 178 261 69 403 321 56 56 111 129 347 226 106 74 120
is_linear=0
shrinkage=0.03


Tree=12
num_leaves=63
num_cat=0
split_feature=47 64 50 64 6 5 46 19 47 14 17 29 63 20 26 82 65 61 66 50 70 8 59 37 72 73 55 81 37 73 7 52 46 73 60 81 47 72 43 82 56 63 38 83 6 25 7 73 16 50 63 65 45 52 56 81 54 66 26 50 76 40
split_gain=26.6126 24.8668 25.419 25.909 29.5274 25.9155 22.5242 27.3466 20.6842 27.9987 19.4843 16.2939 16.182 16.8738 16.3538 16.1804 21.032 15.2283 15.1803 14.9875 14.7946 20.5091 14.1577 23.9575 16.9148 17.528 18.6273 13.4745 12.6152 12.2457 11.768 17.0274 15.3462 10.9929 10.2709 9.86107 9.81127 9.71198 9.64934 14.6134 10.8561 9.2863 10.6648 8.99813 27.1081 9.46733 8.97094 8.86469 8.38897 8.13455 9.06896 7.32459 10.5396 6.75589 6.71626 6.33775 5.83611 5.59464 5.50621 5.42497 10.8755 8.2441
threshold=0.0088589061383169011 0.12085321723248652 21.595000267028812 -0.031761040654365295 -0.39680513649239113 61.41250033473532 1.6190837944837997 -1.0000000180025095e-35 0.0063809997520582508 21416050.000000004 0.015985722009968055 1.0000000180025095e-35 42.942701882097488 132.6801452636719 0.5732637369677428 0.093325865387329857 0.014395625900132701 2.9735000133514409 0.32763780913241852 10.829999923706056 92.325000762939467 0.097914316938256959 3.9600000381469731 0.012650034681907002 38.669276298420478 -0.29888614046689804 0.441274410719875 34.077803442578507 0.016852592955482353 0.0041361997667408003 0.015628899599994854 14.944999694824221 0.74339052318166676 -0.33147624943998716 2.9169999361038217 27.729927563280608 0.016310357116621203 33.212067616472538 161.69000244140628 0.27492166922182909 0.15999023689691108 47.719116848273309 0.12167276965009181 0.0049759487765487507 0.36375537426748661 84.300209191148625 0.024655279712379356 0.083595062931280467 -0.26073651127688174 30.224999427795414 56.574546101990435 0.026597818826325902 55.97542216459199 17.045000076293949 0.091052773296591269 43.868885876691479 41.368662982227015 0.15519712315767709 0.47624133298726262 24.82499980926514 8.9938936233520526 119.32500076293947
decision_type=2 2 2 2 2 2 2 2 2 2 2 2 2 2 2 2 2 2 2 2 2 2 2 2 2 2 2 2 2 2 2 2 2 2 2 2 2 2 2 2 2 2 2 2 2 2 2 2 2 2 2 2 2 2 2 2 2 2 2 2 2 2
left_child=1 2 3 4 -1 8 22 56 9 47 15 18 -4 14 27 -10 -17 19 33 -11 -6 -22 24 -24 25 26 46 -14 41 43 32 -32 34 58 54 36 -26 -18 59 49 -41 42 -27 44 -7 -45 -2 -5 -35 50 -40 52 -29 -12 -31 -39 -8 -23 -9 60 -37 -62
right_child=6 -3 12 5 20 29 7 11 10 17 53 -13 13 -15 -16 16 37 -19 -20 -21 21 57 23 -25 35 28 -28 51 -30 30 31 -33 -34 48 -36 38 -38 55 39 40 -42 -43 -44 45 -46 -47 -48 -49 -50 -51 -52 -53 -54 -55 -56 -57 -58 -59 -60 -61 61 -63
leaf_value=-0.024626230877734273 -0.023295891350497339 0.037967904417297964 -0.019950465070958337 -0.023159065896574918 0.03695708012380422 0.047209793551993569 -0.0094206650522463617 0.018953788674177005 -0.019678203377061027 -0.020034310417533088 0.042635163340836855 0.025102393736856084 0.026640461211199121 -0.029178787297397764 0.030704638792057391 -0.02559305963774829 -0.01964559224728378 -0.0095202561957073752 0.03879716924417146 0.032881027796178096 0.03296368072902324 -0.019115272623048737 -0.023383048160396935 0.040604938420355889 -0.0090341023241247414 0.024917178611448879 0.041056769735426463 -0.01832526440538015 -0.021829470829785334 -0.020930195543484648 0.034814669900659324 -0.011917114553412916 0.030768369546999304 0.0076510139843664242 0.017340311967380121 0.019709734723527349 0.038087812426745797 -0.03023511858670129 0.035453379901360937 -0.028696834505822392 0.020417348073121292 0.034958610298508004 -0.029382751101571639 -0.024951554093951563 -0.020439218976275292 0.016829667788835375 0.014199631341727574 0.019072824586084395 -0.026096911064467959 -0.01311508331537465 -0.0028401452713760684 -0.026102174076934014 0.031086711447784344 0.0078183180731671263 0.013575651462444034 0.028790149242305538 0.040059381420533884 0.016489763633152642 -0.018706567559410137 -0.024257174172340319 -0.024690351292405627 -0.010729080600209625
leaf_weight=11.927843824028967 35.422873929142952 18.858428865671158 61.003807857632637 16.481360211968425 47.979640185832977 7.7502174973487881 2.3777870982885387 12.408564522862436 41.32680432498455 5.1308751106262198 10.954794257879259 17.287446990609169 10.624740362167357 13.8382261544466 18.934216275811195 13.591364562511442 5.0991721898317328 9.9974437952041608 5.8093579262495032 78.835790261626244 21.259460046887398 14.510666057467462 8.7057593315839785 13.328252241015432 9.9142003655433673 8.2723438590764982 5.5894980728626242 9.3126163780689222 6.6810649931430808 42.734046518802643 18.489756613969806 11.30937837064266 9.0421504527330381 8.1253890097141248 9.4608595073223096 8.2427879124879819 6.640107885003089 1.7417427599430109 13.779606625437738 21.714096292853359 4.9792255610227576 22.356948688626289 5.3676099032163611 51.327876091003418 17.079627141356468 5.3939184099435797 6.8539357185363761 6.1396607458591452 35.999528869986534 9.3987504690885526 9.338051885366438 16.753261089324951 6.6660789400339118 9.2521516233682615 5.7611530423164359 27.276566550135612 21.950644448399544 5.4687354266643515 4.8635091930627814 61.923575296998024 58.372972384095192 109.42087607085705
leaf_count=36 142 40 183 44 100 15 10 36 146 13 23 46 23 43 40 48 16 28 12 173 48 38 34 27 31 22 12 28 26 139 40 32 21 26 27 26 13 6 34 103 14 53 21 179 51 12 19 15 137 35 31 48 16 29 18 62 45 17 21 221 219 390
internal_value=-1.13161e-05 0.00401347 0.00301678 0.00612538 0.0197045 0.00272716 -0.0049852 0.00719681 0.00947807 0.0182668 9.86081e-05 -0.00087292 -0.00843814 0.000786918 0.00744394 -0.00593721 0.00596564 0.0254803 -0.00755453 0.0296476 0.0256312 0.0124541 -0.0080949 0.0153229 -0.00937125 0.00205131 -0.0104123 -0.00271419 0.0160301 -0.00582092 0.00139452 0.017079 -0.00558155 -0.0119403 -0.0112528 -0.0126679 0.009867 0.0185377 -0.0139233 -0.00308592 -0.0195353 0.0230569 0.00354901 -0.0143852 0.00067628 -0.0209784 -0.0172171 -0.0116967 -0.0198824 0.0104177 0.0199853 -0.0122427 0.00228869 0.0266936 -0.016831 0.0252473 0.0352234 -0.00936951 0.0083493 -0.0166198 -0.0139333 -0.015586
internal_weight=1196.44 661.314 642.456 505.323 101.146 404.177 535.125 108.822 225.828 116.585 109.243 84.4938 137.133 76.1291 62.2909 89.0357 47.7088 93.9641 67.2063 83.9667 89.2185 41.2389 426.303 22.034 404.269 90.5443 47.8663 43.3567 42.678 178.349 96.7973 29.7991 66.9982 61.397 57.9561 313.724 16.5543 34.1175 297.17 59.2097 26.6933 35.9969 13.64 81.5516 24.8298 56.7218 42.2768 22.621 44.1249 32.5164 23.1177 32.732 15.9787 20.2069 48.4952 29.0183 24.3284 19.9794 17.2721 237.96 176.037 167.794
internal_count=3603 1797 1757 1376 239 1137 1806 333 603 273 330 278 381 198 155 278 132 214 232 186 203 103 1473 61 1412 295 173 115 122 534 277 72 205 220 184 1117 44 84 1073 217 117 96 43 257 66 191 161 59 163 100 65 92 44 52 157 68 55 55 57 856 635 609
is_linear=0
shrinkage=0.03


Tree=13
num_leaves=63
num_cat=0
split_feature=47 8 47 29 39 65 47 4 43 88 69 54 47 64 48 75 49 28 47 46 47 50 87 16 58 64 74 47 8 59 15 7 72 59 2 15 84 77 36 49 63 73 56 40 69 5 84 45 29 56 63 56 47 36 65 45 41 72 63 4 52 10
split_gain=80.4283 18.6009 16.8563 14.0188 12.4939 12.4697 13.7391 13.1397 11.5694 11.8643 11.0288 12.4836 12.0563 10.2001 9.97214 9.14891 9.03807 8.71558 8.49244 9.86852 7.46184 10.9351 12.0278 11.0085 7.02864 7.95124 6.98019 12.4639 7.01113 6.40823 6.69567 6.95082 9.40936 7.44333 6.88693 6.26528 6.10837 8.61668 9.25005 7.0873 11.0588 9.00331 8.59924 6.61919 6.34302 5.98959 5.98302 5.96153 5.60046 6.56022 6.98237 8.1945 12.9447 5.55888 7.79641 7.68577 6.96483 6.7739 5.57474 5.47386 5.45631 5.28553
threshold=0.0084911684485917526 0.078168964067110672 0.013097989801356551 -1.0000000180025095e-35 -1.0000000180025095e-35 0.012897652028512452 0.0072540624584990004 310678200.00000006 179.09500122070315 30.761190548575705 75.220001220703139 57.712863531200661 0.014016224042355403 0.065967082988859158 0.11689264836759737 1.1086744349552753 13.775000095367433 0.090382731384990964 0.0091868171462001023 -0.66615019851290203 0.0061628566499444008 14.454999923706056 20.995587057683935 0.22491888656329448 2.5099999904632573 -0.045624584989090791 0.0047961840447260503 0.0092187199056907518 0.067091525838773605 1.3594999909400942 40.370414699852923 0.015901494501179152 49.259213822245989 2.1564999818801884 26.871439161388583 83.269678719825166 0.031982615519279257 9.2209447625924241 1.3336134817353342 19.445000648498539 49.075784663498474 0.14606516360863253 0.067249386680393416 124.50500106811525 85.074996948242202 59.131118782764311 0.042038544334179709 71.750536190867649 -1.0000000180025095e-35 0.046884251386158211 66.757643795793413 0.089555487922123117 0.0074160446126140507 4.9245531266630005 0.031328611737897659 70.768120389320572 142.85500335693362 50.312629095216437 64.491889846357196 791400400.00000012 23.445000648498539 24.293028831481937
decision_type=2 2 2 2 2 2 2 2 2 2 2 2 2 2 2 2 2 2 2 2 2 2 2 2 2 2 2 2 2 2 2 2 2 2 2 2 2 2 2 2 2 2 2 2 2 2 2 2 2 2 2 2 2 2 2 2 2 2 2 2 2 2
left_child=5 4 8 -4 15 6 35 -8 9 13 12 14 -6 16 36 59 17 -3 19 -11 46 22 23 45 25 -13 28 -28 -16 -23 31 32 -31 -34 -32 -1 37 38 44 40 43 -42 -43 -39 -12 -22 -7 -29 -36 -50 51 52 -51 54 55 58 -57 60 61 -2 -56 -18
right_child=1 2 3 -5 10 20 7 -9 -10 18 11 24 -14 -15 26 -17 53 -19 -20 -21 21 29 -24 -25 -26 -27 27 47 -30 30 34 -33 33 -35 48 -37 -38 39 -40 -41 41 42 -44 -45 -46 -47 -48 -49 49 50 -52 -53 -54 -55 57 56 -58 -59 -60 -61 -62 -63
leaf_value=-0.0056825144406012981 -0.0024904230474135257 0.0030055362884288846 -0.0048772715941317532 0.038412851048050992 -0.019380913446433379 -0.016766371405262135 0.0414805660500124 -0.012119276087868756 -0.015970476635882181 -0.001227816058563227 0.038512075411883291 -0.0054286029751420941 0.020396236149440219 -0.010708101307371667 0.053299293980560686 -0.018028133306286019 0.014903393841287119 0.042981852761960447 0.050057173961184559 0.054486717649375162 0.035967090441551143 -0.027969047192477125 0.029013396639015601 -0.009137024443657717 -0.009698915431037753 0.026367542847306174 -0.026156612783608924 0.028568581488203352 0.016104801544513461 -0.0050731545626525546 -0.018418596773841826 -0.011860485198881197 0.0094708623756335104 0.058274087029531518 -0.018427771650879995 0.025435623728779656 -0.010698107585761379 0.01241900774228403 -0.0059561964156432477 -0.010311256800491955 -0.0095665257709944516 0.0016162787633283542 0.047160312918934424 0.053933337424802823 0.0038178216838279308 -0.00098982230368444566 0.0058790953787441914 0.0020018878213996301 -0.020347299101485705 -0.02269861819968062 -0.016051550679794083 0.031141405119487337 0.028848071333691706 -0.014155143620827194 -0.0094287238457765078 0.0057015116192641697 0.055910016456751067 0.036349554031080825 0.024809680309522311 0.024624067218286246 0.028662100395744405 -0.0090833306282566782
leaf_weight=90.426382094621658 42.897414445877075 7.345426797866824 8.2026287764310819 37.563216879963875 26.553257435560226 154.46049349009991 12.835702285170557 6.0593886524438849 13.934932962059973 9.6424131095409376 21.082454413175586 15.035984992980959 9.2458075881004316 20.071858003735542 10.879831820726396 35.953873738646507 10.76049295067787 14.793668434023855 11.75370219349861 4.0685530155897167 8.6728421151638013 18.031309574842453 12.516215950250624 55.791537076234818 42.896860674023628 13.37436433136463 5.5548983067274085 29.82771010696888 7.8535970002412787 14.252112463116648 80.342656254768372 21.90416719019413 6.221883684396742 5.1330501288175583 22.047873869538307 6.2239148169755927 14.318394750356672 6.8807427287101728 8.019001752138136 21.21698172390461 23.694963037967682 9.3403092175722104 6.2129939347505561 6.9460360407829285 6.1192487478256217 7.2429446876049033 11.266151726245878 10.202072739601133 11.55614513158798 10.189700245857244 10.323479682207106 12.500301420688627 7.6963570564985266 8.8427838981151563 7.5090693235397357 5.3750167340040189 4.6271354258060455 16.363545820116997 7.2197339534759513 7.9414138793945304 6.1618856936693192 35.690161764621735
leaf_count=254 124 23 23 163 62 375 57 15 33 29 92 43 34 51 53 87 38 67 56 20 37 37 50 151 114 52 12 120 28 41 191 56 21 26 51 24 38 24 23 57 63 29 29 34 19 21 37 31 27 23 25 51 31 22 20 17 23 70 28 31 25 95
internal_value=1.22069e-05 0.00761768 0.0143596 0.0306539 0.00356019 -0.00793452 0.000895377 0.0242919 0.0103103 0.0124617 0.00650159 0.00865531 -0.00910769 0.00913993 0.0127064 -0.00644598 0.012335 0.0297183 0.0313454 0.0153048 -0.0101046 -0.007316 0.00187759 -0.00285886 -0.00203385 0.00953965 0.0222897 0.0159541 0.0377063 -0.0108324 -0.00930402 0.000546254 0.0111589 0.0315326 -0.0123301 -0.00367862 0.00772887 0.0101381 0.0223598 0.00434402 0.0102025 0.00207461 0.0198095 0.0332742 0.0307073 0.0191488 -0.0152269 0.0217977 -0.00574762 -0.000398621 0.00526413 0.0125059 -0.000518116 0.00858216 0.0107278 0.00478465 0.0289287 0.0233271 0.000285104 0.00174507 0.00773989 -0.0035267
internal_weight=1197.67 611.974 229.926 45.7658 382.048 585.695 115.545 18.8951 184.16 170.225 295.256 259.456 35.7991 144.761 188.149 86.7927 124.689 22.1391 25.4647 13.711 470.149 304.423 84.2235 71.7073 71.3072 28.4103 64.3181 45.5847 18.7334 220.199 202.168 47.5112 25.607 11.3549 154.657 96.6503 123.831 109.513 35.2207 74.292 53.075 39.2483 15.5533 13.8268 27.2017 15.9158 165.727 40.0298 74.3139 52.266 40.7098 30.3864 17.8861 102.55 93.707 63.6725 10.0022 30.0345 53.6704 50.8388 13.671 46.4507
internal_count=3603 2002 803 186 1199 1601 350 72 617 584 957 861 96 479 652 242 428 90 105 49 1251 839 259 209 209 95 244 163 81 580 543 144 88 47 399 278 408 370 134 236 179 121 58 58 111 58 412 151 208 157 130 105 54 338 316 201 40 115 161 155 45 133
is_linear=0
shrinkage=0.03


Tree=14
num_leaves=63
num_cat=0
split_feature=47 87 29 72 68 61 4 61 75 58 48 26 55 70 36 26 63 89 4 47 74 29 6 40 47 49 47 83 43 70 4 18 47 56 52 27 72 7 33 64 2 27 37 55 46 45 4 51 72 64 7 5 28 15 54 5 6 54 46 74 68 32
split_gain=28.9213 33.7782 19.9851 22.9443 20.4414 30.7083 22.8417 19.1125 18.3169 17.4903 17.2541 15.4983 15.1207 14.8049 13.6582 12.2457 11.2741 13.7499 11.1784 16.0193 11.1482 11.0208 10.5889 10.482 10.642 9.87262 9.74039 9.59808 10.9051 12.7342 10.4786 9.20972 8.94114 8.73225 10.6719 8.70511 8.445 8.34109 8.19839 8.15198 8.01638 9.1674 14.4102 17.082 10.7109 9.32292 7.99901 7.94125 14.3617 7.17344 7.74953 7.01456 6.88359 6.98213 6.82712 8.16051 7.96827 6.63979 8.0316 7.23812 6.86977 6.3813
threshold=0.012067218449033053 9.060212631456146 1.0000000180025095e-35 30.7209614359077 92.880001068115249 2.8355000019073491 101908000.00000001 2.5664999485015874 1.1281973237715144 3.4934999942779545 0.10443563130136012 0.64514694388011773 1.9638297247851553 83.849998474121108 -0.46619407053752576 -0.40849638520216475 34.513786755639956 65367885.000000007 113795200.00000001 0.0071163853615464007 0.0059689589958533008 -1.0000000180025095e-35 0.52839850891957607 113.87500000000001 0.005992475069873401 15.300000190734865 0.019777728636452951 0.012785330988141101 120.39500045776369 94.505001068115249 96384400.000000015 0.046596599700105157 0.010378654393616302 0.058247553880726159 14.194999694824221 0.0093867116368327019 32.98330530620418 0.020384421792674006 258.26884899930434 0.031414879904509412 24.467989070751941 0.018780949046651802 0.0079185747704591022 -0.76448601045754738 -0.59756920266653413 54.339667428097648 500040800.00000006 20.724999427795414 46.035633303036903 0.013147851225038603 0.010789228511262102 43.261200686654604 0.12634489791211487 38.54238214789364 57.083729006780125 83.376373707226364 0.017416674821896003 51.082004587203365 0.31344969572634795 0.0044029306289599009 80.424999237060561 102.1573483105323
decision_type=2 2 2 2 2 2 2 2 2 2 2 2 2 2 2 2 2 2 2 2 2 2 2 2 2 2 2 2 2 2 2 2 2 2 2 2 2 2 2 2 2 2 2 2 2 2 2 2 2 2 2 2 2 2 2 2 2 2 2 2 2 2
left_child=1 9 4 33 7 6 27 8 22 13 21 15 25 47 20 -9 23 32 -7 -20 -12 37 54 -8 -25 -5 -22 28 49 39 -31 36 40 -4 -35 -27 -17 -2 -26 -30 -18 42 43 -42 -45 -46 -23 48 -1 50 -6 -49 53 -29 55 -3 -56 58 59 -38 61 -59
right_child=10 2 3 12 5 18 16 11 -10 -11 14 -13 -14 -15 -16 31 17 -19 19 -21 26 46 -24 24 38 35 -28 52 29 30 -32 -33 -34 34 -36 -37 57 -39 -40 -41 41 -43 -44 44 45 -47 -48 51 -50 -51 -52 -53 -54 -55 56 -57 -58 60 -60 -61 -62 -63
leaf_value=-0.010715196519580987 -0.0051095803259591614 -0.026424329249245447 0.03236066603745355 -0.022493623537421709 -0.0054632131584477963 -0.023160008034926169 0.042877372949836387 -0.011539319230360197 0.035072286636321233 -0.0093153266834893628 -0.022573546552493523 -0.020362984342145937 0.025739169781825784 -0.013850794454108716 -0.02270938614553715 -0.0063123882565641522 0.033956459665449648 -0.012178523608963345 0.023120480215032622 -0.028950372235839145 0.019272930354446698 0.0069662381809327909 0.0012290051953602319 0.033289076866811346 -0.021703032360752945 0.012341924373592718 -0.011667307857019872 0.0059944683514214512 0.036298993551743063 -0.0163241034894882 0.026326980751590515 -0.022395471369502921 -0.024018568970404927 -0.029433619165063964 0.017929430412769298 -0.011710068884113873 0.012066791311981092 0.036540786186879205 0.015136797254343654 -0.006839561546452752 -0.024949119858797695 0.032504844702145534 -0.015241473396994028 0.042624779195178153 -0.0062227283890872046 0.025056219813474501 -0.013306451489437814 0.010185766753315041 0.040293697625214807 0.042237379719559362 0.035051571835696807 0.03873405425379238 0.011394254049734502 0.045792493666646575 0.015828272244441222 0.0086077815405280287 -0.029049385223868199 0.032314038230628846 -0.0022613733932297089 0.048517643095575921 0.04467155101098641 -0.0081227193525442772
leaf_weight=11.102289184927942 6.7755016684532192 68.838653087615967 14.808363646268843 70.267852783203125 8.5914893001317996 35.700802654027939 11.451186329126356 21.348108649253845 7.0609528273344031 16.791808187961578 19.123677596449852 19.170513987541199 9.1352686583995801 8.307623088359831 92.46964105963707 12.563983678817747 10.57198393344879 48.990606486797333 14.289894089102747 8.4685489833354932 20.750372335314751 31.341953933238983 28.674563497304916 11.227261483669279 10.522892102599146 16.162230283021927 16.390865460038185 4.6645860373973873 14.560146808624269 22.445640981197361 6.7412454932928076 5.9170880019664756 7.844714328646659 6.5309105962514904 12.431749790906904 83.568283915519714 14.11161729693413 11.976803302764891 11.248074814677237 5.4064625501632682 9.5773140490055066 10.723943918943403 26.469023644924164 12.63808347284793 16.203671053051956 18.218695357441902 39.711224675178528 9.2615708410739881 8.9905048906803113 16.749290436506271 8.4066862463951093 47.339132323861122 10.141207620501516 26.544814929366112 9.3424336165189725 6.5542883872985831 5.7537948787212363 8.7816496789455432 18.330768018960953 7.5133024752140036 15.7905276119709 5.8536076992750159
leaf_count=29 23 212 40 215 27 100 27 66 15 49 66 61 27 28 361 39 28 150 40 30 58 100 94 27 42 39 61 14 37 80 19 18 32 19 28 240 42 26 30 23 26 28 82 30 57 48 131 27 23 38 23 117 27 61 26 15 23 25 61 17 36 20
internal_value=-9.02774e-07 0.00232493 0.00038409 -0.00758409 0.00301833 0.00735422 0.010905 -0.00357015 -0.0118755 0.0186632 -0.00934851 0.00453259 -0.0118602 0.0241903 -0.015618 0.00886303 0.00476997 0.00108224 -0.0126859 0.00374461 -0.0039635 0.00103492 -0.0146574 0.018147 0.00956495 -0.0138807 0.00561864 0.0210609 0.0151722 0.00615648 -0.00647306 0.0137644 0.00686993 0.015098 0.00161717 -0.00781223 0.016344 0.0214919 -0.00266956 0.0246181 0.00919086 0.0064005 0.00303205 0.011572 0.0190044 0.0103323 -0.00436405 0.028311 0.0121087 0.0283037 0.0145739 0.0340627 0.0328669 0.0398442 -0.0196915 -0.0233788 -0.00127645 0.0203884 0.0123476 0.0247312 0.0309478 0.0161407
internal_weight=1197.24 958.702 856.909 212.905 644.004 388.398 329.939 255.606 126.225 101.793 238.54 129.381 179.134 85.0011 148.735 110.211 205.687 161.238 58.4592 22.7584 56.2649 89.8055 119.164 44.4494 32.9982 169.998 37.1412 124.252 82.901 49.1535 29.1869 88.8625 112.247 33.771 18.9627 99.7305 82.9455 18.7523 21.771 19.9666 104.403 93.8307 83.1068 56.6378 47.0604 34.4224 71.0532 76.6935 20.0928 33.7475 16.9982 56.6007 41.3506 31.2094 90.4892 75.3929 15.0962 70.3815 39.9557 21.6249 30.4258 14.6353
internal_count=3603 2777 2504 608 1896 1126 956 770 385 273 826 385 521 224 546 324 607 481 170 70 185 280 370 126 99 494 119 349 247 159 99 258 331 87 47 279 240 49 72 60 299 271 243 161 135 105 231 196 52 88 50 144 102 75 276 227 49 201 120 59 81 45
is_linear=0
shrinkage=0.03


end of trees

feature_importances:
Column_47=55
Column_27=38
Column_6=31
Column_64=28
Column_56=27
Column_37=25
Column_50=24
Column_74=23
Column_5=22
Column_7=21
Column_40=21
Column_59=20
Column_17=19
Column_72=19
Column_45=18
Column_73=18
Column_26=17
Column_46=17
Column_65=17
Column_16=16
Column_36=15
Column_63=15
Column_4=14
Column_8=14
Column_25=14
Column_29=14
Column_83=14
Column_15=13
Column_55=13
Column_70=13
Column_48=12
Column_75=12
Column_82=12
Column_89=12
Column_28=11
Column_49=11
Column_54=11
Column_66=11
Column_69=11
Column_14=10
Column_43=10
Column_35=9
Column_42=9
Column_44=9
Column_52=9
Column_58=9
Column_68=9
Column_51=8
Column_60=8
Column_67=8
Column_87=8
Column_18=7
Column_39=7
Column_41=7
Column_81=7
Column_86=7
Column_88=7
Column_24=6
Column_61=6
Column_2=5
Column_10=5
Column_38=5
Column_3=4
Column_19=4
Column_84=4
Column_32=3
Column_57=3
Column_11=2
Column_20=2
Column_21=2
Column_31=2
Column_34=2
Column_76=2
Column_77=2
Column_0=1
Column_1=1
Column_12=1
Column_33=1
Column_80=1

parameters:
[boosting: gbdt]
[objective: multiclass]
[metric: multi_logloss]
[tree_learner: serial]
[device_type: cpu]
[data_sample_strategy: bagging]
[data: ]
[valid: ]
[num_iterations: 1000]
[learning_rate: 0.03]
[num_leaves: 63]
[num_threads: 4]
[seed: 25]
[deterministic: 0]
[force_col_wise: 0]
[force_row_wise: 0]
[histogram_pool_size: -1]
[max_depth: -1]
[min_data_in_leaf: 20]
[min_sum_hessian_in_leaf: 0.001]
[bagging_fraction: 0.8]
[pos_bagging_fraction: 1]
[neg_bagging_fraction: 1]
[bagging_freq: 0]
[bagging_seed: 14285]
[bagging_by_query: 0]
[feature_fraction: 0.8]
[feature_fraction_bynode: 1]
[feature_fraction_seed: 14195]
[extra_trees: 0]
[extra_seed: 11661]
[early_stopping_round: 0]
[early_stopping_min_delta: 0]
[first_metric_only: 0]
[max_delta_step: 0]
[lambda_l1: 0]
[lambda_l2: 0]
[linear_lambda: 0]
[min_gain_to_split: 0]
[drop_rate: 0.1]
[max_drop: 50]
[skip_drop: 0.5]
[xgboost_dart_mode: 0]
[uniform_drop: 0]
[drop_seed: 9090]
[top_rate: 0.2]
[other_rate: 0.1]
[min_data_per_group: 100]
[max_cat_threshold: 32]
[cat_l2: 10]
[cat_smooth: 10]
[max_cat_to_onehot: 4]
[top_k: 20]
[monotone_constraints: ]
[monotone_constraints_method: basic]
[monotone_penalty: 0]
[feature_contri: ]
[forcedsplits_filename: ]
[refit_decay_rate: 0.9]
[cegb_tradeoff: 1]
[cegb_penalty_split: 0]
[cegb_penalty_feature_lazy: ]
[cegb_penalty_feature_coupled: ]
[path_smooth: 0]
[interaction_constraints: ]
[verbosity: -1]
[saved_feature_importance_type: 0]
[use_quantized_grad: 0]
[num_grad_quant_bins: 4]
[quant_train_renew_leaf: 0]
[stochastic_rounding: 1]
[linear_tree: 0]
[max_bin: 255]
[max_bin_by_feature: ]
[min_data_in_bin: 3]
[bin_construct_sample_cnt: 200000]
[data_random_seed: 120]
[is_enable_sparse: 1]
[enable_bundle: 1]
[use_missing: 1]
[zero_as_missing: 0]
[feature_pre_filter: 1]
[pre_partition: 0]
[two_round: 0]
[header: 0]
[label_column: ]
[weight_column: ]
[group_column: ]
[ignore_column: ]
[categorical_feature: ]
[forcedbins_filename: ]
[precise_float_parser: 0]
[parser_config_file: ]
[objective_seed: 4575]
[num_class: 3]
[is_unbalance: 0]
[scale_pos_weight: 1]
[sigmoid: 1]
[boost_from_average: 1]
[reg_sqrt: 0]
[alpha: 0.9]
[fair_c: 1]
[poisson_max_delta_step: 0.7]
[tweedie_variance_power: 1.5]
[lambdarank_truncation_level: 30]
[lambdarank_norm: 1]
[label_gain: ]
[lambdarank_position_bias_regularization: 0]
[eval_at: ]
[multi_error_top_k: 1]
[auc_mu_weights: ]
[num_machines: 1]
[local_listen_port: 12400]
[time_out: 120]
[machine_list_filename: ]
[machines: ]
[gpu_platform_id: -1]
[gpu_device_id: -1]
[gpu_use_dp: 0]
[num_gpu: 1]

end of parameters

pandas_categorical:null
