tree
version=v4
num_class=3
num_tree_per_iteration=3
label_index=0
max_feature_idx=92
objective=multiclass num_class:3
feature_names=Column_0 Column_1 Column_2 Column_3 Column_4 Column_5 Column_6 Column_7 Column_8 Column_9 Column_10 Column_11 Column_12 Column_13 Column_14 Column_15 Column_16 Column_17 Column_18 Column_19 Column_20 Column_21 Column_22 Column_23 Column_24 Column_25 Column_26 Column_27 Column_28 Column_29 Column_30 Column_31 Column_32 Column_33 Column_34 Column_35 Column_36 Column_37 Column_38 Column_39 Column_40 Column_41 Column_42 Column_43 Column_44 Column_45 Column_46 Column_47 Column_48 Column_49 Column_50 Column_51 Column_52 Column_53 Column_54 Column_55 Column_56 Column_57 Column_58 Column_59 Column_60 Column_61 Column_62 Column_63 Column_64 Column_65 Column_66 Column_67 Column_68 Column_69 Column_70 Column_71 Column_72 Column_73 Column_74 Column_75 Column_76 Column_77 Column_78 Column_79 Column_80 Column_81 Column_82 Column_83 Column_84 Column_85 Column_86 Column_87 Column_88 Column_89 Column_90 Column_91 Column_92
feature_infos=[2.343106746673584:178.1036376953125] [2.4569659681003269:179.01368336177322] [2.343106746673584:175.27566230322219] [2.3787631319478337:178.71033907372009] [41000000:2622057200] [3.180195530144303:97.487589551191363] [-6.4828828111666894:7.3254461884524034] [0.0045576110889383997:0.074093348926051406] [-0.19532940813938149:0.21934594333267121] [-1:1] [11.113184928894045:331.23138427734369] [11.457949638566454:337.56420853417592] [10.90779200144191:330.35291475682118] [11.149862247713038:332.68902516522752] [7425600:319317900] [9.4559710412185041:99.111643005440882] [-9.1440243391352833:10.116572434111902] [0.0034869304571151999:0.071274458346339997] [-0.11078124833437369:0.173883211688353] [-1:1] [10.434157371520996:153.18013000488281] [11.346326719159403:154.23240597819722] [9.8172956034808916:152.07439594599043] [10.086352292693158:154.00947524277967] [3324300:217294200] [3.4722752582759422:97.602183752859673] [-10.557102579386566:5.1593287859715389] [0.0038155922721854999:0.1059644022382243] [-0.23201875032363881:0.26669979252365689] [49.808567047119141:450.64443969726562] [51.190715930905981:452.78581476584628] [49.06995489334205:449.0879146544429] [49.691557018334201:452.06886482401148] [20270000:871026300] [3.9899474651378739:100] [-21.555608297982587:8.92834706151109] [0.0020098473256695:0.060422403482761497] [-0.024634387240041598:0.17565018563893009] [-1:1] [70:193.88999938964844] [71.889999389648438:194.44999694824219] [66:192.52000427246091] [69.300003051757812:193.74000549316409] [1501600:93804200] [5.0106713863692534:99.119892970390595] [-5.4048728656169942:6.6911422718847575] [0.0028724657468173001:0.040138751401655702] [0.0014771860881035001:0.20069551052144691] [-1:1] [9.1400003433227539:82.69000244140625] [9.3100004196166992:89.529998779296875] [8.5600004196166992:72.760002136230469] [9.0100002288818359:82.69000244140625] none [1.0835866007873562:91.666661687164478] [-5.450254300959152:14.577704716716717] [0.0250983600313501:0.29432257682768431] [2.2126604230287223:4.415098705258881] [0.49900001287460322:4.2610001564025879] [0.53799998760223389:4.3239998817443848] [0.39800000190734858:4.2069997787475586] [0.48399999737739557:4.255000114440918] none [1.2903278260660755:90.935695956153239] [-0.3274979659731731:0.20410190241801901] [0.0060552070477927003:0.20468915249381631] [-0.81826805771852884:0.50037031550979794] [71.870002746582031:108.54000091552734] [72.040000915527344:109.29000091552734] [71.30999755859375:108.1999969482422] [71.739997863769531:108.66999816894533] none [8.275864488112461:100] [-1.3723688026576184:2.0514350441877269] [0.0012972580854122:0.0128912865537055] [1.0412974745880359:1.1926650537170618] [5.1995797157287598:85.483741760253906] [5.4176306311342284:85.672472383487573] [5.1010295556481049:84.825619512064392] [5.2626544607487054:85.643438609331298] [3073000:136539000] [5.3232286817455758:99.538755199882416] [-2.9149283967157018:2.0923957690243071] [0.0029260486269769002:0.067775608118082101] [-0.1160363499828047:0.1283426171986827] [3.6804323196411128:38.462478637695312] [3.8412271534111553:38.722488682597181] [3.5017702069782568:38.276762107289073] [3.6030107111585319:38.536768083710413] [9107923:1050592272] none none none
tree_sizes=6561 6578 6561 6776 6811 6802 6794 6795 6819 6780 6783 6782 6779 6797 6789 6784 6797 6769 6777 6774 6789 6793 6823 6793 6773 6777 6807 6787 6793 6826 6799 6816 6826 6800 6818 6808 6796 6806 6820 6808 6793 6835 6815 6815 6798 6817 6817 6822 6771 6813 6831 6795 6809 6814 6816 6829 6816 6804 6854 6811 6812 6817 6804 6812 6818 6826 6803 6836 6800

Tree=0
num_leaves=63
num_cat=0
split_feature=38 38 67 79 27 0 86 6 46 48 68 17 1 78 36 54 56 43 82 44 2 14 19 56 1 72 11 7 64 61 44 16 4 0 50 6 25 83 67 44 4 11 24 46 70 64 22 6 24 22 18 8 13 8 47 51 16 4 4 41 5 75
split_gain=810.992 62.1813 26.1684 31.0736 25.7158 25.6027 22.8976 17.2105 16.4383 15.5099 14.9971 15.683 14.5152 14.2713 13.6294 13.1366 11.9147 11.0372 10.376 11.0419 9.85603 10.0898 8.00277 10.0633 7.96076 7.64399 7.59014 7.12586 6.06793 8.28777 6.89611 6.82727 7.61613 9.24351 6.04379 5.98195 5.87131 5.78104 5.38529 5.0671 4.95337 4.77665 4.81784 4.72395 4.8206 5.81053 7.34264 6.18738 6.01566 9.04434 7.52382 4.47471 4.34782 4.13856 3.9702 3.85805 3.51407 3.0573 2.7979 6.55388 2.6947 2.51216
threshold=-1.0000000180025095e-35 1.0000000180025095e-35 75.665000915527358 9.7799405244761868 0.010849805464199053 37.619802474975593 30.046619742491583 0.72200842110487085 0.011347782704467702 1.0000000180025095e-35 95.444999694824233 0.0099858116547338026 5.4219557075688742 5.5326834570423236 0.0042818810866683005 43.771928860718504 0.057067330082356212 11492750.000000002 0.16871866188788506 80.90761684464826 144.11862647055929 28005450.000000004 -1.0000000180025095e-35 0.062059763747894105 27.21474875178011 66.919479282337576 17.920400763144468 0.030614655637342853 -0.027459368449664848 2.1284999847412114 37.026149663667837 -0.19316091742345512 128043200.00000001 112.51866912841797 12.454999923706056 0.16039449339948672 42.235104842698512 0.0043686264434349012 74.014999389648452 76.970274044449042 455375200.00000006 157.37919832771402 22891800.000000004 0.0056538336547885511 95.594997406005874 -0.039482929956964292 42.689804288919078 0.27175801122510551 31240900.000000004 25.941615839488403 0.042694976201858907 0.035039794524018612 21.016484477646692 0.065393460463919015 0.118724425293335 14.989999771118166 -0.57118143565565205 76244550.000000015 95276800.000000015 166.92500305175784 15.074124909025672 1.0794666082299262
decision_type=2 2 2 2 2 2 2 2 2 2 2 2 2 2 2 2 2 2 2 2 2 2 2 2 2 2 2 2 2 2 2 2 2 2 2 2 2 2 2 2 2 2 2 2 2 2 2 2 2 2 2 2 2 2 2 2 2 2 2 2 2 2
left_child=9 2 3 53 5 8 13 -7 10 12 39 24 26 -6 37 20 -9 25 19 22 -8 -22 23 -15 -12 -17 -1 -20 38 31 55 -30 33 -33 -24 -13 -5 -14 -16 -4 -34 -3 58 -36 45 46 48 56 -45 50 -50 -40 -32 -2 -25 -31 -47 -11 59 -43 -59 -58
right_child=1 41 4 36 6 7 15 16 -10 57 11 35 14 18 28 17 -18 -19 27 -21 21 -23 34 54 -26 -27 -28 -29 29 30 52 32 40 -35 43 -37 -38 -39 51 -41 -42 42 -44 44 -46 47 -48 -49 49 -51 -52 -53 -54 -55 -56 -57 61 60 -60 -61 -62 -63
leaf_value=-1.0707890371494588 -1.1286122846977753 -1.1262492148576193 -1.1272240457135403 -1.0830531758881563 -1.0452844104490258 -1.0551831815032255 -1.0641574176009692 -1.0765271458701784 -1.0760854333135459 -1.0771050408340983 -1.1009771229144936 -1.0977071502279971 -1.0629798567871644 -1.0799454248437632 -1.1286122846977753 -1.1259982050592627 -1.122495996078217 -1.0699346833794627 -1.1260403434801445 -1.0761481641911621 -1.1217490712745615 -1.0678189119823551 -1.0820228546438075 -1.1286122846977753 -1.0611890639191643 -1.0890587246221255 -1.1133370374501037 -1.0917462813190935 -1.0478503799000771 -1.0619169813669036 -1.0691484419516828 -1.0422982729809618 -1.0813819854704323 -1.0818958655505615 -1.0969151126945518 -1.1286122846977753 -1.0496853986556072 -1.0988968081552524 -1.0965310288455796 -1.1002164536278327 -1.1176653849792366 -1.1241546087967256 -1.0944013079872101 -1.1286122846977753 -1.1272847988915178 -1.1022723278108553 -1.0748668102752987 -1.096418263878731 -1.1286122846977753 -1.0726188494006277 -1.0827138001166621 -1.0464128973808251 -1.047471928570161 -1.0940157297554105 -1.09439992601657 -1.0920742031466053 -1.1121491303496525 -1.0798192987037381 -1.1265160036910709 -1.0862397654461156 -1.0460501901072556 -1.1251724499524096
leaf_weight=8.2591338008642179 9.6137493401765806 247.00776140391827 38.223481029272079 6.9882832914590862 2.547206535935401 17.343529745936394 14.818739369511606 12.225366622209551 14.142986893653868 3.0906328409910193 7.68055231869221 10.301846742630007 6.4679400920867947 13.084055960178377 0.75534588098525901 20.299047395586971 8.6757394522428495 5.4259198009967795 103.1581245213747 7.0799487680196753 7.7315571010112745 5.2370833307504654 4.5558253377676001 8.8762539029121381 11.018259912729262 6.707781344652175 6.9476225972175589 5.7574265301227561 9.1984775811433774 11.138514012098314 9.8159917742013914 9.2215606868267077 11.235018059611322 12.494463443756102 10.044427901506422 12.44723619520664 14.79081769287586 10.714280769228933 1.6540289670228947 7.4748052060604087 4.8473383188247672 11.903809890151026 7.7553071528673163 11.553785771131514 39.972801387310028 8.0582252591848356 5.9238468408584586 9.8894127160310727 10.541021049022676 6.6336934566497794 4.6244077086448661 52.28906911611557 54.933446645736694 4.6013246029615393 4.6529963314533225 5.8090982586145392 16.11578357219696 2.1750391125679007 25.313078880310059 6.2615260332822791 95.763506054878235 77.130633309483528
leaf_count=23 46 702 125 21 5 36 37 36 37 10 24 32 14 34 4 71 34 16 408 21 29 15 14 29 27 20 26 22 19 26 27 17 35 33 29 43 30 26 5 18 17 38 19 53 167 26 17 38 46 17 16 105 111 18 15 19 60 4 73 16 186 316
internal_value=-1.09861 -1.11337 -1.10769 -1.08291 -1.10931 -1.09819 -1.1131 -1.07728 -1.10609 -1.05743 -1.11095 -1.09789 -1.06197 -1.11604 -1.05983 -1.09601 -1.09561 -1.10898 -1.11655 -1.11305 -1.08087 -1.09997 -1.11418 -1.0987 -1.07753 -1.11682 -1.09023 -1.12423 -1.05743 -1.06099 -1.05522 -1.07103 -1.07667 -1.06508 -1.11619 -1.11462 -1.06039 -1.08538 -1.04906 -1.12281 -1.09232 -1.12452 -1.11618 -1.11697 -1.11802 -1.11556 -1.10565 -1.11907 -1.11111 -1.10184 -1.11462 -1.04795 -1.05076 -1.11741 -1.11685 -1.07225 -1.12128 -1.04773 -1.12007 -1.11109 -1.0468 -1.12292
internal_weight=1201 884.189 585.948 35.9942 549.954 139.534 410.42 38.2446 101.289 316.811 87.1462 41.4479 215.781 350.2 200.575 60.2201 20.9011 32.4327 347.653 238.737 27.7874 12.9686 231.657 26.6133 18.6988 27.0068 15.2068 108.916 183.392 128.694 81.6971 46.9969 37.7984 21.716 205.044 22.7491 21.7791 17.1822 54.6984 45.6983 16.0824 298.241 51.2337 200.488 190.444 150.471 39.2768 111.194 33.3529 21.7991 15.1654 53.9431 64.7494 14.2151 13.5293 16.9476 101.305 101.029 43.4784 18.1653 97.9385 93.2464
internal_count=3603 2896 2048 115 1933 412 1521 106 306 707 269 126 507 1333 458 188 70 107 1328 898 81 44 877 78 51 91 49 430 418 304 183 121 102 50 799 75 51 40 114 143 52 848 146 785 756 589 149 440 132 79 62 110 138 64 44 45 402 200 127 54 190 376
is_linear=0
shrinkage=1


Tree=1
num_leaves=63
num_cat=0
split_feature=38 38 27 27 26 36 35 25 12 10 17 40 83 74 27 17 26 54 44 2 55 36 24 70 52 73 18 49 11 28 77 82 42 27 26 24 86 26 26 27 35 20 86 45 2 70 28 80 54 43 1 7 69 20 48 1 81 54 37 8 35 5
split_gain=140.225 83.0351 67.9834 21.6535 23.1838 20.1337 19.0902 16.4838 15.168 14.4845 15.6525 13.7385 11.7001 11.7417 11.2903 10.4815 11.3999 10.7596 10.4421 9.97788 9.78708 14.2844 9.53387 10.1628 8.96738 8.88565 8.87825 10.4589 8.84581 16.8175 8.68794 8.22637 8.05414 7.84379 9.76402 9.22931 7.83428 7.23994 9.13522 6.93962 6.93281 6.89718 6.76606 6.61349 6.49588 10.4125 6.60529 6.37149 6.21702 6.21644 6.03661 5.97491 5.96062 9.2602 5.88924 9.70805 5.53689 7.00941 5.89038 7.33002 5.31841 5.31304
threshold=-1.0000000180025095e-35 1.0000000180025095e-35 0.022069384653104953 0.011966790275431351 0.55818507809744144 0.0053295487673054006 2.7054339927136088 41.006298034903985 20.864858577282924 21.446165084838871 0.015636912799224554 123.07999801635744 0.007072923688637601 0.0042730347199500009 0.0076511554434743508 0.012304102287696952 0.51234436377339077 47.641112167023437 65.892209787754041 70.148834157154752 0.06080895798715686 0.013171091574704651 12734250.000000002 82.844997406005874 17.925000190734867 0.01176260113124525 0.032588116874083757 11.275000095367433 100.71705331704494 0.097849005913491063 17.974807998966622 1.1250271193784303 152.98500061035159 0.0076511554434743508 1.4079791397660151 21279600.000000004 9.223224912389421 -0.0066832129691504994 0.52118198008424355 0.015889389794663051 1.5136284585928126 26.730355262756351 9.9884260335980937 -0.57920790330980754 11.321223106918538 86.31000137329103 0.039114107217751805 17413500.000000004 48.917684555227559 3700050.0000000005 28.250462929330514 0.014007165411774252 79.715000152587905 26.614782333374031 1.0000000180025095e-35 5.3104934536991433 66.428201814546512 63.790087715954051 0.12517927891330685 0.063553067552738471 0.90030324703312214 55.101558287126167
decision_type=2 2 2 2 2 2 2 2 2 2 2 2 2 2 2 2 2 2 2 2 2 2 2 2 2 2 2 2 2 2 2 2 2 2 2 2 2 2 2 2 2 2 2 2 2 2 2 2 2 2 2 2 2 2 2 2 2 2 2 2 2 2
left_child=54 2 3 4 11 -5 9 52 20 24 18 12 13 48 -6 32 56 -18 22 26 21 -4 60 37 -7 36 40 -28 29 -12 -25 -10 33 -9 35 -35 41 -24 -39 -8 50 -26 -37 -14 45 46 -22 -30 -2 -13 -16 -32 53 -3 55 -1 57 58 59 -17 -11 -19
right_child=1 7 8 5 14 6 39 15 31 10 28 49 43 -15 19 16 17 61 -20 -21 44 -23 23 30 25 -27 27 -29 47 -31 51 -33 -34 34 -36 42 -38 38 -40 -41 -42 -43 -44 -45 -46 -47 -48 -49 -50 -51 -52 -53 -54 -55 -56 -57 -58 -59 -60 -61 -62 -63
leaf_value=-1.0888902970617373 -1.0445994939215257 -1.1175181870652027 -1.0936580656296029 -1.0386122964102618 -1.1176395223441256 -1.1179777648940874 -1.112794105287169 -1.1191732841143416 -1.0462145072606033 -1.074097525720648 -1.094466174220204 -1.0386122964102618 -1.0851279389446415 -1.1126475033002843 -1.0535239482200718 -1.0826703976907324 -1.0542901936249003 -1.102418302484836 -1.0428023879973369 -1.1077684438362629 -1.0870368084228259 -1.0542718024941382 -1.0873681922534102 -1.1197683308440751 -1.0719602600612816 -1.1098097052671458 -1.0866188882025845 -1.0447544548660299 -1.0798825141164634 -1.0600478692950333 -1.0918113422434073 -1.0884817755646172 -1.1211834548299384 -1.1077983568346079 -1.0660892560383048 -1.0956424747082143 -1.0479410012818422 -1.0386122964102618 -1.0787614495136466 -1.0876922334640828 -1.1103530560219077 -1.1114769547655965 -1.0486522885062741 -1.1149119516886092 -1.1146063900510976 -1.1036598338921018 -1.0444521596052607 -1.1058711452705308 -1.082178867289783 -1.1161121796064148 -1.0928063353417312 -1.0560293456485155 -1.1176853474957995 -1.0714048178948863 -1.1217152139144435 -1.1146224740235324 -1.1170626788295728 -1.1256605475979493 -1.0702795965337351 -1.1139116511252996 -1.0386122964102618 -1.0661941306979361
leaf_weight=14.119236841797827 7.4848764389753368 9.1915169358253497 11.182952240109442 7.9311317503452292 7.7442961186170569 14.383101001381872 31.157999262213707 18.005360931158066 37.53913077712059 6.5468665510416022 30.361052885651588 0.94418235123157401 9.3800805509090406 6.3872856497764579 6.5637771934270877 14.427266374230387 11.433531671762468 12.327649042010309 10.695096433162687 8.9689804166555387 5.7229382991790825 32.005968749523163 11.125774994492529 7.6867247819900539 9.2998201996088081 12.654317200183867 8.4989750534296054 14.592079937458037 11.858037769794462 22.060712680220604 16.625388592481617 4.6585018485784522 25.165175959467888 42.459750473499298 8.1547293066978437 7.2167194187641126 5.6881772130727759 10.952515274286275 9.5458339154720289 14.536509439349173 7.4462165832519522 6.9427840262651435 4.4634929150342941 23.569506511092186 6.0671840459108344 9.5354898273944837 7.6737129092216492 29.893442451953888 8.4183206111192685 69.340103939175606 7.5943923592567444 5.61959484219551 91.76593254506588 6.8328740149736396 101.02917800843716 201.66209316253662 13.243515625596045 5.7576993852853766 9.9059292674064618 12.716999962925909 9.0641505718231183 5.173339530825614
leaf_count=47 38 22 36 42 17 33 78 42 188 26 97 5 33 16 31 53 54 36 55 23 20 151 38 17 37 33 29 74 44 99 55 16 57 117 35 23 28 58 36 50 19 17 22 56 14 26 39 81 31 163 25 26 220 28 200 460 32 12 41 32 48 22
internal_value=-1.09861 -1.09248 -1.08592 -1.09095 -1.09888 -1.08574 -1.08709 -1.10536 -1.06517 -1.08359 -1.07969 -1.10627 -1.09508 -1.07829 -1.08378 -1.10006 -1.09222 -1.07692 -1.07058 -1.07889 -1.07352 -1.06447 -1.07443 -1.07974 -1.09807 -1.08979 -1.0731 -1.06016 -1.08819 -1.07998 -1.09227 -1.05088 -1.10637 -1.10173 -1.09669 -1.1013 -1.07824 -1.06788 -1.05731 -1.10481 -1.08692 -1.08885 -1.07769 -1.10643 -1.087 -1.0797 -1.06264 -1.09849 -1.06449 -1.11507 -1.07459 -1.08277 -1.11474 -1.09786 -1.11574 -1.11294 -1.10011 -1.09487 -1.09008 -1.09731 -1.05349 -1.09171
internal_weight=1201 884.189 585.948 471.562 186.933 284.629 276.698 298.241 114.386 231.003 182.035 125.524 55.2401 22.2905 61.4087 190.451 84.9859 28.9345 87.8619 53.6644 72.1882 43.1889 77.1668 61.5558 48.9682 34.5851 44.6954 23.0911 94.1732 52.4218 29.9317 42.1976 105.465 80.3001 62.2947 54.14 21.9308 31.6241 20.4983 45.6945 21.6044 16.2426 11.6802 32.9496 28.9993 22.9321 13.3967 41.7515 15.9032 70.2843 14.1582 22.245 107.79 16.0244 316.811 215.781 56.0514 42.8079 37.0502 27.1443 15.611 17.501
internal_count=3603 2896 2048 1558 560 998 956 848 490 828 680 342 174 85 218 578 282 112 359 201 286 187 304 230 148 115 178 103 321 196 98 204 296 239 197 162 82 132 94 128 75 54 45 89 99 85 59 125 69 168 56 81 270 50 707 507 170 138 126 85 74 58
is_linear=0
shrinkage=1


Tree=2
num_leaves=63
num_cat=0
split_feature=38 38 27 25 48 60 21 16 16 27 5 27 77 8 64 73 65 79 74 56 56 15 28 25 25 68 44 16 20 70 25 17 44 49 66 19 89 82 25 44 63 81 44 25 60 21 27 47 45 49 27 35 66 54 80 10 34 56 69 72 51 8
split_gain=470.192 95.5006 30.8155 20.7304 19.0402 17.5917 20.354 16.7612 19.5975 16.5686 16.1786 14.4518 12.7474 12.6063 13.359 17.5186 12.6695 11.7849 11.4635 11.119 10.2367 10.6954 9.53152 8.82202 8.79976 10.0243 8.72799 8.16057 7.98271 8.51569 7.97914 12.8482 10.3415 7.8838 7.42409 7.24223 7.15868 7.0784 12.5044 7.47963 7.15234 6.88244 6.40495 11.7473 6.33515 6.5354 6.29433 6.40299 6.03186 5.99894 6.97709 6.38547 6.22379 5.8101 5.74787 5.67437 5.60907 8.53611 5.40952 5.25936 5.23771 5.06022
threshold=1.0000000180025095e-35 -1.0000000180025095e-35 0.019676554653882055 41.006298034903985 1.0000000180025095e-35 2.211499929428101 143.02209299925542 0.30409909715390532 -0.19316091742345512 0.012057682120017203 75.24377048368352 0.014240169177586701 13.395314001090417 0.089077409477606312 -0.018569391866750998 0.1342240721765933 0.028866797580204055 15.096257885414305 0.0054510450482259509 0.12617508160413993 0.075486390907435016 68.326873470321246 0.11215257422674527 62.026472939472207 52.03170375998338 80.18500137329103 54.339667428097648 0.32752624816759918 114.75974655151369 93.83499908447267 50.636177687485478 0.019476194264539653 48.320508735272988 21.23499965667725 0.31698794713306916 -1.0000000180025095e-35 68632863.500000015 0.29548978176866575 70.42389603421654 42.68774173476455 38.009218449673263 56.722250368596463 48.995334306774915 58.677505712991298 3.0935000181198125 119.67840699979503 0.009791510350126301 0.095785069781919516 0.12077425435384721 13.284999847412111 0.011206114948819403 3.4993591345935617 0.32311004586089209 53.186822284275017 17657600.000000004 22.513624191284183 62.367092155541265 0.051364769007705258 97.795001983642592 62.760038257571537 22.144999504089366 0.0097140382553217528
decision_type=2 2 2 2 2 2 2 2 2 2 2 2 2 2 2 2 2 2 2 2 2 2 2 2 2 2 2 2 2 2 2 2 2 2 2 2 2 2 2 2 2 2 2 2 2 2 2 2 2 2 2 2 2 2 2 2 2 2 2 2 2 2
left_child=1 46 4 44 5 6 7 8 9 -3 35 12 -5 16 15 -15 18 -14 20 55 21 24 -12 34 25 -7 -11 -25 37 -30 31 32 -4 59 -13 -9 -26 38 40 -39 -19 48 -43 -44 45 -2 47 -1 -37 -6 -51 52 60 -32 -34 -10 -49 -58 -57 -22 -52 -48
right_child=3 2 30 11 49 13 -8 10 19 26 22 23 17 14 -16 -17 -18 28 -20 -21 33 -23 -24 27 36 -27 -28 -29 29 -31 53 -33 54 -35 -36 41 -38 39 -40 -41 -42 42 43 -45 -46 -47 61 56 -50 50 51 -53 -54 -55 -56 58 57 -59 -60 -61 -62 -63
leaf_value=-1.038612284896292 -1.0505947109625959 -1.0478059147768892 -1.0757037750054186 -1.048712786890849 -1.1231507442039961 -1.1029818663554594 -1.125022266168566 -1.0483031086104164 -1.0899418336830218 -1.0766757396686053 -1.0837973083983117 -1.0719829857005718 -1.1186239478257471 -1.1204643992711165 -1.1229716956688827 -1.0667606240277439 -1.0657826790366762 -1.0922773158065067 -1.1173354216207456 -1.0712460780422253 -1.1234809624607429 -1.0588454423830669 -1.1286122848962921 -1.1231250161955308 -1.1209729444370915 -1.0552953459003049 -1.1175448060969631 -1.0811240805484288 -1.067556283761975 -1.1201007196604218 -1.1225513565319458 -1.1183102570187735 -1.1286122848962921 -1.0760094762314671 -1.1024224010152459 -1.0785667247847699 -1.0858751984476809 -1.0885077761294426 -1.1093239702319182 -1.0460659309784996 -1.0595300084990114 -1.0533715988421832 -1.0591125268181074 -1.1063017133001913 -1.0775442167643359 -1.0777004598845359 -1.1079541428686728 -1.1233543376652615 -1.118979812670801 -1.0856291450255644 -1.1243926774375816 -1.0869632609904285 -1.083715122805561 -1.0865116657731264 -1.0930423440393469 -1.1252063204709848 -1.0878508903642186 -1.1218891592212739 -1.0901334476699198 -1.0937311136439438 -1.0952356137438195 -1.1258116045815907
leaf_weight=0.99585407972335716 88.457874611020088 11.091559618711473 16.092973321676254 30.28711661696434 24.615819662809372 6.9937888085842159 12.482785463333128 12.276250168681143 6.9531281143426886 11.217046380043032 10.99962128698826 45.898133739829063 4.48657602071762 11.000015377998354 39.724071174860001 10.867962062358854 11.412055313587187 7.4000503718852988 23.843563139438629 6.2494539618492118 17.466621577739723 10.919633790850638 6.982777774333953 8.1668013781309146 11.732278153300287 9.1684338301420194 8.0982190072536451 8.4930754452943784 5.8717810213565809 5.2650050073862076 73.938233375549316 39.14966131746769 7.6227081269025829 5.9634464979171744 8.5554853528738004 11.640885531902315 9.4372577965259534 4.4696653783321407 6.9700387567281714 22.801300376653671 31.786130398511887 17.272431209683418 11.606397300958635 8.0344752073287946 10.530282869935034 8.8021660149097425 15.185007184743879 34.091961458325386 4.6523293852806082 12.510979995131491 31.860854849219322 8.6078240275382978 4.990675523877143 4.2577458024024954 8.8190766572952253 26.314680948853496 13.192904934287073 13.331130713224409 4.6585018485784522 7.7084739953279486 6.7132868617773047 240.0136496424675
leaf_count=2 210 26 52 72 83 22 39 29 27 36 36 146 20 38 147 33 30 23 74 20 68 30 20 31 44 24 29 26 18 22 320 165 34 18 35 34 31 15 32 52 86 44 32 36 34 26 35 70 23 36 115 24 14 16 31 100 29 27 16 31 21 544
internal_value=-1.09861 -1.1094 -1.10223 -1.06595 -1.09819 -1.09501 -1.08814 -1.08523 -1.09557 -1.07703 -1.07599 -1.0719 -1.06553 -1.10166 -1.11261 -1.09377 -1.09578 -1.07124 -1.09909 -1.10832 -1.09361 -1.08496 -1.1012 -1.08261 -1.0926 -1.07593 -1.09381 -1.10171 -1.06873 -1.0924 -1.11396 -1.10673 -1.0928 -1.10702 -1.07677 -1.06907 -1.10533 -1.06514 -1.0723 -1.05302 -1.06571 -1.07387 -1.0667 -1.07842 -1.05544 -1.05305 -1.12267 -1.11407 -1.09011 -1.11055 -1.10575 -1.11057 -1.11524 -1.12059 -1.10953 -1.11443 -1.1153 -1.10496 -1.11993 -1.11437 -1.11932 -1.12475
internal_weight=1201 902.758 585.948 298.241 436.068 346.768 170.531 158.048 74.5826 30.4068 83.4652 190.451 119.338 176.238 61.592 21.868 114.646 89.0505 103.233 44.1758 79.3899 48.2514 17.9824 71.1135 37.3318 16.1622 19.3153 16.6599 84.564 11.1368 149.88 71.6844 32.5348 31.1385 54.4536 65.4828 21.1695 73.4272 46.1562 27.271 39.1862 53.2065 36.9133 19.6409 107.79 97.26 316.811 61.6119 16.2932 89.2994 64.6836 52.1726 43.5648 78.196 16.4418 37.9263 60.616 26.524 30.9732 25.1751 38.5741 255.199
internal_count=3603 2755 2048 848 1430 1137 547 508 254 91 254 578 340 590 218 71 372 268 342 163 268 151 56 238 121 46 65 57 248 40 618 282 117 117 181 198 75 208 141 67 109 169 112 68 270 236 707 128 57 293 210 174 150 336 65 143 126 56 116 99 136 579
is_linear=0
shrinkage=1


Tree=3
num_leaves=63
num_cat=0
split_feature=38 38 67 79 23 27 20 65 3 48 8 54 15 36 6 47 0 69 64 75 84 63 40 59 54 1 72 83 27 66 5 73 75 44 27 69 64 66 0 16 84 47 83 25 35 8 75 43 47 20 8 72 68 8 4 19 5 25 82 52 84 84
split_gain=753.313 60.0117 24.8594 28.989 25.6322 27.8508 20.9661 17.918 14.9965 13.8916 13.3221 12.4651 12.4078 11.1535 10.9311 10.7175 10.243 9.73604 10.6722 9.52831 9.11451 9.079 11.5468 10.6603 7.63492 7.62777 7.51147 6.96978 6.95649 10.2518 6.82128 6.25938 7.13126 8.53127 6.1074 17.3371 5.86536 8.04814 8.10195 7.65766 6.34971 5.74732 5.43047 5.43032 5.25796 7.83871 5.09587 4.6923 4.27162 4.21671 4.14809 4.45893 4.05596 4.0229 3.91595 4.349 8.28512 3.58564 3.14149 3.6164 3.36027 3.15267
threshold=-1.0000000180025095e-35 1.0000000180025095e-35 75.665000915527358 9.7799405244761868 134.95282305939293 0.0081626452520557526 51.546981811523445 0.010038498851727152 20.834415783067993 1.0000000180025095e-35 -0.0060440395702609992 44.378803152774942 39.404737295218268 0.0042818810866683005 -0.16507124169671872 0.11003286976772216 138.61186981201175 81.405002593994155 0.040097709333745062 1.1347478827242696 0.046507689871344057 48.835267044509443 180.58500671386722 1.6424999833106997 34.574008576134396 5.6195613341002337 59.937809891990184 0.019882448047644701 0.029877690359507252 0.097285276585386202 52.630705946640674 0.68326526231923179 1.0829484088326622 48.465501288576597 0.010576674419879003 96.444999694824233 -0.027459368449664848 0.29209326778933203 11.395381450653078 0.88211565905436562 0.032167537861680556 0.088638234602619506 0.0043686264434349012 42.235104842698512 3.5899612063981299 0.1188018415307792 1.0507978275409615 11045300.000000002 0.12392669529358576 29.397947311401371 0.068495587786049569 52.577454994813749 87.920001983642592 0.065393460463919015 63780200.000000007 -1.0000000180025095e-35 77.522038756249557 31.94850305406101 0.12809916950751263 12.335000038146974 0.026821569491753652 0.014357819202191901
decision_type=2 2 2 2 2 2 2 2 2 2 2 2 2 2 2 2 2 2 2 2 2 2 2 2 2 2 2 2 2 2 2 2 2 2 2 2 2 2 2 2 2 2 2 2 2 2 2 2 2 2 2 2 2 2 2 2 2 2 2 2 2 2
left_child=9 2 3 53 5 6 8 -7 -4 10 -1 16 14 42 48 -8 -6 30 26 -13 21 23 54 -14 -22 47 -19 -26 29 -25 -16 32 33 -31 35 -34 46 38 -38 41 -41 -40 -12 -5 -3 -46 -27 -15 -9 -43 51 -36 -28 -2 -23 56 -56 -39 59 -51 61 -61
right_child=1 44 4 43 11 7 15 12 -10 -11 13 19 20 25 17 -17 -18 18 -20 -21 24 22 -24 28 27 36 52 -29 -30 31 -32 -33 34 -35 50 -37 37 57 39 40 -42 49 -44 -45 45 -47 -48 -49 -50 58 -52 -53 -54 -55 55 -57 -58 -59 -60 60 -62 -63
leaf_value=-0.02997704055662978 -0.029599070787433429 -0.026522155003763009 0.02605446849518343 0.014899110887824953 0.052703005163408589 0.021337548630007041 -0.013864451601886613 -0.029665635719850033 -0.026041718022521063 0.048222999622683144 0.034128547470445025 -0.017751458178162281 -0.02965881224101306 0.032699615021538432 -0.029696074714458443 0.045500766900807101 0.0074046981658102392 -0.022425417606985184 0.040271320769713022 0.026505375649124901 0.021041094554278134 0.013658766815785556 0.021291647226991034 0.015742156675022764 -0.029773304321705614 -0.029916245434113985 0.029055500875128825 0.0053154139662831609 -0.029685255127735437 0.030702509500339752 0.0092671236258444062 0.021497903705882698 -0.023987521056372588 -0.013016154364930086 -0.020179963367719083 0.0224263258125076 -0.030449050871383002 0.020054536544389809 -0.030297185308541183 0.0033120730326222795 0.032122444830737083 0.015547569429649778 -0.00049243665676251217 0.046797111811403398 0.008902515712125858 -0.029674314249774993 0.048649594678485661 -0.00039006122966715832 0.0024037804960429249 -0.030590776466556207 -0.028224151040169808 0.014459730121023397 -0.0034829790388841595 0.0045874066600031056 -0.022744814048652147 -0.026241505941684281 0.021272674781965688 0.049257531839063937 0.05267592735699643 0.046516940891028639 0.049738051777617309 0.019562658035664537
leaf_weight=2.8130387961864463 9.4794863611459714 275.29446016252041 7.5573889017105129 7.0486856848001507 9.564253121614458 12.371903315186499 3.3297768682241466 15.406610518693926 14.542571783065794 103.44233609735966 6.5689654350280788 13.199459150433542 29.568134814500809 8.4251853525638563 10.054961219429972 15.374012544751166 8.4725906699895841 7.2392205595970216 9.7709896862506849 6.5512521713972083 9.3680622428655642 2.4306101202964774 5.162091612815856 15.090986907482145 9.8776606172323245 0.75321930646896262 8.080059200525282 10.521850392222403 14.040623590350149 6.9887475669384029 6.7643815129995337 5.1482543945312491 18.094557359814647 9.4479465037584287 11.088376998901365 12.077671989798544 1.9152187556028355 4.1886719763278952 1.0743686705827702 12.552018150687219 15.249338239431379 5.7781008780002585 10.751126438379286 15.078627198934553 9.5781823694705981 9.3861986994743329 54.802747443318367 7.1133463382720938 4.9356576055288306 0.69951404631138103 34.947799280285835 4.788856476545333 6.0140067487955085 4.6018491834402075 15.114645898342134 168.73576912283897 5.1631352454423896 39.170543253421783 17.823378071188927 6.187370300292975 13.197022095322607 10.589122906327246
leaf_count=10 46 796 18 21 18 30 14 58 43 200 14 46 111 23 44 32 27 30 22 18 29 7 15 41 38 4 22 36 67 20 22 15 61 39 37 33 10 10 4 37 38 18 26 30 23 29 108 24 15 2 147 17 19 18 47 680 15 78 33 13 26 29
internal_value=-3.18864e-06 -0.0144249 -0.0088511 0.0152224 -0.010445 -0.0122144 0.0115566 -0.0142857 -0.0082267 0.0391584 0.0348895 0.0133942 -0.0152524 0.035731 -0.00345879 0.0349322 0.0314247 0.00436246 0.0143058 -0.0030716 -0.0173292 -0.0186559 -0.0229836 -0.0133803 -0.00137896 0.0377356 0.00241318 -0.0116749 -0.00972591 -0.00734439 -0.0140259 -0.0107407 -0.0124441 0.00557266 -0.0161002 -0.00540848 0.0394403 0.0359173 0.0305555 0.0319606 0.0191149 0.0384129 0.0126382 0.036636 -0.0254696 -0.0101906 0.0475844 0.0175516 -0.0218846 0.0397731 -0.0224474 -0.00973201 0.0151712 -0.0184268 -0.0241774 -0.024664 -0.0115371 0.0464364 0.0426594 0.036839 0.0384127 0.0295037
internal_weight=1200.45 877.352 583.094 36.2086 546.885 509.097 40.8038 468.294 22.1 323.095 219.652 37.7876 455.922 216.839 68.2659 18.7038 18.0368 47.9236 31.1043 19.7507 387.656 357.888 196.606 161.282 29.7676 199.519 21.3333 20.3995 131.714 117.673 16.8193 102.582 97.434 16.4367 80.9973 30.1722 183.981 128.425 85.0655 83.1502 27.8014 55.3489 17.3201 22.1273 294.259 18.9644 55.556 15.5385 20.3423 54.2745 50.825 15.8772 14.0941 14.0813 191.444 189.014 20.2778 43.3592 48.4964 30.673 29.9735 16.7765
internal_count=3603 2896 2048 115 1933 1824 107 1717 61 707 507 109 1687 497 232 46 45 159 93 64 1455 1352 764 588 103 457 71 74 477 410 66 369 354 59 295 94 410 298 210 200 75 125 40 51 848 52 112 47 73 121 201 54 41 64 749 742 62 88 103 70 68 42
is_linear=0
shrinkage=0.03


Tree=4
num_leaves=63
num_cat=0
split_feature=38 38 27 27 26 36 25 41 42 12 40 33 49 55 55 32 83 74 27 17 26 15 61 2 55 36 84 46 14 66 25 27 6 74 6 49 64 42 49 65 16 45 24 66 15 27 17 28 45 3 70 85 36 16 84 69 20 80 66 80 5 7
split_gain=132.627 77.6165 62.5831 20.1761 21.8945 18.5778 15.6646 14.9838 14.5829 13.7571 13.3244 11.5832 11.2066 13.1488 12.8495 12.2981 11.0312 10.971 10.6426 9.93966 10.7821 11.4792 9.44237 9.34799 8.88846 13.1212 8.77757 10.3571 8.5696 8.0747 7.73062 7.68251 11.1026 7.69015 7.11795 7.36511 7.00684 6.91203 6.90299 8.75655 8.65023 7.05886 7.64612 6.89493 6.6801 6.56977 6.58535 6.42457 6.26862 6.11806 9.72491 6.42296 6.10048 6.02087 5.93961 5.76001 8.82108 5.5182 6.94359 5.68126 5.41422 5.41267
threshold=-1.0000000180025095e-35 1.0000000180025095e-35 0.022069384653104953 0.011966790275431351 0.55818507809744144 0.0053295487673054006 41.006298034903985 130.35500335693362 125.17499923706056 20.864858577282924 123.07999801635744 177802350.00000003 15.835000038146974 -0.74345726983869109 -0.076316209214072936 124.4024093059367 0.007072923688637601 0.0042730347199500009 0.0076511554434743508 0.012304102287696952 0.51234436377339077 55.806191457102521 2.9974999427795415 70.148834157154752 0.06080895798715686 0.013171091574704651 0.021994361126448102 0.0055901786279503015 57696150.000000007 0.32763780913241852 41.006298034903985 0.014240169177586701 -0.046721858050101844 0.0043250462275295004 0.21096141489903703 16.335000038146976 0.014714049536341102 164.58500671386722 14.215000152587892 0.011961718375213251 1.5662221231810423 1.0928313150486846 11659300.000000002 0.24028762468349799 84.229505575271375 0.016754355592427904 0.016343853670241156 0.10821237694517011 -0.57920790330980754 11.428039434259285 86.31000137329103 10.844533920288088 0.0056332826527355009 0.66282702427451501 0.027500995224470002 79.715000152587905 26.614782333374031 18094900.000000004 0.038876179258792908 28691200.000000004 44.075512655437429 0.017973981824350903
decision_type=2 2 2 2 2 2 2 2 2 2 2 2 2 2 2 2 2 2 2 2 2 2 2 2 2 2 2 2 2 2 2 2 2 2 2 2 2 2 2 2 2 2 2 2 2 2 2 2 2 2 2 2 2 2 2 2 2 2 2 2 2 2
left_child=44 2 3 4 10 -5 55 8 11 24 16 31 13 -9 45 -15 17 43 -6 28 29 37 57 26 25 -4 -20 -28 38 36 -10 34 33 -33 35 -7 47 -22 40 -40 41 42 -8 -2 -1 52 -47 60 -18 50 51 -26 -14 -44 -29 56 -3 58 -16 -59 -21 -17
right_child=1 6 9 5 18 7 19 12 30 -11 -12 -13 14 15 22 61 48 -19 23 20 21 -23 -24 -25 49 -27 27 54 -30 -31 -32 32 -34 -35 -36 -37 -38 -39 39 -41 -42 -43 53 -45 -46 46 -48 -49 -50 -51 -52 -53 -54 -55 -56 -57 -58 59 -60 -61 -62 -63
leaf_value=-0.017492117047585257 0.052711650818320549 -0.018535828477159445 0.0046128127270058158 0.057129287536445916 -0.018705328738721001 0.036918814419140765 -0.015636328602060681 0.052285192894744828 0.014487424786064872 0.045412904583083273 -0.016195796452790106 -0.004041413778652584 0.037196131460918748 0.040023359219617041 0.00015253689671197262 -0.023723882241187537 0.013068735503278119 -0.013707142226603597 0.0033659290090666833 0.020143338165557946 0.017865141869701236 0.043596804907022092 0.049978211930333416 -0.0089996377312305063 0.052280928885801242 0.042190568393054344 0.0073152615672878347 0.026939556071385925 0.025073225121712821 0.033691983613074718 0.051931065132434749 -0.0071690269435775705 0.040747852666112229 0.029853087285337799 -0.0079489705974493553 0.0010364485466990837 -0.02556634469607939 -0.023479452757643651 0.059338521246339621 -0.01859845512078909 0.028453731095404416 -0.025584404023467386 0.03577407241253943 0.013457094051981359 0.0091067528419343201 0.027829717965619047 -0.0071198636730320907 0.031976087641912336 -0.015908568100817984 -0.015716879809913455 -0.0050204468457796065 0.010593329313479307 -0.016074919834190207 -0.0078133867044772719 0.057884784161811691 -0.018678597627685301 0.026448869630295947 -0.0083209148398835017 0.041382072770121819 0.019971560147839313 -0.0098475256081234658 0.012677190842572444
leaf_weight=305.24743229150772 7.9710100591182771 9.1072415113449079 11.241042152047156 8.1202436089515668 7.682292401790618 10.848546266555788 10.718949854373934 8.604167193174364 7.2193398773670223 43.099901884794235 69.849366277456284 24.760227620601654 2.0183652937412253 7.4674918055534389 6.7547652125358573 8.0913787186145765 9.4326599389314634 6.3398999273776999 12.646597221493719 6.7727029025554648 12.001554101705556 11.948064684867857 5.2855524569749823 8.940727084875105 7.7992525547742897 32.661628559231758 9.9482991248369199 10.093573197722437 6.7687117457389823 5.3147638440132132 15.874443411827086 10.325397357344629 25.345210134983063 9.8826162070035917 13.783705696463583 9.7979123145341855 11.675122037529944 5.2230169475078574 1.3290289342403401 54.592308163642883 7.5346046537160865 12.035686388611792 7.4845214337110502 8.1391252726316434 8.7409914135932905 7.9090561270713833 12.554102554917334 5.1977353394031516 23.354080870747566 6.0280270278453818 9.5302051007747632 5.799950122833252 46.700694978237152 4.608321949839592 12.489880993962286 90.864386364817619 6.8920541554689398 21.090638831257824 8.0664926767349225 9.1628575772047025 27.07468669116497 6.7378703951835623
leaf_count=678 40 22 36 42 17 48 27 43 26 204 168 70 9 34 21 17 33 16 40 26 45 56 26 23 39 151 32 41 27 23 79 28 116 41 38 30 25 11 7 132 31 26 33 29 29 32 34 22 56 14 26 20 112 13 65 220 28 57 37 34 74 24
internal_value=3.42315e-06 0.00593726 0.0122395 0.00739677 -0.000271081 0.0124003 -0.00656464 0.0110951 0.0186469 0.0319711 -0.00748869 0.0138892 0.00467814 0.0207827 0.000515238 0.00862603 0.00352184 0.0197235 0.0143374 -0.00140266 0.00621138 0.0210016 0.0120433 0.0190278 0.0240414 0.032569 0.0245744 0.0328192 -0.00757722 -0.00148864 0.0402258 0.0194399 0.0275231 0.0109364 0.00874536 0.0198906 -0.00517507 0.0053282 -0.00982538 -0.0167462 -0.000693644 -0.00699579 0.00281171 0.0328796 -0.0167516 -0.00787646 0.00638823 0.000922251 -0.00757187 0.0112014 0.0182169 0.0345015 -0.013868 0.0191638 0.044054 -0.015756 0.000842336 0.00759498 0.0225918 0.000248009 -0.0038465 -0.00718456
internal_weight=1200.58 886.592 589.449 473.289 186.888 286.401 297.143 278.281 127.837 116.16 125.086 104.744 150.443 30.9009 119.543 22.2967 55.2368 22.45 61.8014 190.28 85.2076 29.1726 50.3603 54.1191 73.0601 43.9027 45.1784 32.5318 105.072 56.035 23.0938 79.9834 45.5532 20.208 34.4302 20.6465 50.7202 17.2246 98.3034 55.9213 42.3821 34.8475 22.8118 16.1101 313.988 69.1822 20.4632 39.0451 32.7867 29.1574 23.1294 13.5992 48.7191 12.0928 22.5835 106.864 15.9993 45.0748 14.8213 30.2535 33.8474 14.8292
internal_count=3603 2896 2048 1558 560 998 848 956 476 490 342 371 480 118 362 75 174 85 218 578 282 112 175 201 286 187 178 138 296 170 105 301 185 69 116 78 147 56 269 139 130 99 73 69 707 187 66 122 89 99 85 59 121 46 106 270 50 149 58 91 100 41
is_linear=0
shrinkage=0.03


Tree=5
num_leaves=63
num_cat=0
split_feature=38 38 27 26 59 56 25 7 16 7 81 27 54 34 36 77 14 20 20 36 56 27 82 74 0 44 25 64 66 54 16 25 7 45 12 20 50 81 37 46 23 26 66 21 66 45 65 16 47 89 21 22 14 34 14 64 64 6 33 25 74 8
split_gain=437.662 91.6234 29.2934 24.3606 28.9389 20.67 18.6167 18.1656 16.7995 16.363 14.168 13.1374 12.6768 11.7321 11.7081 11.561 10.2092 10.9094 9.69941 12.6808 13.4352 13.5175 10.9386 11.4327 9.40837 8.31989 8.26529 7.87419 10.0367 10.3244 7.85982 7.75492 17.7289 13.3678 7.72946 8.33833 9.17527 7.61972 7.42036 7.06046 12.0924 12.7708 6.91894 6.74691 6.60816 6.46461 6.41896 6.70979 6.41161 5.82362 7.56323 13.4598 7.05147 5.75351 5.72134 5.59062 6.5792 5.54629 5.06804 5.00719 4.97507 4.94046
threshold=1.0000000180025095e-35 -1.0000000180025095e-35 0.019676554653882055 0.70899898908537839 1.8575000166893008 0.15205460373162613 41.006298034903985 0.012330684321460552 0.23611568094041149 0.0076285391959876004 73.675427864162401 0.014240169177586701 54.296043258103531 62.984566796264467 0.0035661666987681505 13.395314001090417 27348600.000000004 33.57251167297364 88.723083496093764 0.012151553782656501 0.093232424425503765 0.014494697162808752 0.11973709744363557 0.0045258231170736008 27.897099494934089 46.842324318201911 62.026472939472207 -0.0077712180842854492 0.32890487626871862 44.378803152774942 0.32752624816759918 50.636177687485478 0.020384421792674006 -0.21388126352506728 35.816271852941973 112.86095428466798 21.265000343322757 61.115911964606958 0.12072571375553086 0.0062912538452853505 41.299203235044565 0.21499169226688508 0.31698794713306916 143.02209299925542 0.25037225908102684 -0.74148749420592697 0.017947470575994353 -0.47748751843753817 0.10096695446447952 77914298.500000015 26.13922883084113 28.935441216472853 31869100.000000004 84.263445191205818 14690900.000000002 0.0088243981839497519 -0.023727044074471397 -0.14148254912549604 468986250.00000006 47.342267812248785 0.0042730347199500009 0.0097140382553217528
decision_type=2 2 2 2 2 2 2 2 2 2 2 2 2 2 2 2 2 2 2 2 2 2 2 2 2 2 2 2 2 2 2 2 2 2 2 2 2 2 2 2 2 2 2 2 2 2 2 2 2 2 2 2 2 2 2 2 2 2 2 2 2 2
left_child=1 14 3 4 10 12 49 8 -6 -10 13 15 48 16 -1 -8 55 -18 19 20 21 22 24 25 27 -24 42 -9 29 -29 -28 32 33 -4 37 45 -37 -17 -35 -11 -41 -42 -13 61 -14 -36 47 -21 -5 -2 -51 -52 -53 57 -47 56 -3 -33 -34 -19 -43 -16
right_child=6 2 31 5 7 -7 11 18 9 39 -12 26 44 -15 43 34 17 59 -20 46 -22 -23 23 -25 -26 -27 30 28 -30 -31 -32 53 58 38 35 36 -38 -39 -40 40 41 60 -44 -45 -46 54 -48 -49 -50 50 51 52 -54 -55 -56 -57 -58 -59 -60 -61 -62 -63
leaf_value=0.0017160904358386607 0.047363397480342323 0.01722044941336601 0.035619739518302551 0.0047684371617248127 -0.014758661670538364 0.039432717746204417 0.047397600872296497 -0.026783365336361702 -0.016584953014957455 0.046244550448247546 -0.010873689857211068 0.025553221418959528 0.022653422958222685 0.045400971112183178 -0.0090320058058921734 -0.013374341538943391 0.030547696520606776 0.0036436199855844845 -0.021270117695781951 0.025890773368309979 -0.027672226829286262 -0.019955146869030081 0.026940968219565643 0.043649071563484118 0.028691498665168638 -0.015195704581515613 -0.024281779180937779 -0.0084516017701704305 -0.029826331997828304 0.03564291323374813 0.016937779714339133 0.0014680377096478975 -0.02379457085380059 -0.02491472791421602 0.01134159967230489 -0.016637295466250725 0.035929623142143062 0.03426035515322353 0.016920280335844216 0.039808795527079936 0.026909504989606314 -0.02986151922441143 -0.0038056994532771563 0.0010143194372637799 -0.020390966121860362 -0.0015510193315320091 0.049459277272153199 -0.019914960481997521 -0.024024623722976694 0.049569213853440763 -0.015519321189214823 -0.0053286870951164463 0.040084135932481585 0.012332088670585323 0.040252249882834185 0.0054362160092683107 0.051378802335452937 -0.026288595294690024 0.0050089275544704217 -0.029907372504328993 0.0097683622933231948 -0.026664379066392869
leaf_weight=15.589106723666189 59.704450592398643 8.5024133622646367 11.576626852154734 7.7304617762565604 17.761266708374023 6.4052279740571967 30.973247796297073 14.853911116719244 10.158396393060682 11.108963787555693 11.72506423294544 46.463983252644539 10.180643290281294 18.32000133395195 15.090993672609327 8.0019781589508039 8.8539545834064501 9.2942098528146762 31.542434751987457 8.0109404921531677 21.742893695831299 26.992487818002701 7.8474026769399705 10.921367228031157 6.8347535580396643 9.1170083582401258 8.1124154180288333 10.406059876084333 7.1505108922719947 8.8377818465232831 8.5528253912925702 7.1850980073213568 37.745731145143509 8.8838874995708448 9.6786145567893964 6.6887041479349119 5.4018092006444931 4.8565680533647528 6.6888016760349265 15.983740851283072 13.33705395460129 7.8417244404554349 8.5544817894697172 8.7386923432350141 4.6879810839891425 3.1217485964298239 5.0677071809768668 4.4920071363449106 69.87322048842907 17.309245645999908 6.0096771717071524 3.5420931726694134 23.449423044919968 4.253093719482421 52.516165226697922 6.3171217590570441 12.588588699698448 65.934621393680573 6.4351425766944876 7.0325601398944846 4.4796425700187683 273.44891211390495
leaf_count=33 135 30 31 29 57 17 72 50 45 27 37 146 34 45 35 33 27 27 99 26 87 106 25 28 19 35 31 30 19 23 26 26 166 37 36 30 13 14 24 43 36 29 35 22 19 11 12 18 254 39 26 13 57 14 131 21 28 296 24 31 17 617
internal_value=-2.34827e-07 -0.0105235 -0.00351213 0.000409396 0.0042498 -0.0126844 0.031179 -0.000758774 0.0110065 0.0182807 0.0196747 0.025563 -0.0162944 0.0247261 -0.0236267 0.0315827 0.0175237 0.0037333 -0.00621917 -0.00288236 -0.00624425 -0.00171919 0.00476023 0.0197084 -0.00390898 0.00429589 0.0153819 -0.00931081 0.000522191 0.0117989 -0.00312735 -0.0150101 -0.00787489 0.0112045 0.0261561 0.0297341 0.00684859 0.00461689 -0.0069457 0.0249949 0.0193261 0.00656652 0.0209884 -0.0249557 0.00908181 0.0339703 0.020978 0.00943388 -0.0211564 0.0410274 0.0335082 0.0250842 0.0341246 -0.0215881 0.0379067 0.0301934 0.0376085 -0.0235611 -0.0195992 -0.0108081 -0.0154534 -0.0257422
internal_weight=1200.51 897.57 584.703 436 337.122 98.8775 302.937 254.488 80.6708 62.9095 82.6339 192.923 92.4723 70.9088 312.868 121.239 52.5888 25.1807 173.817 142.275 124.704 102.961 75.9688 27.8858 48.083 16.9644 71.6837 41.2483 26.3944 19.2438 16.6652 148.703 71.3302 27.1493 90.2656 77.407 12.0905 12.8585 15.5727 52.7511 41.6422 25.6584 55.0185 297.279 14.8686 65.3165 17.5707 12.5029 77.6037 110.015 50.3104 33.0012 26.9915 77.3728 55.6379 27.4081 21.091 73.1197 44.1809 16.3268 12.3214 288.54
internal_count=3603 2755 2048 1430 1077 353 848 831 254 197 246 578 336 209 707 340 164 85 577 478 422 335 229 88 141 60 238 122 72 53 57 618 282 92 268 221 43 47 61 152 125 82 181 674 53 178 56 44 283 270 135 96 70 336 142 79 58 322 190 58 46 652
is_linear=0
shrinkage=0.03


Tree=6
num_leaves=63
num_cat=0
split_feature=38 38 67 79 23 27 20 3 48 3 36 86 76 47 55 86 82 27 41 12 12 59 81 41 43 55 19 25 5 48 20 84 43 24 30 56 46 26 12 14 35 5 81 83 83 83 36 33 5 72 45 7 20 84 63 66 63 46 17 83 4 25
split_gain=700.931 57.9392 23.5367 27.095 24.3693 26.5925 19.6706 14.2113 12.8259 11.9688 11.4374 11.3786 11.0284 9.91911 9.35792 12.7417 9.02429 10.1204 7.85664 16.5891 13.2537 12.8619 11.0313 12.4573 11.0307 9.72954 8.07219 7.87943 9.71751 7.99908 7.64274 6.97626 6.78903 6.10889 7.22494 5.91687 5.52345 5.97375 5.4718 5.43495 5.13488 6.5986 5.11882 5.10159 4.45414 3.97336 3.09502 3.03803 6.9286 2.98304 4.07998 2.92574 4.8554 2.84447 2.78508 5.93638 5.60834 4.94919 4.81039 7.59183 4.17337 3.21166
threshold=-1.0000000180025095e-35 1.0000000180025095e-35 75.665000915527358 9.7799405244761868 134.95282305939293 0.0081626452520557526 51.546981811523445 20.834415783067993 1.0000000180025095e-35 5.5713205237253991 0.0042818810866683005 35.040253783209984 74.53998184204103 0.11003286976772216 -0.68328038439136296 35.243096157210147 0.17389559908964358 0.010494826776837602 134.06499481201175 99.130676053993355 44.010971137125722 3.6004999876022343 30.994310628417868 130.35500335693362 5891150.0000000009 -0.23111874641079483 -1.0000000180025095e-35 79.913057438579884 52.630705946640674 1.0000000180025095e-35 141.85157775878909 0.046507689871344057 13092650.000000002 29040800.000000004 83.070880566161264 0.10345135462972146 0.0060455254085252505 0.38407526952448023 286.07848626528431 31241300.000000004 3.5899612063981299 68.158155393498546 48.641702444233907 0.0043686264434349012 0.0059811502568938007 0.0073860137347992504 0.011221777705287301 43917350.000000007 11.219501803408471 43.072617661445726 0.70806993588090716 0.021861594040851303 23.538266181945804 -0.025459540624274645 43.146350129316588 0.29138612331562624 44.2743917763651 0.0057675547792523504 0.0095745075111061517 0.0086625154253234509 101234000.00000001 37.900393786400798
decision_type=2 2 2 2 2 2 2 2 2 2 2 2 2 2 2 2 2 2 2 2 2 2 2 2 2 2 2 2 2 2 2 2 2 2 2 2 2 2 2 2 2 2 2 2 2 2 2 2 2 2 2 2 2 2 2 2 2 2 2 2 2 2
left_child=8 2 3 46 5 6 7 -4 9 32 43 16 14 -8 -6 -16 18 36 19 20 21 22 -7 26 25 -20 -24 28 29 33 -14 -19 -1 35 -35 -28 -18 -38 44 -33 -3 -42 -5 -11 -12 -26 -2 -10 -49 50 -22 -30 -53 -46 -55 56 -56 -58 -59 -60 -61 -57
right_child=1 40 4 42 12 11 13 -9 47 10 38 -13 30 -15 15 -17 17 31 24 -21 49 -23 23 -25 45 -27 27 -29 51 -31 -32 39 -34 34 -36 -37 37 -39 -40 -41 41 -43 -44 -45 53 -47 -48 48 -50 -51 -52 52 -54 54 55 61 57 58 59 60 -62 -63
leaf_value=0.026242995628602273 -0.00037600823461465013 -0.026101934265488194 0.024976790798785557 0.014104170687548533 0.0517345306161755 0.030809620212214124 -0.013555808300955572 -0.025651098255271138 0.00378808142926494 0.032725128328874059 0.021136089215840037 0.020823378432537194 -0.029573391737365933 0.043639754988844204 -0.015482149548292846 0.041924360613508037 0.010462879971510432 -0.027312773968224319 0.025291803983195405 0.030039105824245103 0.0018136012054996069 -0.025241755117339285 0.014883766956250724 0.027481477073188629 -0.0026805068292653804 -0.029309035050026449 -0.029479359019394948 0.022864292327046662 -0.027780270307942261 0.021879572255603937 0.012551082529396523 0.01233623817404763 -0.010530903039797425 -0.015573498183251084 0.025818546318831834 0.0057500462763947326 0.0021569996130447462 -0.029475014158974307 0.014970141773809406 -0.029509809538857311 0.011458765322976803 -0.024657998846520552 0.044886498617913662 -0.00066728550820697866 -0.030796534995887234 -0.025130884267144219 -0.029360299789581625 -0.031012419936018512 0.047325779779409556 -0.027991095279009951 -0.029438504447935714 -0.029406298727997254 0.011451192182935204 0.044716785272767588 -0.030908365157991471 0.02836519199472938 -0.0092149341953912892 0.048096580901596984 0.0074921834385252087 0.011685127225103143 0.041932371802245821 0.050862481953843151
leaf_weight=10.238303661346437 5.4215910881757727 271.34876528382301 7.6493034362792995 7.1195807754993465 8.3199097514152509 8.6734939217567426 3.3060053586959866 14.353032141923903 1.5169193297624577 6.6618633270263699 12.176101103425024 8.3046011775732023 7.0134718716144553 15.633340761065481 7.3914379626512545 6.57524074614048 11.754825577139853 104.39961549639702 8.6313512027263624 9.6180481314659101 8.392247721552847 25.405472368001938 12.972116619348524 10.157796412706373 7.8523667752742758 4.4523318111896506 15.496831282973291 6.0068101584911338 31.088743537664413 9.2005248963832837 8.666095554828642 7.5503048896789533 8.0872270315885526 7.5809697657823545 7.6001398414373398 5.9334780424833289 9.8617815375328082 11.805526629090307 9.2378589361906034 4.4337033629417419 7.6961786597967174 11.146861433982847 15.332304686307905 10.782004952430723 0.51013946533203025 73.562935709953308 8.5365009009838086 1.0262417793273915 102.9302344173193 36.686406046152115 6.8106778413057318 5.3590996563434583 5.1173834800720215 69.668024554848671 1.2874718159437168 7.1107359528541556 2.4645439833402625 16.04554308950901 11.043257787823675 4.9563535153865841 23.912354111671448 29.012082025408745
leaf_count=28 21 796 18 21 15 21 14 43 4 14 32 25 23 32 27 15 38 422 25 25 26 107 37 24 27 16 64 19 128 28 29 21 28 30 20 23 23 49 24 19 20 32 30 26 1 275 43 2 194 152 27 29 17 142 5 16 9 31 35 12 52 52
internal_value=-9.11933e-06 -0.0141064 -0.00863101 0.01472 -0.010195 -0.0119355 0.0112429 -0.00804987 0.0373164 0.0332425 0.0353202 -0.0139775 0.0129855 0.0336558 0.0265475 0.0115437 -0.0146108 -0.0206457 -0.011662 -0.00845654 -0.0102851 -0.00577971 -0.00183009 -0.00425985 -0.0188567 0.00671133 -0.00729138 -0.0103718 -0.0126566 -0.00312698 -0.0062912 -0.0248243 0.0100143 -0.00941118 0.00514866 -0.0197253 -0.00609497 -0.0150778 0.0374827 -0.00314547 -0.0250503 -0.00990661 0.0351253 0.0120854 0.0386498 -0.0229656 -0.0181022 0.0459374 0.0465524 -0.0233607 -0.0121869 -0.0231599 -0.00944889 0.0399344 0.0401524 0.0368342 0.0310267 0.0323915 0.034224 0.0286469 0.0367393 0.0464339
internal_weight=1198.89 870.219 580.027 36.41 543.617 505.651 40.9417 22.0023 328.667 223.194 204.868 464.71 37.9662 18.9393 22.2866 13.9667 456.405 149.806 306.599 212.1 202.482 150.593 125.187 116.514 94.499 13.0837 106.356 93.384 87.3772 45.8119 15.6796 116.384 18.3255 36.6114 15.1811 21.4303 33.4221 21.6673 187.424 11.984 290.192 18.843 22.4519 17.4439 178.187 81.4153 13.9581 105.473 103.956 51.8893 15.2029 41.5652 10.4765 166.011 165.5 95.8323 59.7095 58.4221 55.9575 39.912 28.8687 36.1228
internal_count=3603 2896 2048 115 1933 1824 107 61 707 507 451 1717 109 46 57 42 1692 572 1120 777 752 547 440 419 343 41 395 358 339 165 52 462 56 137 50 87 110 72 411 40 848 52 51 40 387 302 64 200 196 205 53 174 46 355 354 212 144 139 130 99 64 68
is_linear=0
shrinkage=0.03


Tree=7
num_leaves=63
num_cat=0
split_feature=38 38 27 27 26 49 26 82 19 40 77 41 16 2 34 59 6 27 45 46 48 0 8 84 46 89 26 2 72 28 64 54 5 82 36 21 84 16 27 6 36 80 74 28 48 43 43 77 44 73 48 0 67 43 72 8 6 7 47 56 56 52
split_gain=125.419 72.557 57.8263 18.9212 20.6308 17.2554 14.9653 16.6272 14.0687 12.8407 12.5087 12.1165 19.3501 10.632 11.7232 10.3599 10.3416 9.96666 8.93616 15.8821 11.137 8.65595 8.54888 8.13126 9.65072 8.07546 7.91974 15.0383 8.02097 10.4942 9.87015 7.81493 7.79967 7.69906 7.65345 9.95706 8.86174 7.47128 7.19783 7.17926 7.13789 7.02711 6.97179 6.27345 6.09151 6.76657 5.85087 5.7653 5.73755 5.63468 5.58 8.46943 5.55522 5.422 5.22206 5.20078 4.80985 6.31352 4.78605 4.51104 4.4479 4.34157
threshold=-1.0000000180025095e-35 1.0000000180025095e-35 0.022069384653104953 0.011966790275431351 0.55818507809744144 15.775000095367433 0.65458462052714783 0.29025246681274913 -1.0000000180025095e-35 123.07999801635744 10.75907161777449 130.35500335693362 -0.16651670780406205 11.321223106918538 43.975699509486979 3.0720000267028813 0.18311457602207429 0.0076511554434743508 -0.38629136626996535 0.0064407390756007514 1.0000000180025095e-35 72.124134063720717 0.082609619525372213 0.021994361126448102 0.0055901786279503015 53080289.000000007 1.3717494403918489 46.378557162577984 44.495012177519236 0.08657680354252581 0.012138771912210451 44.516141766292812 78.620311559844865 1.1250271193784303 0.0061889022965530517 27.206651182289079 0.012087374426952001 0.78727296324776586 0.014333161705206503 -0.62972111701285616 0.0073352235469523012 25898500.000000004 0.0095349053239835013 0.12312372654428701 -1.0000000180025095e-35 8591100.0000000019 3700050.0000000005 66.283014798021924 76.366973937516917 0.18857121266910329 1.0000000180025095e-35 5.23378610610962 93.970001220703139 10874700.000000002 46.898867710262515 0.070934810828376466 0.20401979131402204 0.019098099673053152 0.11488446843747362 0.071041609244275619 0.050463825766793209 17.98499965667725
decision_type=2 2 2 2 2 2 2 2 2 2 2 2 2 2 2 2 2 2 2 2 2 2 2 2 2 2 2 2 2 2 2 2 2 2 2 2 2 2 2 2 2 2 2 2 2 2 2 2 2 2 2 2 2 2 2 2 2 2 2 2 2 2
left_child=50 2 3 4 9 26 15 56 -7 18 13 12 22 14 41 43 42 -6 19 -2 -21 23 -10 -19 -25 -20 27 28 40 -30 -31 60 -9 -12 -17 -36 -37 53 55 47 -5 58 -16 -3 -41 59 -11 -33 -40 54 51 -1 -26 -32 -47 -14 57 61 -4 -46 -13 -8
right_child=1 6 10 5 17 8 7 32 11 46 33 31 38 -15 16 34 -18 21 25 20 -22 -23 -24 24 52 -27 -28 -29 29 30 37 39 -34 -35 35 36 -38 -39 48 44 -42 -43 -44 -45 45 49 -48 -49 -50 -51 -52 -53 -54 -55 -56 -57 -58 -59 -60 -61 -62 -63
leaf_value=0.0089526769125230048 -0.014771008261281931 -0.013771970316382139 -0.013959110369496234 0.020372051941803696 -0.018340931875889581 -0.014133950995693393 0.019801235772216361 -0.01452342908792518 -0.0068323741287330941 0.057467541928779661 0.048624414596489855 0.010383554607868892 0.0055153692682553589 -0.0013971558276735304 0.050704416020387763 -0.017159555214600188 0.00099810361050777733 0.003166563802260837 -0.019058524237007188 0.052753819757828786 -0.002234999617280731 -0.0087629845674712693 0.028604533115837699 0.0068500994513394304 0.02154791970989104 0.012644947831126891 0.047060949310592244 -0.014728289480605639 -0.0081788883458820249 0.041482790732060688 0.039037615227029802 0.057379582586751701 0.020603778914822315 0.0081581375902590892 -0.0066744876508438638 0.0071359106241194233 0.058153950304450412 -0.018239732986563562 0.053110521162871627 -0.014849913337547531 0.056075686279932889 0.036343418834476851 0.018734027955950215 0.014786792856414821 0.014146376084075705 -0.0015056347114422435 -0.016959405210196538 0.012539737934194578 0.019901161511316968 -0.017935271400277741 -0.022278473252973243 -0.015232435703330832 0.052706892438512197 -0.0018850319658628364 0.030382900682926237 0.04609402091724054 0.041633052245681257 0.047644297223569637 0.021127304931095821 0.049383090118179283 -0.011411557909743065 -0.0083849611585698081
leaf_weight=13.94730333983898 8.9308083504438418 187.33965364098549 9.3807385414838809 8.9695334434509295 7.6096850335597983 24.624436259269714 11.519165262579923 30.213645204901695 23.292175263166431 0.96400311589240928 36.511835560202599 11.294146507978438 9.9342976510524732 12.891811445355414 28.217707708477974 9.2742712348699587 5.9299312531948081 12.683528140187262 19.402934134006504 10.573083162307737 4.8287143111228934 8.8973453640937787 8.3137952685356122 10.013115823268889 7.7919296622276333 11.526644200086592 10.838434636592863 9.9585888832807523 10.696715340018271 17.859507858753204 7.5370937585830706 4.8220476359128934 7.0085979700088492 4.7861856967210761 10.196446448564531 5.9427756220102292 6.325904905796051 5.7402947396039954 17.561557307839397 10.107983529567717 11.501660674810408 6.5723867267370215 7.845797285437583 7.1882302761077872 8.0239365845918638 11.255906045436864 68.427176967263222 5.5520885586738586 6.3843406289815894 8.3669769763946515 98.656867489218712 198.50661879777908 15.185966461896895 4.750465914607048 7.8417942821979514 3.9820186495780936 8.016397610306738 4.3456187397241584 5.5804827958345404 5.5188483148813239 33.197182178497314 8.5829714834690076
leaf_count=46 22 487 23 34 17 61 44 77 64 5 177 38 32 38 139 23 18 40 45 53 14 23 34 32 30 40 52 25 29 82 34 25 27 16 29 20 33 14 88 25 59 29 29 26 29 33 163 19 24 19 200 461 76 14 33 19 37 21 21 27 85 24
internal_value=1.00904e-05 0.00575047 0.0118098 0.00714289 -0.000291907 0.0119673 -0.00637987 0.00577609 0.00710074 -0.00733283 0.0306318 0.010081 0.0198187 0.0234428 0.0284836 -0.0101237 0.0377122 0.0138228 0.00345668 0.0170578 0.0355139 0.0183078 0.00248913 0.0235812 0.0314296 -0.00724347 0.0230504 0.0196714 0.0247802 0.017902 0.0256758 0.00369822 -0.00790931 0.0439346 0.00576838 0.0152337 0.0334415 0.0100164 0.0342848 0.0106278 0.040432 0.0104867 0.0437491 -0.0127167 0.00600973 0.0111514 -0.0159254 0.0333819 0.0442564 0.00259407 -0.0163826 -0.0136447 0.0421407 0.0232166 0.0115883 0.0171266 0.0214673 0.0148549 -0.000872001 0.0285058 -0.00587886 0.00776663
internal_weight=1199.54 888.431 592.478 474.761 186.835 287.926 295.954 69.6864 200.074 124.653 117.717 175.449 69.4682 76.4189 63.527 226.267 41.9934 62.1816 55.2622 24.3326 15.4018 54.5719 31.606 45.6745 32.991 30.9296 87.8523 77.0139 67.0553 46.5841 35.8874 105.981 37.2222 41.298 31.7394 22.4651 12.2687 18.0279 37.8622 61.4896 20.4712 21.5336 36.0635 194.528 51.1154 41.0075 69.3912 10.3741 23.9459 27.4647 311.111 212.454 22.9779 12.2876 19.0977 13.9163 32.4642 24.4478 14.9612 13.5428 44.4913 20.1021
internal_count=3603 2896 2048 1558 560 998 848 230 655 342 490 594 261 297 259 618 186 218 174 89 67 201 98 178 138 85 343 291 266 173 144 333 104 193 105 82 53 62 163 210 93 73 168 513 166 141 168 44 112 85 707 507 106 48 66 51 126 89 44 56 123 68
is_linear=0
shrinkage=0.03


Tree=8
num_leaves=63
num_cat=0
split_feature=38 38 36 48 59 28 14 45 36 45 70 48 50 5 16 28 39 55 43 33 44 81 28 18 7 7 35 66 60 35 66 86 46 16 51 46 65 17 41 35 44 21 64 89 0 86 89 51 8 46 51 46 74 15 34 81 28 8 64 65 39 41
split_gain=407.868 87.9198 17.902 24.0272 23.838 16.5993 11.972 12.6285 11.3953 10.865 10.323 10.0179 9.09924 10.3741 11.5805 10.2009 11.2888 8.57556 9.01275 9.19177 8.50995 8.40412 8.10921 7.90456 8.80824 10.7873 7.71953 10.5151 17.9548 7.37362 8.26117 7.53627 7.30303 11.5585 11.0975 11.5407 8.95089 8.03067 7.7732 11.7904 7.16348 6.58113 6.27265 6.18397 7.99668 5.9661 8.52851 6.68523 6.74022 6.32693 5.66284 5.24172 6.20599 5.82327 5.14619 5.03688 4.91959 4.81827 4.81228 4.81113 4.39233 6.63491
threshold=1.0000000180025095e-35 -1.0000000180025095e-35 0.0079185747704591022 -1.0000000180025095e-35 2.8875000476837163 0.12107230432056856 19292900.000000004 -3.5660024365816549 0.0035661666987681505 1.9766924960106567 97.884998321533217 -1.0000000180025095e-35 12.894999980926515 77.522038756249557 0.3503634616956966 0.10157514539129646 159.879997253418 -1.2269106701675179 5391150.0000000009 56773250.000000007 66.805743875510686 52.490487448692583 0.11032903136422641 0.054733914554987405 0.016596226826909252 0.013981994010895652 -0.28401306975543145 0.31698794713306916 3.7755000591278085 0.39923306846264245 0.32601186871512616 16.361227012080615 0.0097736176985822026 -0.40233736988141894 22.384999275207523 0.0089220579028123515 0.023846641539287054 0.010861513158506851 136.34999847412112 0.54888328434834233 21.756641704678881 143.02209299925542 -0.020327544019310795 34826274.000000007 15.353782653808596 27.324359079244186 78397650.500000015 19.000000000000004 0.062486941699858509 0.0086005524222115531 24.804999351501468 0.0076648471750264515 0.0037967874002278507 68.326873470321246 79.672514145603046 20.471522920710012 0.069801442240151362 0.0097140382553217528 0.0047773101960270513 0.013475623929708453 129.17000579833987 124.52500152587892
decision_type=2 2 2 2 2 2 2 2 2 2 2 2 2 2 2 2 2 2 2 2 2 2 2 2 2 2 2 2 2 2 2 2 2 2 2 2 2 2 2 2 2 2 2 2 2 2 2 2 2 2 2 2 2 2 2 2 2 2 2 2 2 2
left_child=1 8 3 4 10 11 -4 -8 -1 17 43 40 42 14 15 16 29 -9 -19 -20 21 -7 32 24 25 51 -13 45 -29 31 -31 -14 33 36 35 37 -21 -35 59 -40 -2 57 -5 -3 -45 46 60 58 56 -47 -24 -16 53 -53 -44 -42 -49 -10 -48 -34 61 -28
right_child=5 2 6 12 -6 20 7 9 41 -11 -12 26 13 -15 23 -17 -18 18 19 22 -22 -23 50 -25 -26 -27 27 28 -30 30 -32 -33 38 34 -36 -37 -38 -39 39 -41 55 -43 54 44 -46 49 47 48 -50 -51 -52 52 -54 -55 -56 -57 -58 -59 -60 -61 -62 -63
leaf_value=0.0018035693130839241 -0.03034246109290669 0.0094433213550308478 0.021030449680468973 0.0035433202001623541 -0.029584893514955815 0.016149825063427131 0.032345614978705403 -0.020665233256416924 -0.0087831085381258663 -0.024913803520766668 -0.013216466360816026 0.037797434184353267 0.027313858442747176 -0.016068251085387692 0.035743480575257662 -0.029638388368901491 0.035448883966664665 -0.020876751828943031 0.031855112346179493 0.042619283981481994 0.032760068922443701 -0.025326591711370836 -0.024603211434263209 -0.02123207464785196 0.04331677373750642 -0.012004229282260984 0.032957998093673911 -0.02510479154721678 0.041252373525458234 -0.024860511528194802 0.012664197301469044 -0.014958785841659245 0.013261941883036888 0.0089115318296708549 0.022439342960742601 0.02938653685637576 0.0040036920539269017 -0.023353120951444907 -0.015344805906401795 0.032168325606337408 -0.031035444254901519 0.0011347239699618583 -0.026362154675676947 -0.0060653130956992559 0.040277231579970707 -0.008107580145849929 -0.022608647171950467 0.027495653389597155 0.04607338198980656 0.030517553884037651 -0.001039565160698475 -0.022583350918009483 0.03221499323651239 0.018214847967944005 0.0026122530574155802 0.045812861408679864 -0.011915345900214645 -0.026245336450297963 0.019238321616718651 -0.017267153925116959 0.042548632240735546 0.0016971667704994441
leaf_weight=15.565760299563406 1.1678972989320744 10.117240667343138 12.21266622841358 13.307268306612967 7.9964872002601615 8.6317267715930992 6.434270277619361 40.550647988915443 15.013259857892988 38.998112335801125 5.4545460045337668 64.927941590547562 10.077480986714365 26.324046090245247 12.850019380450247 11.733259692788122 7.4728586673736563 30.415689989924431 6.4640245586633673 11.024465933442118 7.7460632920265189 8.9614652544260007 26.448491975665092 5.2380168735980979 9.683303624391554 12.449105128645895 55.276180818676949 9.0464034825563413 6.1747495830059043 18.885628163814548 7.3294020146131507 6.0889524817466727 5.1573090851306906 9.1865653693675977 12.814877942204474 5.9822829961776725 10.593561857938765 28.427139192819595 9.4580041021108645 9.3446837514638883 0.7785283625125875 8.7199628502130491 28.046184957027435 3.7091058343648902 34.723205164074898 8.0055758059024793 5.5230956077575701 6.9151082038879412 8.7020718157291395 7.2945362776517859 14.057614386081694 6.1671973168849963 7.8600877672433844 6.433108314871788 6.867945969104766 54.692019402980804 4.8498411774635315 269.53331159055233 4.4788574427366257 46.842495277523994 37.084296181797981 6.869926542043685
leaf_count=33 4 34 37 37 26 26 19 178 35 155 26 162 25 94 36 46 21 117 19 28 22 39 105 20 24 43 148 42 13 60 23 23 19 27 37 16 37 112 46 28 4 22 101 12 86 31 27 21 20 17 52 27 23 20 24 126 20 617 15 185 88 23
internal_value=-9.76305e-07 -0.0102669 -0.00341347 0.00247102 0.0187568 0.0298169 -0.00810807 -0.00924791 -0.0232096 -0.0101232 0.0259149 0.0319083 -0.00265936 0.00101531 0.00469335 -0.0044711 0.00145204 -0.00796097 -0.00568366 -0.00332357 0.00655896 -0.00497707 -0.00452458 0.0139947 0.0173228 0.0118222 0.0290712 0.025535 0.00181425 -0.00454241 -0.0143691 0.0113922 -0.00128562 0.00504465 -0.00210314 -0.00931731 0.0236963 -0.015473 -0.00826198 0.00826858 0.0431862 -0.0245373 -0.0139827 0.0303113 0.0358047 0.0280251 0.0301151 0.0162322 0.0260557 0.0103075 -0.0164255 0.0207268 0.0112957 -0.00175376 -0.0206626 0.0447343 0.0112493 -0.025324 -0.00386965 -0.0142393 0.0343779 0.0295023
internal_weight=1199.19 892.06 583.227 258.814 62.0006 307.126 324.413 312.2 308.832 305.766 54.0041 281.787 196.814 148.592 122.268 61.5876 49.8543 266.768 226.217 195.802 25.3393 17.5932 189.337 60.6808 55.4428 45.7595 225.149 160.221 15.2212 42.3815 26.215 16.1664 148.831 78.0289 56.4109 43.596 21.618 37.6137 70.8025 18.8027 56.6384 293.267 48.2214 48.5496 38.4323 144.999 129.699 30.469 20.467 15.3001 40.5061 33.3104 20.4604 12.6003 34.9141 55.4705 11.7649 284.547 10.002 51.9998 99.2304 62.1461
internal_count=3603 2755 2048 831 184 848 1217 1180 707 1161 158 761 647 485 391 198 152 1006 828 711 87 65 692 193 173 149 627 465 55 131 83 48 535 257 192 155 65 139 278 74 134 674 162 132 98 410 362 103 61 48 157 106 70 47 125 130 41 652 42 204 259 171
is_linear=0
shrinkage=0.03


Tree=9
num_leaves=63
num_cat=0
split_feature=38 38 69 23 27 76 20 65 3 15 54 6 47 74 64 15 0 84 27 37 69 8 69 12 27 54 8 83 10 55 18 25 17 7 25 35 8 83 47 69 25 55 5 47 73 44 42 37 36 87 49 5 59 45 3 52 16 34 64 54 44 81
split_gain=653.193 55.9664 21.5276 22.9191 24.9213 21.2409 18.5553 16.5141 13.4797 11.7676 10.9687 10.3199 9.11895 8.98422 9.24079 8.81842 8.64228 8.36017 8.60206 15.2486 8.30346 7.6835 7.6673 7.4453 7.78941 7.21225 6.86037 6.797 6.67565 14.9979 7.80392 6.88793 6.03927 13.3903 5.1366 4.99247 7.45615 4.37902 11.2164 6.08338 4.41104 4.26189 7.89267 4.14243 3.97087 3.5684 8.87399 6.09876 5.74765 4.52002 12.6263 5.14375 4.52917 3.54695 8.1436 3.41611 6.52936 2.70339 2.51537 4.13901 5.95612 8.69298
threshold=-1.0000000180025095e-35 1.0000000180025095e-35 74.895000457763686 134.95282305939293 0.0081626452520557526 9.6635360717773455 51.546981811523445 0.010038498851727152 20.834415783067993 39.404737295218268 44.378803152774942 -0.16507124169671872 0.11003286976772216 0.0048933029604370003 0.010530068887292202 82.566727438121788 138.61186981201175 0.046507689871344057 0.022069384653104953 0.10012595014684941 86.680000305175795 0.066767698448425117 93.895000457763686 286.07848626528431 0.058348127169589308 34.574008576134396 0.077790487578850417 0.019882448047644701 20.920961380004886 -0.64073738448415696 0.0050443340775512008 40.281583157219337 0.018594356579173854 0.016120502948287253 45.035798669975698 3.5899612063981299 0.1188018415307792 0.0059811502568938007 0.098449827573514614 79.884998321533217 64.201737382580305 -1.4811271521490796 75.640381621156806 0.12392669529358576 0.76606092523439184 37.026149663667837 114.87500000000001 0.12338563216574001 0.0037969065552915502 12.52674176878582 15.154999732971193 33.015595808975675 0.67649999260902416 1.1791908028487088 10.596416191920843 12.204999923706056 0.35927440701951779 52.643687941478937 -0.0085273269900011991 43.684104147379465 56.165146229997255 69.36620466133779
decision_type=2 2 2 2 2 2 2 2 2 2 2 2 2 2 2 2 2 2 2 2 2 2 2 2 2 2 2 2 2 2 2 2 2 2 2 2 2 2 2 2 2 2 2 2 2 2 2 2 2 2 2 2 2 2 2 2 2 2 2 2 2 2
left_child=15 2 5 4 6 -2 8 -6 -4 11 16 43 -8 26 20 23 -5 18 19 -11 21 -15 -12 24 37 -19 -13 -27 29 -21 -30 32 33 -32 -7 -3 -37 38 -1 -40 -41 42 -33 -9 55 46 -39 -48 -47 50 -50 -52 -51 -53 -55 56 -43 -35 59 60 61 -57
right_child=1 35 3 10 7 34 12 9 -10 17 22 13 -14 14 -16 -17 -18 25 -20 28 -22 -23 -24 -25 -26 27 -28 -29 30 -31 31 41 -34 57 -36 36 -38 45 39 40 -42 44 -44 -45 -46 48 47 -49 49 52 51 53 -54 54 -56 58 -58 -59 -60 -61 -62 -63
leaf_value=-0.030906140244418123 -0.023155490876893225 -0.025698527291989941 0.023934763841119092 0.048323308273467917 0.020623782955393664 0.016315633176106941 -0.013099587899693808 -0.02904243852301883 -0.025299555958873114 0.027048718412430429 -0.019721762909931044 -0.029088113420756904 0.041919290185158629 -0.0032032523529427399 0.035615219614870616 0.0086797978743110536 0.0070984870604614766 0.020570510789825563 -0.027415384271413299 0.025105295826893172 -0.029329757746776389 0.03969314465068903 0.017961092018655082 0.013259325652975626 0.01136067237906351 -0.029316379570372062 0.010271225672651591 0.0055286115662253757 0.024243074566120668 -0.024781090647028006 -0.019713748800246785 -0.023262697842645803 -0.029164899571258587 0.0082402476715487446 0.045514240019445228 0.0088075101529375439 -0.029046016476835818 0.0049335252692647219 -0.0031369640579345021 0.02660997943327675 0.048289423872657694 0.0095384975689763122 0.020315656483441011 0.0027015271774051687 -0.0035833556916530199 -0.0068215854678931546 0.047472238701887139 0.022971539865305236 -0.030992541561144241 -0.030815227852974011 -0.030660988864471574 0.044186090353968102 0.045492669230298627 0.013470514254487503 0.047304217634023829 0.017800186460485867 -0.022017639856409688 0.03400227932638436 -0.027492034414890402 -0.027496865933884385 -0.025603134961678733 -0.029123327389276647
leaf_weight=2.6245753765106192 8.8483784496784228 267.32754211127758 7.7366866171360043 9.9144252985715884 12.46341712772846 10.122379168868067 3.2699364423751858 15.030245408415796 14.173520758748053 7.3997476249933234 10.901623383164408 10.113643586635591 15.867435708642004 9.919498875737192 11.170577272772787 10.577432960271834 8.5009026080369932 9.4166158139705676 66.684925302863121 10.526054725050928 5.6276363581418982 6.0501394122838965 8.768059164285658 11.930269882082937 9.9999496638774854 9.7037101984024066 6.5778064727783194 10.479043468832968 3.892572045326232 11.189750388264654 16.264563068747524 9.1821434795856458 8.7151556462049466 8.2486517429351789 11.678388237953184 9.5880785435438174 9.1548177003860456 8.72454024851322 3.725761115550994 17.20256319642067 16.595188602805138 8.0735341459512728 6.311538189649581 4.9078781604766837 10.176671773195265 2.2054229080677024 24.660983845591545 14.531984999775885 2.4554741680622092 0.70366373658180137 0.96343378722667594 45.157406896352768 135.88442189991474 12.940786242485048 12.672631219029425 9.9876838475465792 21.932951033115387 6.5986543893814078 99.55711954832077 30.699060812592506 14.581282451748846 5.5155246406793585
leaf_count=7 43 796 18 18 30 30 14 58 43 17 40 44 32 34 28 32 27 29 320 32 24 13 24 30 28 38 21 36 12 37 57 32 28 29 23 23 29 25 13 38 31 27 19 15 36 6 45 35 11 2 5 88 249 39 23 29 82 16 397 113 61 22
internal_value=-1.79917e-05 -0.0138002 -0.0084194 -0.00979242 -0.0114751 0.016046 0.0109363 -0.013445 -0.00791449 -0.0143791 0.012654 -0.00300762 0.0325184 0.00433761 0.0134632 0.0356342 0.0292931 -0.0164282 -0.0177035 -0.0154614 0.00200568 0.0130482 -0.00292406 0.0365169 0.0374089 -0.00110943 -0.0135773 -0.0112246 -0.016579 -0.000600231 -0.017915 -0.0185564 -0.00709247 -0.000909469 0.0319569 -0.0246491 -0.00968174 0.0382742 0.0290507 0.0332443 0.0372549 -0.02067 -0.00551053 -0.0212285 -0.0218413 0.0396935 0.0322967 0.0383879 0.0413577 0.0418618 0.0359009 0.0381906 0.0450996 0.0391279 0.0302103 -0.0228174 -0.0135272 0.0196898 -0.024556 -0.0197472 -0.0118391 0.00110636
internal_weight=1196.41 862.85 576.78 546.13 508.045 30.6491 41.0476 466.998 21.9102 454.534 38.085 69.3974 19.1374 49.4593 32.7679 333.556 18.4153 385.137 355.538 288.853 21.5973 15.9696 19.6697 322.979 311.049 29.5994 16.6915 20.1828 281.453 21.7158 259.737 255.845 39.827 31.1119 21.8008 286.07 18.7429 301.049 40.1481 37.5235 33.7978 216.018 15.4937 19.9381 200.524 260.901 47.9175 39.193 212.983 210.778 74.1897 71.7343 136.588 70.7708 25.6134 190.347 30.0065 14.8473 160.341 60.7836 30.0845 15.5032
internal_count=3603 2896 2048 1952 1843 96 107 1736 61 1706 109 237 46 164 99 707 45 1469 1366 1046 71 47 64 675 645 103 65 74 1029 69 960 948 130 102 53 848 52 617 89 82 69 818 51 73 767 528 105 80 423 417 166 155 251 150 62 731 109 45 622 225 112 51
is_linear=0
shrinkage=0.03


Tree=10
num_leaves=63
num_cat=0
split_feature=38 38 27 27 45 39 33 26 82 26 12 19 5 59 26 45 61 28 27 16 66 37 16 16 37 37 44 16 5 64 36 21 84 44 26 36 44 34 80 47 82 27 15 18 27 26 45 33 24 28 42 16 63 14 4 48 4 42 86 43 6 35
split_gain=118.581 67.8072 53.4559 17.9526 22.4413 19.492 14.6885 14.3129 15.7373 12.2247 11.7252 11.1546 10.9891 9.90001 9.17011 12.4854 9.70938 8.90427 8.8011 11.9919 8.18563 17.9793 8.17303 10.204 8.18512 7.95657 7.63488 7.60063 11.4842 7.25609 7.25127 9.29652 8.06692 7.2459 7.08404 11.0152 8.35348 6.87653 8.34943 7.46681 6.871 6.71667 6.46503 6.40992 5.4546 10.63 13.3269 6.86485 9.01762 5.41189 5.27452 5.80168 5.1066 5.10002 9.56621 4.86102 8.04768 4.87807 4.70577 6.58345 4.53974 4.27407
threshold=-1.0000000180025095e-35 1.0000000180025095e-35 0.022069384653104953 0.011146695817319852 -0.51669878003394831 131.1350021362305 177802350.00000003 0.65458462052714783 0.29025246681274913 0.55818507809744144 20.864858577282924 -1.0000000180025095e-35 78.272238021376054 3.0720000267028813 0.35936375344403976 0.17027410040727634 1.6014999747276308 0.096719633084119516 0.017354790762008552 0.076608629105946222 0.2116556405092567 0.14185538102621242 1.863988220286185 -0.22693942876419987 0.12896455496653039 0.14456464652653575 43.709520918784385 1.5129493802185296 70.104986917753308 -0.019012400814652445 0.0061889022965530517 27.206651182289079 0.012087374426952001 45.536926374660702 -0.22427537336771755 0.013171091574704651 59.421972105287544 61.696493990704866 23262500.000000004 0.11992707163516501 1.1250271193784303 0.008388142178128952 84.229505575271375 0.026222595134326204 0.014298339295667701 0.44117285858854954 -0.70651543334930256 78707600.000000015 15546900.000000002 0.12197565283238716 122.57500076293947 0.60001488869308173 27.136445393521708 46207850.000000007 150413200.00000003 1.0000000180025095e-35 889046200.00000012 85.705001831054702 8.3617258713816565 12149350.000000002 0.20401979131402204 1.1465372706412185
decision_type=2 2 2 2 2 2 2 2 2 2 2 2 2 2 2 2 2 2 2 2 2 2 2 2 2 2 2 2 2 2 2 2 2 2 2 2 2 2 2 2 2 2 2 2 2 2 2 2 2 2 2 2 2 2 2 2 2 2 2 2 2 2
left_child=42 2 3 4 12 6 11 13 60 52 34 17 26 25 18 53 -17 -5 29 33 21 -11 23 24 -13 -3 50 -10 -29 37 -15 -32 -33 -20 36 -36 58 38 39 -7 -12 -22 55 -18 45 46 -25 -48 -49 -46 51 -2 -6 54 -16 56 57 -1 -4 -60 61 -9
right_child=1 7 10 5 9 14 -8 8 27 20 40 22 -14 30 15 16 43 -19 19 -21 41 -23 -24 44 -26 -27 -28 28 -30 -31 31 32 -34 -35 35 -37 -38 -39 -40 -41 -42 -43 -44 -45 49 -47 47 48 -50 -51 -52 -53 -54 -55 -56 -57 -58 -59 59 -61 -62 -63
leaf_value=0.032211591073301682 0.024139300452722751 -0.013644007566417144 -0.0074709032973539887 -0.019278952167878467 0.015529838630204268 0.0099389305898170757 -0.00072774290353501837 0.031684519993164975 -0.025647472930302666 0.040489184729803791 0.045654147351209595 -0.0012266215610734401 0.049326349077324895 -0.016813497881190236 -7.6905369068591006e-05 0.0050578052593995681 0.015687659025905774 0.029321580849015139 0.010906356297513834 -0.011005425081056838 -0.023705280985787915 -0.019847615233585955 -0.0027944963105951551 -0.014216706885580696 0.036882542265421585 0.018001330810094248 0.039232658665852155 -0.011618202643639849 0.033483480791866138 -0.018046874074121935 -0.0064950173695607532 0.007000395883978913 0.05539479442031639 0.050331231268411325 0.0052487123004346988 0.042529861780300979 0.032858107497313778 -0.017621043304158888 -0.010263992672029112 0.057360873550058665 0.0077050933946409333 0.010074078974495183 0.0094926799758318706 0.055345191852943766 0.047746769851958963 0.050277337020014676 0.05529936277932581 -0.0019382766332387694 0.040037806217601279 0.011750122415707996 -0.021595040062890349 -0.013094124301564269 -0.017465823724408951 -0.015025705899347715 0.037821283689486507 -0.022372050621571583 0.012733621029135962 -0.015944867219516757 -0.00072092533921396451 0.045685860855377444 0.0403050875817604 0.0053568772227807655
leaf_weight=1.9118754118680943 10.509259983897218 185.78263428807259 14.911630243062975 9.303444638848303 4.4949935525655738 8.42932938039303 28.737661108374596 8.4665503501892108 13.503812253475187 12.537964001297953 39.734206989407539 15.704374074935915 8.1945161223411542 9.1957140266895312 27.700564786791801 10.123135313391687 5.4616801887750652 5.340331405401229 9.8411863893270546 12.404183983802794 11.278657466173174 6.8858715146780005 8.054540812969206 8.519103839993468 7.4922671914100638 7.4369532465934745 6.2807972580194464 16.136143937706951 7.4164279997348777 33.559941366314888 10.159773394465448 5.9538928121328336 6.4672751873731613 7.3136331290006629 9.9693193584680539 25.06875716149807 13.21359872817993 11.130757689476011 9.4565975219011289 4.6294372826814643 4.8142527043819419 9.9904657304286939 8.6879569590091688 11.170014768838881 28.665941417217255 12.857953310012816 6.665705472230921 8.9035472273826617 9.542900010943411 4.3262599110603324 6.2518470287322989 5.87030966579914 69.367039456963539 11.303299039602278 7.6498194336891165 94.870842710137367 9.5493234246969205 193.14857770502567 6.7737057656049711 4.6330795288085938 8.1165459752082807 16.107712745666504
leaf_count=8 41 485 40 21 16 29 85 36 29 57 188 47 40 23 83 32 20 22 34 32 23 15 24 22 33 28 28 43 32 79 29 20 33 36 32 116 56 26 24 24 16 34 29 57 138 63 34 26 43 15 14 15 164 28 34 193 33 444 20 22 37 53
internal_value=1.93817e-05 0.00557393 0.0114023 0.00690406 -0.00161578 0.0108886 0.0186173 -0.00619322 0.00568051 -0.00818368 0.0293756 0.0230515 0.0186605 -0.00987399 0.00388923 0.0118848 0.0282225 -0.00155518 -0.00217641 0.011466 0.00501966 0.0190994 0.0263055 0.0285883 0.0110822 -0.012426 0.0099689 -0.00770404 0.00258379 -0.00817669 0.00564354 0.0147888 0.0321977 0.0277144 0.0221007 0.0319223 0.0133956 0.00166822 0.0112041 0.0267504 0.0415531 -0.00783855 -0.0160189 0.0423221 0.0336974 0.0270768 0.0182067 0.0292061 0.0197772 0.0430265 0.00184746 0.0107951 -0.0154578 0.00251546 0.00812426 -0.016759 -0.0141564 -0.0154729 0.00362406 0.0181281 0.0208525 0.0144275
internal_weight=1197.98 889.811 595.068 475.949 151.662 324.288 154.114 294.743 69.7472 114.555 119.119 125.376 37.1067 224.996 170.174 73.4085 26.7548 14.6438 96.7651 29.559 40.693 19.4238 110.733 102.678 23.1966 193.22 28.9122 37.0564 23.5526 67.2061 31.7767 22.5809 12.4212 17.1548 74.5701 35.0381 39.532 33.6461 22.5154 13.0588 44.5485 21.2691 308.169 16.6317 79.4814 46.4892 33.6313 25.1122 18.4464 32.9922 22.6314 16.3796 73.862 46.6537 35.3504 299.481 204.61 195.06 26.3184 11.4068 32.6908 24.5743
internal_count=3603 2896 2048 1558 447 1111 573 848 230 309 490 488 138 618 538 254 109 43 284 102 129 72 445 421 80 513 98 104 75 182 105 82 53 70 286 148 138 103 77 53 204 57 707 77 341 188 125 103 69 153 70 56 180 145 117 678 485 452 82 42 126 89
is_linear=0
shrinkage=0.03


Tree=11
num_leaves=63
num_cat=0
split_feature=38 38 27 48 28 60 21 46 50 8 2 36 75 21 35 48 82 56 5 33 56 4 36 44 81 33 34 7 7 35 66 82 44 44 8 21 56 13 51 45 34 80 86 81 27 56 54 72 89 33 44 17 44 54 4 0 4 20 4 70 81 8
split_gain=380.438 84.3947 26.5557 17.1512 15.2942 14.7559 17.9599 14.2398 14.9051 11.393 11.0714 11.0482 11.0064 13.4071 9.80702 9.29092 9.09 8.91259 8.46405 9.45558 9.40403 8.14289 8.03536 8.01101 8.11501 7.99955 7.4502 12.7775 7.30507 7.09858 9.7916 19.4703 7.05603 6.72104 6.47815 6.37895 6.32436 6.15818 5.80526 5.73699 5.65759 5.62693 6.885 5.47133 7.72328 7.60652 5.29318 6.8946 5.27717 7.41025 5.31628 5.23353 7.43443 5.21569 5.05084 5.90598 4.96927 5.52739 7.84564 4.75597 4.718 4.7161
threshold=1.0000000180025095e-35 -1.0000000180025095e-35 0.019676554653882055 1.0000000180025095e-35 0.12107230432056856 2.211499929428101 143.02209299925542 0.0096338361435913521 16.224999427795414 0.089077409477606312 15.16382122740988 0.0035661666987681505 1.084798940570042 39.623770669834457 1.9546410349877879 -1.0000000180025095e-35 0.67092568179527501 0.083831592513228512 73.385494435789113 55591450.000000007 0.059124645171968158 142148800.00000003 0.0042393155286563509 66.805743875510686 52.490487448692583 122409300.00000001 56.438536997503057 0.015833902110883754 0.016069868009718553 -0.28401306975543145 0.31698794713306916 0.1177323119840183 50.747514826654019 21.756641704678881 0.056980119364955256 143.02209299925542 0.11205307511651826 40.379928354941988 12.805000305175783 0.53296696717638536 84.263445191205818 33478000.000000004 27.324359079244186 60.526540940794369 0.014583078629494753 0.093232424425503765 50.399287838208146 38.669276298420478 78829027.500000015 183064050.00000003 50.264339594210014 0.013810666078770252 54.205853447853848 46.908961757500485 307204600.00000006 21.551394462585453 1245489000.0000002 21.479220390319828 137199000.00000003 80.514999389648452 20.471522920710012 0.0097140382553217528
decision_type=2 2 2 2 2 2 2 2 2 2 2 2 2 2 2 2 2 2 2 2 2 2 2 2 2 2 2 2 2 2 2 2 2 2 2 2 2 2 2 2 2 2 2 2 2 2 2 2 2 2 2 2 2 2 2 2 2 2 2 2 2 2
left_child=1 11 3 5 15 6 7 10 14 12 -3 -1 -7 34 -9 33 17 -11 19 -12 53 -20 -15 24 -6 38 27 -4 46 -17 41 -32 -19 -2 -14 61 -10 59 -24 -27 -28 42 48 44 45 -39 -5 -48 54 50 -50 -30 -53 -21 55 -31 57 -29 -59 -22 -35 -13
right_child=4 2 26 28 23 9 -8 8 36 16 18 35 13 22 -16 29 -18 32 21 20 37 -23 25 -25 -26 39 40 56 51 30 31 -33 -34 60 -36 -37 -38 43 -40 -41 -42 -43 -44 -45 -46 -47 47 -49 49 -51 -52 52 -54 -55 -56 -57 -58 58 -60 -61 -62 -63
leaf_value=0.0018182715099450369 -0.030144596485862461 -0.011620062675524664 0.023916366142979477 -0.02457557799207612 0.015654446936398805 -0.011838682401395149 -0.025554400283473753 0.028712831876327703 -0.020632936876232726 -0.024740732092738586 0.046246115047160856 -0.008509769021166529 0.0034557491947538005 0.023562822380392319 -0.015270078970294747 0.036119584638223783 0.017789613466404754 0.02256084447898643 -0.015393126524673265 0.017637397411916191 0.010191627202220738 0.031975383421322723 0.0012463119381340532 0.031475260840786175 -0.025102331197264446 0.00056320761371413239 -0.023660158452663348 0.0043660583956913754 0.017403297293285606 0.0096398621917277681 -0.029990137391817131 0.037966672562696001 -0.021579094774975056 -0.030796116564696645 0.038561798446628014 0.0011387891389622749 0.013378642623097474 0.019653080597904677 -0.02445669778146017 0.039579150060248217 0.011968610017382971 0.0037638554220078466 0.0074224403846661234 0.036100877037199261 0.032778744684572432 -0.023830620177988825 0.016865588165703507 -0.02083415344122494 0.018142213174734714 0.033199483497409969 -0.021804933277255894 -0.025607805647680795 0.0086012312969280247 0.0513924951336312 0.046467036324804686 0.033479386729258487 0.012650173244550571 0.0062726266214679438 -0.02497570322682682 -0.029730439274052577 0.043803693269575047 -0.025840085349402502
leaf_weight=15.56028291583061 1.1608534008264531 9.776520684361456 9.8831289410591108 37.142517760396004 8.6833608746528679 32.83084399998188 12.132550150156019 18.049257591366771 24.73349125683308 39.729782924056053 16.125471994280815 14.926824927330015 6.6971205025911358 11.57269302010536 6.1061379462480536 65.910742700099945 7.4383670389652243 7.5985129624605161 9.5480471253395063 6.4729607701301601 6.6408578008413297 4.9644155651330939 14.397379219532015 7.8430563658475867 8.9064725935459119 10.222541242837904 65.388107806444168 10.622448772192 10.342194288969038 10.914694070816038 8.1711859107017499 7.084081918001174 5.7077965289354324 0.77361471951007743 16.112104445695877 8.7188538461923581 6.1424310058355323 7.1346828639507311 17.547418653964996 5.0762026458978644 4.2733221501111975 8.9458649605512601 12.867952346801756 11.98937353491783 9.1627516001462919 7.3507737666368484 7.6356724053621319 10.195429250597952 7.2518993169069308 14.578415200114248 5.1118350028991699 11.309670194983484 11.563262164592741 11.332498535513876 21.715386778116226 65.356225907802582 6.3332744240760794 8.7778672575950605 41.043358504772186 4.5093580633401871 55.616082295775414 265.50494199991226
leaf_count=33 4 37 32 131 26 111 39 52 99 142 36 35 21 31 25 162 26 25 34 20 23 14 54 22 39 32 300 36 28 35 37 18 25 4 40 22 16 22 70 13 14 30 40 32 24 29 21 43 24 40 25 38 32 23 47 169 24 36 176 22 126 617
internal_value=-1.41443e-06 -0.0100172 -0.00331668 0.000399937 0.0285527 0.00340156 0.00963644 0.0123043 -5.71145e-05 -0.00273497 0.0187825 -0.0228068 0.00283014 0.00873014 0.0175946 0.0305388 -0.0132677 -0.0176235 0.0219036 0.0256959 0.0205657 0.000810668 0.00115863 0.00626049 -0.00498242 -0.00432946 -0.0143732 -0.00792019 -0.0114142 0.0278191 0.024442 0.00156694 0.00362683 0.0413093 0.0282542 -0.0241319 -0.0138667 0.0135042 -0.0128725 0.0135089 -0.0214745 0.02682 0.0283169 0.0195921 0.0112224 -0.00241311 -0.0181256 -0.00469029 0.030469 0.0187104 0.00162591 -0.000306164 -0.00831365 0.0391212 0.0337022 0.0300678 -0.0126321 -0.0152811 -0.0194701 -0.00595361 0.0427803 -0.0249176
internal_weight=1197.22 886.324 581.613 435.291 310.892 347.102 172.172 160.039 55.0313 174.931 105.008 304.711 114.456 81.6255 24.1554 285.459 60.4745 53.0361 95.2312 80.7187 64.5933 14.5125 58.8162 25.4329 17.5898 47.2435 146.322 76.6601 88.1887 227.908 161.998 15.2553 13.3063 57.5506 22.8092 289.151 30.8759 46.7878 31.9448 15.2987 69.6614 146.742 137.796 35.6376 23.6482 14.4855 54.9736 17.8311 124.928 26.9421 12.3637 33.2151 22.8729 17.8055 97.9863 76.2709 66.7769 60.4437 49.8212 11.1502 56.3897 280.432
internal_count=3603 2755 2048 1430 848 1137 547 508 192 590 316 707 372 261 77 761 218 192 279 231 195 48 200 87 65 169 618 304 293 627 465 55 50 134 61 674 115 152 124 45 314 410 380 107 75 51 195 64 340 89 49 98 70 43 251 204 272 248 212 45 130 652
is_linear=0
shrinkage=0.03


Tree=12
num_leaves=63
num_cat=0
split_feature=38 38 67 79 23 65 48 8 54 48 52 73 40 16 39 39 56 61 6 72 80 82 56 54 7 25 52 43 24 67 10 63 63 7 6 4 80 35 8 16 82 26 25 20 8 64 89 16 72 8 6 8 63 26 46 33 5 16 76 25 46 20
split_gain=609.512 54.0874 21.4207 24.3243 22.1047 13.3079 11.2239 11.4768 10.2907 10.04 13.0894 13.7614 13.8934 12.1106 11.6114 14.9536 12.1053 13.3379 10.5475 8.73763 8.37399 10.3345 7.60659 10.0961 8.89339 8.15159 8.39053 7.2994 7.70939 7.29169 6.74535 6.52805 5.93503 8.9047 14.1452 5.72994 5.18648 4.8898 7.16681 4.84767 5.18103 6.19961 4.68259 4.33668 5.39766 4.0001 9.08653 5.18468 7.84241 4.56096 3.99951 3.77979 3.61332 3.47619 3.09464 2.71124 6.25476 2.6344 2.4217 2.39402 2.38237 2.44383
threshold=-1.0000000180025095e-35 1.0000000180025095e-35 75.665000915527358 9.7799405244761868 134.95282305939293 0.010038498851727152 1.0000000180025095e-35 -0.0060440395702609992 44.378803152774942 -1.0000000180025095e-35 12.204999923706056 0.86530612187762312 180.58500671386722 0.49210228075213541 132.75000000000003 122.9650001525879 0.062059763747894105 2.5954999923706055 0.53816016337425421 48.62455116572152 25898500.000000004 -0.024668319725934699 0.052833936899516661 44.516141766292812 0.011824252008990151 70.870870342932506 19.095000267028812 9846850.0000000019 16983650.000000004 94.204998016357436 266.59645080566412 44.531765716130181 53.98422560099614 0.013098221529920353 0.27710489659512488 780738000.00000012 38394700.000000007 3.5899612063981299 0.1188018415307792 0.20320731622816268 -0.0030380179436528495 0.25335974896344743 32.95221812096122 117.58717346191408 0.13017975889441266 -0.013418354442655548 26421207.000000004 1.273446990284967 44.827587886764114 0.038059358660416057 0.32045186758442062 0.065393460463919015 49.075784663498474 -2.5604532202636032 0.0089220579028123515 43917350.000000007 11.219501803408471 -4.9266427646720663 10.29374980926514 18.662294761746086 0.0056801518869536508 25.41169357299805
decision_type=2 2 2 2 2 2 2 2 2 2 2 2 2 2 2 2 2 2 2 2 2 2 2 2 2 2 2 2 2 2 2 2 2 2 2 2 2 2 2 2 2 2 2 2 2 2 2 2 2 2 2 2 2 2 2 2 2 2 2 2 2 2
left_child=6 2 3 51 5 -4 7 -1 30 39 13 12 14 19 15 32 17 50 -15 -11 21 -13 23 24 -9 26 -25 -18 -29 -10 -6 -19 33 34 -12 45 -35 59 -39 40 -7 -42 -5 58 -45 49 -47 52 -49 -24 -17 -2 -48 -54 -26 -8 -57 -58 -16 -3 -51 -62
right_child=1 37 4 42 8 9 55 22 29 10 11 20 -14 18 43 16 27 31 -20 -21 -22 -23 35 25 54 -27 -28 28 -30 -31 -32 -33 -34 36 -36 -37 -38 38 -40 -41 41 -43 -44 44 -46 46 47 48 -50 60 -52 -53 53 -55 -56 56 57 -59 -60 -61 61 -63
leaf_value=-0.029946025597648293 -0.028729320431819402 -0.0094576523390775599 0.018645233109120522 0.00038718246004153662 0.046063416473950777 -0.023645677725499571 0.0025256776746512169 0.0012009338083014791 -0.019419276864169655 0.035996616863488422 0.030588965992396029 0.033854550957373337 0.020232585716306067 -0.025462466609877551 -0.0073220739692462554 0.0050325048917216168 -0.023323772650414756 0.0013439181556634122 0.017799749231993438 -0.0017398683882901892 -0.021142502942107181 -0.012613047286206736 -0.0037088220993161513 -0.017763938651673833 0.050383239832944841 0.032229890658954721 0.020800366340060928 0.025622272070209024 -0.020091565278384734 0.01732774159052921 0.009917010145794063 0.041310174952137908 -0.023931810042275483 -0.021192462857317063 -0.019059196466231318 0.013349600845720283 0.0028043935680494461 0.0086019376082094937 -0.028652295376037966 -0.027689581718097857 0.011075236479822805 -0.028671884689209771 0.038568672057349034 -0.022286048274449032 0.0160147753760096 -0.031189846646351896 0.024317753222455756 0.041145053569683378 0.00090993516920932294 0.013267027507960395 -0.029087428006356896 0.0046236431452875001 0.012437563189035767 0.043232969174582199 0.031062270855693914 -0.031063717163406977 -0.032992496366632741 0.043599754700251687 -0.025265678381772072 -0.025832041685769035 0.026720687176127651 0.046580483978268382
leaf_weight=2.8089255243539801 9.1469072550535184 8.2975122779607755 12.909616425633429 3.3937646597623852 9.4296209961175936 19.793279230594635 1.5417308807373036 6.415165737271308 10.804230883717539 13.356539502739908 10.41182389855385 13.134740754961971 10.442991957068442 14.797364458441736 7.2455937415361396 7.5319649726152438 19.03853115439415 5.004960551857951 7.7170766294002524 9.414687439799307 6.3063499033451071 6.4095776081085214 1.9147416800260533 11.597315743565565 14.048084393143656 9.9060975015163404 9.0321668833494169 7.5537872016429883 5.9241411089897156 8.8331814855337125 9.1598868221044523 13.875766187906263 53.00286665558815 46.893764436244965 10.248217061161993 10.62507478892803 9.8000158220529539 9.6154918521642703 8.9950905293226224 49.139505878090858 11.658414050936701 5.0667022764682761 19.507142499089241 7.8438712507486326 5.7311483472585678 2.0045360028743735 14.926784813404081 7.9165730923414257 9.7046725749969465 2.2865736931562415 5.2451311498880386 4.5938694924116126 3.5449015647172848 47.54442463815213 15.911676794290541 1.0276197195053089 0.40571108460426231 105.75563591718674 102.97847360372543 254.98062606155872 6.2368973195552817 52.667828813195229
leaf_count=10 46 22 32 10 17 77 4 19 40 32 24 31 30 58 20 26 88 15 26 33 27 26 6 38 23 21 23 21 24 24 28 29 225 192 40 30 27 23 29 178 35 25 41 28 18 7 37 16 28 7 19 18 8 90 36 2 2 192 418 774 16 92
internal_value=-2.91687e-05 -0.0135059 -0.00821586 0.0139768 -0.00973099 -0.011417 0.0340885 0.0303213 0.0122544 -0.0122162 -0.0102198 -0.0121593 -0.0138164 0.00496834 -0.0149334 -0.0103627 0.00149193 0.014697 -0.0106339 0.0203946 0.00891638 0.0186155 0.0310694 0.0225805 0.0332577 0.00986164 -0.000879403 -0.0113644 0.00552903 -0.00288996 0.0282525 0.0307158 -0.0161986 -0.0108999 0.00596147 0.0346334 -0.0170444 -0.0242655 -0.00940423 -0.0215372 -0.0132585 -0.000965746 0.0329104 -0.0221157 -0.00611608 0.0361537 0.0319306 0.0334434 0.0189861 0.0418848 -0.00897408 -0.0175786 0.0373024 0.0410962 0.0401218 0.0420259 0.0425941 0.043307 -0.0240862 -0.025316 0.0433114 0.0444777
internal_weight=1193.06 855.234 573.346 36.6417 536.704 498.477 337.823 229.092 38.2269 485.567 399.909 354.624 328.773 45.2857 318.33 194.531 64.1743 31.6578 22.5144 22.7712 25.8507 19.5443 226.284 66.9105 36.3749 30.5356 20.6295 32.5165 13.4779 19.6374 18.5895 18.8807 130.357 77.3538 20.66 159.373 56.6938 281.889 18.6106 85.6579 36.5184 16.7251 22.9009 123.799 13.575 148.748 85.6419 83.6374 17.6212 63.106 12.7771 13.7408 66.0161 51.0893 29.9598 108.731 107.189 106.161 110.224 263.278 61.1913 58.9047
internal_count=3603 2896 2048 115 1933 1824 707 507 109 1792 1477 1328 1244 149 1214 730 222 89 84 65 84 57 497 160 78 82 61 133 45 64 45 44 508 283 64 337 219 848 52 315 137 60 51 484 46 307 186 179 44 121 45 64 135 98 59 200 196 194 438 796 115 108
is_linear=0
shrinkage=0.03


Tree=13
num_leaves=63
num_cat=0
split_feature=38 38 36 26 73 7 26 82 45 89 70 46 76 49 59 66 52 45 73 56 67 72 37 46 89 74 16 5 55 28 81 36 21 84 22 81 46 15 5 81 8 22 55 79 43 59 9 55 43 50 36 64 48 4 67 5 42 26 65 48 63 43
split_gain=112.098 63.3596 27.7241 22.587 18.2885 17.7942 13.7242 14.951 11.6166 11.402 10.4707 9.72605 13.858 10.6287 9.46597 9.31427 11.4641 9.22529 8.88143 17.0209 8.23946 9.88065 7.58779 7.57547 7.49971 7.3315 7.31431 10.8558 6.90199 8.30125 7.89066 6.87312 8.74319 7.38738 6.80556 6.38308 6.35785 6.16502 6.13947 5.96056 7.52965 5.95923 5.47164 5.44577 5.26486 5.05537 5.02509 5.61678 8.41309 6.26626 8.06881 5.45753 4.75983 7.71425 4.70908 4.65954 4.64243 4.60243 4.29432 4.19181 4.05914 3.93908
threshold=-1.0000000180025095e-35 1.0000000180025095e-35 0.0084063213224064518 0.52825086382352648 -0.1961385196349851 0.0076285391959876004 0.65458462052714783 0.29025246681274913 -0.53750012678425907 59764250.000000007 94.365001678466811 0.012184867962549601 17.795968055725101 16.244999885559086 3.0720000267028813 0.2116556405092567 16.32499980926514 -2.1763772256028058 0.28094116941193908 0.08644552876329116 94.395000457763686 55.837031078910691 0.14456464652653575 0.0096714768730038515 63136850.000000007 0.004045933705091851 1.5129493802185296 70.104986917753308 -0.35003480037795581 0.086823400287681721 72.14022858646517 0.0061889022965530517 27.206651182289079 0.012087374426952001 25.941615839488403 51.46704125897616 0.0087009258215545015 84.229505575271375 77.522038756249557 63.993396810210108 0.066409922238893818 21.618678704416361 -0.56698319136484343 9.5722515799055525 8323050.0000000009 2.1265000104904179 1.0000000180025095e-35 -0.2811041106131808 7691450.0000000009 29.10999965667725 0.0105018227060107 -0.055210194837980044 1.0000000180025095e-35 889046200.00000012 97.284999847412124 54.824783060914037 85.705001831054702 0.68827733330488716 0.012573706094711852 -1.0000000180025095e-35 53.388140189234953 12833400.000000002
decision_type=2 2 2 2 2 2 2 2 2 2 2 2 2 2 2 2 2 2 2 2 2 2 2 2 2 2 2 2 2 2 2 2 2 2 2 2 2 2 2 2 2 2 2 2 2 2 2 2 2 2 2 2 2 2 2 2 2 2 2 2 2 2
left_child=37 2 3 5 23 25 14 61 17 15 -11 13 28 20 22 16 42 -5 38 24 44 36 -3 39 -20 -2 -9 -28 30 34 35 -16 -33 -34 41 -13 -22 52 59 40 -4 -30 -10 -43 -6 -19 47 -15 49 50 -49 -48 53 56 -50 -31 -1 -41 -47 -7 -44 -8
right_child=1 6 4 8 11 18 7 26 9 10 -12 12 -14 46 31 -17 -18 45 19 -21 21 -23 -24 -25 -26 -27 27 -29 29 55 -32 32 33 -35 -36 -37 -38 -39 -40 57 -42 43 60 -45 -46 58 51 48 54 -51 -52 -53 -54 -55 -56 -57 -58 -59 -60 -61 -62 -63
leaf_value=0.03113555761689997 0.052600837794023698 -0.013343470768055702 0.012322337049331302 -0.0036159536243966792 0.052940484213282485 -0.02199576876444078 0.016120910239363281 -0.025265838441755444 0.046804822540550614 0.050022862350800029 0.0028715174428463955 0.014184583729287204 0.043919714950004941 -0.0080461179229289158 -0.016468246935380973 -0.012727849994075256 -0.0090194023908919101 0.017787903442171699 -0.0077577134103961349 0.054092086270765331 -0.019788640108179954 0.046075195751167024 0.017465415315977079 0.041454766316065927 0.030845806307921657 0.0035344195653852712 -0.011380544079307746 0.032338967860057626 -0.015968710562237483 0.042515887694983517 -0.0043307185370863623 -0.0063544818375242534 0.0069189199448817917 0.053018087456491954 -0.027646453902524636 0.048584086560117909 0.021728853826813534 0.0091915607137512123 0.0079345190628748886 0.020176752078399977 0.045747281957539743 0.032679681886106933 -0.0018132059594584977 -0.0038088334410663282 0.019814808229023716 0.024059059386652613 0.0010912056983410298 0.0016461344367990766 -0.0060982163239923998 -0.0095624292065606305 0.043289309799198268 0.034824984107165162 -0.021986518772254351 0.012461653780159159 0.020505518653854235 0.0047417948862969704 -0.015579645728149676 -0.01181348309142574 0.052768116537836612 -0.0083079032162476849 0.034438808841175741 0.046006712960643535
leaf_weight=1.9339277148246754 7.0049616992473585 184.42456325888634 10.599726513028147 6.8158910721540442 9.3831786066293734 27.09414179623127 28.268194407224655 13.326608538627623 7.5220948308706275 9.5781476348638552 7.6034735143184653 7.8282074779272142 18.873580560088158 35.142070934176445 9.1152410954237002 24.431537583470345 13.795449346303938 10.452971279621126 26.652162656188011 5.9379310309886923 8.5753801316022891 4.8232925236225119 7.4866491854190818 31.265542417764664 5.4566320478916159 4.5022740811109543 16.046077087521557 7.5010521411895743 7.1762900650501313 7.5559285283088666 5.7117495685815802 10.129586622118952 5.9603661447763425 6.5850364863872528 6.8575738072395316 12.781183674931524 5.4163917303085318 8.7268099784851056 16.348135828971863 11.172288015484812 14.180100113153456 8.7011223733425123 6.4527540653944033 6.3806862235069266 7.9996286630630484 7.0033177435398128 8.0869269222021121 6.3589732199907365 33.515074580907822 4.7408317476510993 12.263500437140463 9.257089823484419 93.637489691376686 9.5844847410917264 7.2908051609992972 4.80983567237854 191.29512651264668 6.3470229655504218 14.191193401813505 78.406634986400604 4.8836085796356201 4.6176112443208686
leaf_count=8 35 485 37 20 47 62 104 29 36 47 24 28 88 95 23 61 36 38 73 30 20 23 28 143 23 14 43 32 17 35 16 29 20 33 14 62 21 29 54 42 67 37 19 18 30 27 25 19 92 13 57 40 193 33 28 15 444 16 71 212 21 22
internal_value=3.11566e-05 0.00540758 0.0110164 0.00423128 0.0171739 -0.00262835 -0.00600699 0.00561078 0.0146611 0.00773059 0.0291567 0.0131557 0.0211835 0.00860348 -0.00962989 0.00128173 0.0117636 0.0280429 -0.00522145 0.00743164 0.022805 0.00904759 -0.0121416 0.0302572 -0.00119735 0.0334033 -0.0075052 0.00254652 0.0148546 0.00723016 0.0268706 0.00553268 0.0143769 0.0311162 -0.00151591 0.0355179 -0.00371669 -0.0156604 -0.00917232 0.0219805 0.0314496 0.00653474 0.026967 0.0172424 0.0376959 0.0348613 0.00419679 0.00159473 0.00687451 0.0212304 0.0290695 0.0190961 -0.016392 -0.013809 -0.00134491 0.0278231 -0.0151121 0.0085871 0.0432818 -0.0118231 0.0138039 0.0203173
internal_weight=1195.87 890.688 597.227 284.133 313.094 171.403 293.461 69.7595 112.73 74.2671 17.1816 239.529 86.6762 152.853 223.701 57.0854 32.6539 38.4634 159.896 38.0467 36.1979 18.8151 191.911 73.5647 32.1088 11.5072 36.8737 23.5471 67.8026 41.4814 26.3211 31.7902 22.675 12.5454 29.1157 20.6094 13.9918 305.178 121.849 42.2991 24.7798 22.2581 18.8585 15.0818 17.3828 31.6475 116.655 99.3113 64.1692 23.3633 18.6225 17.344 296.451 202.814 40.8059 12.3658 193.229 17.5193 21.1945 105.501 11.3364 32.8858
internal_count=3603 2896 2048 903 1145 503 848 230 400 244 71 840 330 510 618 173 112 156 454 126 141 64 513 305 96 49 104 75 242 136 106 105 82 53 86 90 41 707 328 162 104 72 76 55 77 136 369 304 209 89 76 65 678 485 120 50 452 58 98 274 40 126
is_linear=0
shrinkage=0.03


Tree=14
num_leaves=63
num_cat=0
split_feature=19 9 27 54 26 61 87 28 52 36 48 49 28 3 15 6 89 54 22 16 66 45 6 72 35 72 6 28 46 82 17 47 46 17 60 26 61 55 63 56 21 81 58 82 60 72 3 56 72 17 7 35 63 74 5 46 61 63 40 54 5 69
split_gain=87.18 36.817 38.9893 35.2486 30.1902 21.431 19.4702 18.9936 17.2528 16.2655 18.3814 15.007 15.3757 13.406 21.9276 18.0097 15.0026 12.988 12.8749 12.2341 11.9729 11.9326 16.0916 11.7705 11.7063 11.0793 10.6147 10.3789 9.8692 9.75235 9.58949 9.35861 9.34943 9.28215 9.26449 8.90585 8.89174 10.0085 12.948 8.70648 8.33421 9.82382 7.96272 9.80438 7.80223 9.47556 9.63787 7.52607 8.15199 7.51286 7.38622 7.74704 7.47942 7.25814 7.25651 7.02513 7.01852 8.54191 9.33761 6.66128 6.58251 6.24001
threshold=1.0000000180025095e-35 -1.0000000180025095e-35 0.019676554653882055 51.291217534468529 0.68099140937790115 1.7685000300407412 26.82471229748818 0.093417898231977062 25.134999275207523 0.0082357610477753005 -1.0000000180025095e-35 10.635000228881838 0.13499511736400693 27.632395831601329 68.326873470321246 0.22808713739659223 43780300.000000007 54.296043258103531 26.722483363189113 -0.44183935078705433 0.16649634416894707 0.6520041740402861 2.3078044992428137 73.947874053837907 1.7702399980286716 44.963623100973614 0.43324514951370402 0.10821237694517011 0.0048222512393435012 0.34198320025344137 0.0087343948956667521 0.11747755588805116 0.014685047439840152 0.010935582885521352 1.8799999952316286 0.19446707772167923 1.9754999876022341 -0.29812377552338892 55.612736005479817 0.048339946728800355 21.734887325135983 66.428201814546512 3.623499989509583 0.17039406078886588 2.9344999790191655 62.154571102844656 5.5713205237253991 0.10871847068253031 32.405964544106801 0.012431450989219302 0.015354051164553552 0.50051173409161021 36.143690404812141 0.0052292040473891008 17.079901761474471 0.0089220579028123515 2.8875000476837163 48.835267044509443 122.38499832153322 31.516592018602619 32.63182662453697 93.18500137329103
decision_type=2 2 2 2 2 2 2 2 2 2 2 2 2 2 2 2 2 2 2 2 2 2 2 2 2 2 2 2 2 2 2 2 2 2 2 2 2 2 2 2 2 2 2 2 2 2 2 2 2 2 2 2 2 2 2 2 2 2 2 2 2 2
left_child=1 11 4 7 5 25 20 50 -4 10 28 -1 36 14 42 -16 -15 23 -11 27 -5 40 -23 47 53 -3 44 55 -7 32 -18 -27 -21 -32 -9 61 37 38 -13 -36 -10 -42 43 -12 -22 46 -46 48 49 -6 52 -52 -2 -19 -38 -20 57 -41 -59 -30 -39 -33
right_child=3 2 8 6 17 9 -8 34 21 18 13 12 -14 16 15 -17 30 24 19 29 26 22 -24 -25 -26 31 -28 -29 59 -31 33 35 -34 -35 39 -37 54 60 -40 56 41 -43 -44 -45 45 -47 -48 -49 -50 -51 51 -53 -54 -55 -56 -57 -58 58 -60 -61 -62 -63
leaf_value=0.022236333321403168 -0.0045797259940639542 0.034538023035365011 -0.024727778358681306 0.036795489543924573 0.015222566695631002 -0.01857326312240757 -0.0068697516254895832 -0.020982856410233598 0.026050187422001478 0.024356882193518392 -0.02079503624531447 0.027260455913551408 0.017025777349672186 0.035773807327647185 0.036999785787101426 -0.0090892216722101155 -0.024156014338890617 -0.024765572414661142 0.028258804246712777 -0.022649451578630918 0.030637223611083411 -0.024272913577332543 0.020883284859145593 0.027679707790394231 0.029441913342920251 0.026346720065192179 -0.0090114738342931492 -0.029310398038451344 -0.014226137178013944 0.020083261060457956 0.034471579338973643 -0.011659745017120249 0.018187751384128648 -0.0088571486799431474 -0.022251251178442698 -0.024362991346507934 0.05676938611591089 0.014379066321391323 -0.023248411450572687 -0.0048168861554223818 -0.0089632783247438116 0.034490068107073474 0.015966529071825514 0.018871032387637213 0.043428523544465199 -0.022460279029659389 -0.0024179395898569936 0.014732898674315494 -0.024641089960092774 -0.029301727324389851 0.019493964960758725 -0.015945427265963593 0.035002189118375431 0.0180703470677935 -0.023488514472917048 -0.0089847273184064901 -0.022566623113302115 0.0041482548636509941 0.042185684059270458 0.033881336471718336 -0.022455238255486478 0.021641030470786877
leaf_weight=9.1937109529972059 5.2894680649042156 31.0568877607584 72.553971901535988 64.354222819209099 9.817482262849806 4.0823394060134879 16.895873084664345 25.530777171254158 12.651743426918982 11.369619324803351 51.845611110329628 12.294845104217531 11.368251338601111 20.67594912648201 18.284961149096493 13.095382034778593 8.6896203905344027 9.9938317835330981 15.198220714926725 60.182605355978012 46.658093348145485 38.893097996711731 8.6891697198152524 5.4047560095787039 12.567960381507872 24.130598440766335 10.305864125490187 5.4226331710815421 2.7895534038543692 6.2179341167211524 9.5399482250213641 7.3745071142911938 5.5073647648096076 8.3397597670555097 11.929411590099333 8.6663776189088804 1.0212591886520375 5.0034476965665808 7.2681001573801032 17.431537017226219 30.375322788953781 5.5358628183603278 7.6969188153743735 6.2884382158517829 8.458115562796598 6.1902008056640616 8.0586773902177793 5.9331571459770194 68.291783526539803 5.226604461669921 13.210078686475756 9.5754559040069562 22.887769564986229 5.5298652201890937 140.67242215573788 6.5109772831201544 6.4770623147487631 11.741002917289736 11.495167642831801 36.293287858366966 34.29765821993351 16.165912941098213
leaf_count=25 17 80 301 149 29 12 50 93 36 32 151 31 32 51 43 44 33 36 34 203 126 141 29 17 37 67 33 21 11 17 26 24 19 27 46 24 2 12 25 54 124 14 23 19 19 21 26 15 237 20 41 42 59 17 351 28 25 39 27 90 84 42
internal_value=-2.05884e-06 -0.004659 -0.00118716 0.0141029 0.00296122 0.00708797 0.0235972 0.00283314 -0.0136838 0.00325723 0.00863356 -0.015287 -0.0169148 0.0035006 -0.00287061 0.0177663 0.0166099 -0.00999485 -0.00587891 -0.00934994 0.0271713 -0.00534962 -0.0160268 -0.0153102 0.00791866 0.0201515 0.0193974 0.00781535 0.0258115 -0.0158266 0.00169684 0.0122208 -0.0192257 0.0142615 -0.00588202 0.00163702 -0.0188386 -0.00903821 0.00849521 0.000644286 0.00511193 -0.00226476 -0.0127078 -0.0165043 0.0236182 0.0091956 0.0210597 -0.017913 -0.0202372 -0.000246028 0.0173014 0.00460082 0.0275718 -0.00950652 -0.0229101 0.0170888 0.00643772 0.0110572 0.0229658 0.0304476 -0.0177658 0.0112089
internal_weight=1194.5 898.01 676.89 296.489 508.191 385.425 160.921 135.568 168.699 298.031 187.622 221.12 211.926 144.457 97.2113 31.3803 47.2453 122.765 110.409 99.0397 144.025 96.1452 47.5823 94.6738 28.0917 87.3943 79.671 27.1318 43.1652 71.9079 26.5693 56.3374 65.69 17.8797 84.605 32.2068 200.558 58.8641 19.5629 59.0742 48.5629 35.9112 65.831 58.134 69.3651 22.707 16.5168 89.269 83.3359 15.0441 50.9628 22.7855 28.1772 15.5237 141.694 21.7092 47.1448 40.6677 23.2362 39.0828 39.3011 23.5404
internal_count=3603 2736 2174 867 1529 1121 424 443 645 884 530 562 537 417 280 87 137 408 354 322 374 344 170 318 90 237 225 83 113 239 86 157 222 53 284 90 505 152 56 191 174 138 193 170 192 66 45 301 286 49 159 83 76 53 353 62 145 120 66 101 96 66
is_linear=0
shrinkage=0.03


Tree=15
num_leaves=63
num_cat=0
split_feature=38 38 67 27 78 1 86 66 72 63 6 40 63 48 8 43 56 73 28 49 51 67 16 17 42 73 5 89 54 73 16 5 56 58 68 82 5 68 55 35 8 82 43 24 20 73 46 8 81 39 31 48 65 65 82 81 82 54 81 56 16 4
split_gain=572.3 52.9505 20.4324 21.1182 20.646 19.1924 18.3285 15.339 18.4108 15.2624 13.1921 12.1396 11.5899 10.2559 10.7775 9.418 9.09884 8.22108 8.0629 8.87746 7.76902 7.76669 7.38818 9.30774 6.6716 8.11172 6.32882 6.87348 5.61547 5.55792 6.33052 9.27449 7.36301 6.25176 5.20896 5.17007 7.94816 4.95635 4.89232 4.77928 6.92286 4.71627 4.6212 5.33441 6.68638 8.04796 4.60351 4.44489 4.21567 3.99225 7.20741 3.87011 3.73852 5.35939 4.08551 3.60311 2.88358 3.74269 2.74218 2.48646 2.38092 2.37526
threshold=-1.0000000180025095e-35 1.0000000180025095e-35 75.665000915527358 0.010849805464199053 9.6041012197530975 38.013793576986707 30.046619742491583 0.23575735518096463 45.469178769617024 70.956009567792236 1.1388198170310313 166.89500427246097 28.887748632571718 1.0000000180025095e-35 -0.0060440395702609992 11115550.000000002 0.10070853201667856 0.86530612187762312 0.08193378503651981 26.07499980926514 10.07499980926514 95.825000762939467 -0.058120781192188845 0.026487191423773256 181.52500152587893 -0.95799217415238747 55.281229449954914 24498000.000000004 43.326101310196357 0.1342240721765933 0.14268295694736643 78.620311559844865 0.053037564286125459 1.6430000066757204 73.415000915527358 0.14102347188663342 79.4653201644186 92.24499893188478 -0.12133826156894303 3.5899612063981299 0.1188018415307792 -0.010901906069614447 16389100.000000002 24842400.000000004 24.631127357482914 -0.098893924083469587 0.0055901786279503015 0.065393460463919015 64.686286210272286 117.64500045776369 174.2668777148883 1.0000000180025095e-35 0.028504607470988305 0.035693024656774354 -1.3900553905797819 48.641702444233907 0.045973946106157855 49.678855663681368 52.955878533572537 0.035816823762050302 -6.1836764922565512 76244550.000000015
decision_type=2 2 2 2 2 2 2 2 2 2 2 2 2 2 2 2 2 2 2 2 2 2 2 2 2 2 2 2 2 2 2 2 2 2 2 2 2 2 2 2 2 2 2 2 2 2 2 2 2 2 2 2 2 2 2 2 2 2 2 2 2 2
left_child=13 2 4 5 47 7 12 16 -9 11 21 28 18 14 -1 -13 49 24 19 -5 -16 -7 23 -19 25 -14 34 -28 -8 30 -29 32 -32 -31 -22 36 41 -34 -10 -3 -41 -27 43 56 -45 -46 -36 -2 -47 50 -4 -20 54 -54 -48 -6 57 -43 -37 -56 -61 -15
right_child=1 39 3 6 55 10 9 8 38 -11 -12 15 17 61 20 -17 -18 22 51 -21 26 -23 -24 -25 -26 35 27 29 -30 33 31 -33 37 -35 46 58 -38 -39 -40 40 -42 42 -44 44 45 48 52 -49 -50 -51 -52 -53 53 -55 59 -57 -58 -59 -60 60 -62 -63
leaf_value=-0.029595140790813334 -0.028396204802855689 -0.025011209288923079 -0.029061721525446647 0.031287078317711395 0.012701938639492589 0.040476275525678486 0.02679988699758544 0.031161917543941622 -0.029184105844422284 0.033321161907350079 -0.012544458985141352 -0.023352984746260512 0.015380704403735981 0.015273764727281623 -0.030526486295975781 0.021089041386962003 0.0062281149852192732 0.033156708294133079 -0.028712971527023519 -0.018018920876826543 -0.030710034989599792 0.0083859931329008288 -0.028378799369684102 -0.013903991561340595 0.011250331358801754 -0.02464977227682677 -0.01636692982888786 0.037440936264317631 -0.010111208196131359 0.0078838818287409514 -0.016543660892876975 0.033656450887015528 0.030006463061814245 0.040052616757380408 0.0077048936743933996 -0.008052735164471787 0.0099934532082059085 -0.0052732879826508363 0.0038617943989803258 0.0083515523532012529 -0.028365099488565245 0.0064921370400616678 -0.028660763552815063 -0.023324713820005387 -0.017381196777453617 0.029004470260207981 -0.03204035157856628 0.0095306026289418005 -0.0024251770836400122 -0.027030217646307298 0.0080220365161837153 0.0026004950635751924 0.0077998256353960394 0.036770483371819679 0.0017705731600172164 0.038102048800474166 -0.024607428304128182 -0.028457511065641171 -0.02680445787822832 -0.0326792108878564 0.040340603337277389 0.041088928506532618
leaf_weight=2.7737082839012137 9.004581540822981 259.89162681996822 9.0338012576103228 11.147990420460703 7.2393633127212551 18.295654147863392 11.773933902382852 17.752949610352516 8.2890648841857928 11.482564419507979 9.2593081146478635 26.491237431764606 5.849526420235633 3.3072037994861594 1.8991069048643101 5.1211676746606818 14.514842957258223 8.2320174574852008 7.7361237555742246 4.6603962630033484 1.0876268595457066 10.791622266173361 5.7501570582389823 6.997708097100257 6.4680721610784522 66.409238442778587 3.5635327547788611 13.486835464835165 5.4157936871051779 6.529158502817153 10.364401802420618 13.539268881082533 9.2241985946893674 32.511237025260925 5.2531972974538794 7.5543636083602896 9.2700142562389356 5.8610921502113333 7.8508938252925864 9.6477368474006671 8.8715991824865323 7.3542181849479658 16.02860800921917 10.085647657513617 9.0021879225969332 10.768549010157587 0.72473901510238548 4.0238163620233527 5.9703471064567557 32.571872249245644 9.8707331717014295 6.5682384967803955 9.220119237899782 15.256626099348066 1.552041321992873 16.442028224468231 25.140088275074959 4.4120872467756271 98.979338258504868 0.40354540944099326 97.905336648225784 106.6996041983366
leaf_count=10 46 796 30 29 21 36 29 38 34 29 37 94 19 10 5 16 36 21 35 20 4 31 26 31 16 273 8 28 20 17 41 26 22 64 16 32 33 18 20 23 29 26 70 43 37 30 2 15 20 118 32 22 23 30 4 33 101 20 429 2 187 190
internal_value=-3.90329e-05 -0.0132394 -0.00799849 -0.00948977 0.0136498 0.000601399 -0.0130241 -0.00632486 0.0100796 0.00220194 0.0186427 -0.00512004 -0.0157692 0.0327729 0.0291846 -0.0161534 -0.0147501 -0.0175262 0.00198475 0.0167514 0.0298985 0.0285705 0.000594282 0.0115334 -0.0188682 -0.0195719 0.0304052 0.0245096 0.0151707 0.0261013 0.0197245 0.0135961 0.00292393 0.0346727 0.034671 -0.0203264 -0.0169911 0.0162992 -0.0131097 -0.023962 -0.00923738 -0.0186031 -0.0140792 -0.0108658 -0.00261974 0.0054927 0.0352167 -0.0166825 0.0177943 -0.0206654 -0.00969897 -0.0143345 0.0363723 0.0258576 0.038931 0.0303373 -0.0188706 -0.00661316 -0.0254748 0.0394461 0.0400409 0.0403128
internal_weight=1189.18 848.021 569.61 532.9 36.7098 138.231 394.67 99.8842 33.8929 60.2847 38.3466 48.8021 334.385 341.163 231.156 31.6124 65.9912 304.272 30.1127 15.8084 228.382 29.0873 20.9799 15.2297 283.292 276.824 226.483 95.0797 17.1897 91.5162 52.4758 38.989 25.4497 39.0404 131.403 270.975 164.441 15.0853 16.14 278.411 18.5193 155.171 88.7617 72.7331 35.8267 25.7411 130.316 13.0284 16.7389 51.4764 18.9045 14.3044 125.062 24.4767 100.586 23.6814 36.9064 11.7663 106.534 99.8609 98.3089 110.007
internal_count=3603 2896 2048 1933 115 412 1521 308 92 188 104 159 1333 707 507 110 216 1227 106 49 497 67 78 52 1149 1133 492 224 49 216 135 107 81 81 268 1114 653 40 54 848 52 620 347 277 130 87 264 61 50 180 62 57 248 53 195 54 147 46 461 193 189 200
is_linear=0
shrinkage=0.03


Tree=16
num_leaves=63
num_cat=0
split_feature=38 38 27 27 45 39 33 26 82 26 12 19 59 37 81 46 66 37 16 16 37 16 66 82 26 17 55 33 27 54 56 20 7 27 54 82 15 52 7 40 44 70 64 2 70 86 63 18 7 74 18 55 65 46 48 4 42 66 14 26 52 44
split_gain=105.023 60.3587 46.5568 16.1882 20.4065 17.4865 13.3856 13.0674 14.096 11.3614 10.2718 10.134 9.009 8.36463 8.13752 8.13346 7.38557 16.3357 7.29326 9.41723 7.30561 7.04386 8.23802 7.04007 9.9858 9.65384 6.6785 9.07756 6.61043 7.07013 6.587 8.87775 6.48696 6.33582 6.26556 6.08066 5.96981 5.87705 6.14813 5.36776 7.12576 10.4785 5.16618 5.05895 8.04699 5.59832 4.90027 4.73936 6.94579 8.43424 6.79126 5.08117 4.86614 4.66499 4.6337 7.37177 4.43426 4.32757 4.25086 4.10686 4.00834 6.77449
threshold=-1.0000000180025095e-35 1.0000000180025095e-35 0.022069384653104953 0.011146695817319852 -0.51669878003394831 131.1350021362305 177802350.00000003 0.65458462052714783 0.29025246681274913 0.55818507809744144 20.864858577282924 -1.0000000180025095e-35 3.0720000267028813 0.14490459798003649 82.871546186078561 0.0064407390756007514 0.2116556405092567 0.14185538102621242 1.863988220286185 -0.22693942876419987 0.12896455496653039 1.5129493802185296 0.084612586409499771 1.0067214963085045 1.2605883075890552 0.015255606030210051 0.06080895798715686 210962750.00000003 0.013753981058517802 60.222859301471949 0.049268762272409554 24.075732231140133 0.017035572337146001 0.008388142178128952 57.491285724477812 1.1250271193784303 84.229505575271375 16.634999275207523 0.014368152657072251 180.58500671386722 44.609541024761221 96.255001068115249 -0.037033056101531243 11.321223106918538 86.31000137329103 11.055008944891915 27.136445393521708 0.021449315006081653 0.013585084986249352 0.0036948204928584504 0.044304072302325755 -0.26878978086770283 0.024691522133686902 0.0066620504497137507 1.0000000180025095e-35 889046200.00000012 85.705001831054702 0.31557904045813118 48700200.000000007 0.47624133298726262 25.384999275207523 35.931624494579687
decision_type=2 2 2 2 2 2 2 2 2 2 2 2 2 2 2 2 2 2 2 2 2 2 2 2 2 2 2 2 2 2 2 2 2 2 2 2 2 2 2 2 2 2 2 2 2 2 2 2 2 2 2 2 2 2 2 2 2 2 2 2 2 2
left_child=36 2 3 4 15 6 11 12 -9 46 26 -5 13 -3 23 59 17 -11 19 20 -13 -10 -23 24 28 -26 27 60 53 37 -14 -32 57 -18 -24 -12 54 58 -39 40 -40 -42 -25 44 45 -28 -6 51 49 -49 52 -21 -51 -7 55 56 -1 -17 -30 -2 61 -4
right_child=1 7 10 5 9 14 -8 8 21 16 35 18 30 -15 -16 32 33 -19 -20 47 -22 22 34 42 25 -27 43 -29 29 -31 31 -33 -34 -35 -36 -37 -38 38 39 -41 41 -43 -44 -45 -46 -47 -48 48 -50 50 -52 -53 -54 -55 -56 -57 -58 -59 -60 -61 -62 -63
leaf_value=0.030271769336958701 -0.014795511418290453 -0.013186200842691809 0.0027400399341695634 -0.0017763894889485001 0.015245627892648127 0.0077133884394812603 -0.00096563371107201705 0.01955243295884404 -0.024981817341921269 0.037939246648777895 0.042319984854665503 -0.0015578985611557615 -0.013908240757302574 0.020111462687057775 0.035043173137160571 0.045579102752776865 -0.023209160226244439 -0.019543458748505459 -0.002781102618192022 0.032581226904880023 0.034131172043216799 -0.017844609533760731 0.0368580180974971 0.015729299265701158 0.035860713921460723 -0.0020386409454535366 0.046089046342012094 0.037893303804813663 0.035487666053198849 0.038136774503278223 -0.014110690571535939 0.027955877644843835 0.00094104481670914588 0.0096832091068413655 -0.0044109800693566039 0.0068369203879679215 0.0091962980309945389 -0.014739431910416404 -0.002790358897382491 -0.0177322304481277 0.05484384149311293 0.0035155612477519764 -0.020703860231521889 -0.015289235501264363 -0.0055813504527350687 0.0079315730539015802 -0.017043523984644086 0.043197152889878174 0.045227470167603215 0.038187340172850276 -0.012033904289099197 -0.0041250655721282838 0.0017158381626253194 -0.016540385805372537 -0.02155345305398991 0.012197309395087487 -0.015182622087235337 0.011180535141736567 0.0055272775343252626 0.018413277203205413 -0.0081822491524735103 0.052412115698352441
leaf_weight=1.9514943212270726 7.9655081629753095 183.97723235189915 6.4465849697589892 14.663217425346373 4.5082429498434058 9.8705438524484617 28.827408105134964 33.161911308765411 13.186243131756781 12.807654157280924 40.702245160937309 15.768473267555239 10.70035655796528 7.0500632524490348 7.0932449698448172 13.495766624808317 11.097808822989466 6.8180664628744116 8.0442395508289319 7.3409452140331268 7.6745401173830023 10.235745400190355 7.2215299755334836 4.3636221885681179 16.048652604222301 9.7079977840185148 8.1959776729345375 28.938345104455948 7.5368450880050686 5.6257262229919425 6.5304881483316448 14.630756989121435 5.916053742170333 10.037526339292524 6.1142612099647522 4.8662904947996131 8.7249871045351011 20.115137591958046 15.374715059995653 7.0153123736381522 6.4915015995502454 7.9797286987304688 17.756760314106941 5.9591625630855551 9.6060512661933881 5.9893486201763144 68.558896690607071 14.800535812973974 31.616372495889664 9.1554784774780291 6.4385441690683356 6.3128753155469877 5.1413740366697303 25.774911895394325 92.197959825396538 9.6185806393623334 189.23902666568756 4.3533681631088248 9.8092908263206464 5.7861150503158569 6.5273793190717688 4.0071572959423065
leaf_count=8 20 486 20 43 16 33 85 126 29 57 188 47 28 27 31 64 23 15 24 31 33 25 32 16 70 28 39 129 33 25 17 60 18 34 18 16 29 49 45 16 33 25 40 14 26 20 164 69 149 41 17 18 16 62 193 33 444 15 32 21 18 20
internal_value=4.15301e-05 0.00521818 0.0106754 0.00646169 -0.00164797 0.0102226 0.0174889 -0.00594451 0.00537085 -0.00797224 0.0272781 0.0216793 -0.00949411 -0.0119573 0.0035859 0.0175402 0.00471746 0.0179695 0.0247421 0.0268659 0.0101256 -0.0074234 0.00239902 0.00222092 0.00468377 0.021576 0.0205018 0.0276756 0.000919837 0.00571018 0.00527415 0.0149739 0.0281658 -0.00758802 0.0179368 0.0385307 -0.0152576 0.0032557 -0.00139903 0.00588081 0.0114311 0.0265404 -0.0135168 0.00942921 0.0156206 0.0299781 -0.0150513 0.0317225 0.0349986 0.0258979 0.01355 0.01561 0.0250716 -0.0098243 -0.0159857 -0.0134294 -0.0147187 0.0371894 0.018545 -0.000822625 0.0102631 0.0217805
internal_weight=1193.47 891.74 598.932 477.693 151.345 326.348 155.784 292.809 69.9197 113.828 121.239 126.957 222.889 191.027 170.564 37.5168 40.7611 19.6257 112.293 104.249 23.443 36.7578 23.5715 163.471 141.35 25.7567 75.67 45.9195 115.594 79.9483 31.8616 21.1612 23.7652 21.1353 13.3358 45.5685 301.732 74.3225 56.9764 36.8613 29.8459 14.4712 22.1204 29.7505 23.7914 14.1853 73.0671 80.8061 67.1523 35.5359 20.7354 13.6538 14.2969 35.6455 293.007 200.809 191.191 17.8491 17.3461 13.7516 16.9811 10.4537
internal_count=3603 2896 2048 1558 447 1111 573 848 230 309 490 488 618 513 538 138 129 72 445 421 80 104 75 507 451 98 286 187 353 258 105 77 97 57 50 204 707 233 168 119 103 58 56 99 85 59 180 341 292 143 74 49 57 95 678 485 452 79 65 41 58 40
is_linear=0
shrinkage=0.03


Tree=17
num_leaves=63
num_cat=0
split_feature=19 9 27 54 26 61 87 52 36 73 16 23 50 61 55 0 7 26 56 86 54 3 80 45 6 72 35 66 12 5 72 6 17 2 15 82 70 73 25 37 26 6 26 27 82 55 68 26 33 83 57 73 56 72 17 74 24 72 5 29 5 72
split_gain=81.839 35.0989 37.0339 32.8542 28.6525 20.2049 18.2695 16.7669 15.3105 16.0835 15.9831 14.9874 14.8378 14.9153 16.6331 13.951 13.1002 15.4431 13.7502 13.6313 12.4244 12.1735 11.5092 11.5029 15.3974 11.2631 10.998 10.9797 10.753 10.4783 10.263 10.021 9.82452 9.64587 15.0217 15.1508 9.87028 9.51798 9.30002 9.69572 8.91537 8.75753 8.62969 9.42244 8.40165 13.1709 7.97991 8.98139 7.76188 7.32903 7.73387 17.21 7.28477 7.89523 7.2119 6.96532 6.72953 6.61478 6.59254 6.21345 10.5688 5.14474
threshold=1.0000000180025095e-35 -1.0000000180025095e-35 0.019676554653882055 51.291217534468529 0.68099140937790115 1.7685000300407412 26.82471229748818 25.134999275207523 0.0082357610477753005 0.033582021618059309 0.071576889590714274 90.142180367790417 11.154999732971193 1.9754999876022341 -0.29812377552338892 15.886284351348879 0.0087689702206876514 -0.064997824634648496 0.08644552876329116 24.162162826310166 54.296043258103531 21.549798859322166 13725000.000000002 0.6520041740402861 2.3078044992428137 73.947874053837907 1.7702399980286716 0.16649634416894707 267.01498958414197 17.079901761474471 44.963623100973614 0.43324514951370402 0.023843923525121553 26.660656284214326 63.274891596706595 0.13138495521836277 81.115001678466811 -0.64072013169796083 44.479541635113186 0.11455013151295822 0.85123567889008112 0.32045186758442062 0.41768958783034554 0.012433737492183601 0.16385347092181227 -0.67467924117343692 80.895000457763686 -1.2859020087491471 151277450.00000003 0.0069795011842057513 3.2420062246513131 0.11594331096048187 0.10871847068253031 32.405964544106801 0.012431450989219302 0.0052292040473891008 32787800.000000004 73.550277529684863 32.63182662453697 406.21031188964849 53.075640695029513 71.70299759189173
decision_type=2 2 2 2 2 2 2 2 2 2 2 2 2 2 2 2 2 2 2 2 2 2 2 2 2 2 2 2 2 2 2 2 2 2 2 2 2 2 2 2 2 2 2 2 2 2 2 2 2 2 2 2 2 2 2 2 2 2 2 2 2 2
left_child=1 12 4 11 5 30 27 -4 10 -10 21 37 -1 14 22 48 -12 -18 19 33 25 56 -14 46 -25 52 55 -5 32 -15 -3 49 -17 34 41 -36 -37 -2 -39 -40 -24 -19 43 -32 -41 -46 -9 -48 -11 -29 51 -51 53 54 -6 -22 -7 -53 -16 60 -45 -8
right_child=3 2 7 6 20 8 61 23 9 15 16 -13 13 29 58 28 17 18 -20 -21 26 -23 40 24 -26 -27 -28 31 -30 -31 42 -33 -34 -35 35 36 -38 38 39 44 -42 -43 -44 59 45 -47 47 -49 -50 50 -52 57 -54 -55 -56 -57 -58 -59 -60 -61 -62 -63
leaf_value=0.022611856173492338 -0.016265037826037602 0.033281553894528082 -0.024377880212129971 0.035312579002975832 0.014765442890013926 -0.02371532277395744 -0.018547794047617659 0.022424078198852792 -0.020533521714665003 0.00033117927286928519 -0.011608589759955129 -0.016889847684587896 0.039300645373598279 0.055596930600659004 0.0119690501387783 -0.018593750166048389 0.035802613393949086 -0.01866399512136234 -0.018735834620171633 -0.023183684838062889 -0.024438686378943753 0.024797048291789796 0.018229773372567391 -0.023928505398633899 0.020152350435448801 0.026803332969245818 0.028380723727571631 0.038359130147440468 0.021872764215518075 -0.022927224829779713 0.034779598819255825 -0.0089293718946159336 0.017830639015552055 0.033512630571676652 0.046126468618047922 0.026448611135322195 -0.018788533824707115 0.028935223633233208 0.025975230601094239 -0.010121652378866143 -0.029047612340779932 0.022228579106422609 -0.012827164441984179 -0.00402781429455448 -0.007063806471497079 0.036247286811899863 0.020872988671357298 -0.013662036265890442 0.043765763470452801 -0.02202844345804101 0.032357707126038839 0.036115050841265872 0.014450550377465529 -0.02430669506204472 -0.029002339633434036 0.017528613593764439 0.010160375219262196 0.00041113783478989244 -0.021287637128921226 -0.017253141081739518 0.038360372318080163 0.016583241462255174
leaf_weight=9.0601396709680539 13.01021036505699 31.383814439177513 71.588364958763123 65.130946576595306 9.8686204701662046 25.435210630297661 11.237675324082376 15.989807069301603 41.28271159529686 5.8601633459329596 17.317214593291283 27.865258440375328 10.082952797412874 1.5461480021476735 6.3031298965215674 33.231796056032181 28.235884234309196 16.614205271005634 12.501921787858008 7.7521389573812476 9.875146150588991 7.9421489089727393 8.2372406125068647 38.378481343388557 8.7593557983636838 5.4550788700580588 12.694553330540655 19.599124014377594 11.163805946707724 141.31620791554451 17.512433335185051 10.277563527226446 8.3363583087921125 26.061357751488686 15.425773099064825 9.2901516556739825 8.1482951045036298 20.592106223106384 17.074126332998276 31.603336229920387 6.3627718836069098 6.5801937580108634 10.380746215581892 11.823524564504629 13.607566937804224 11.798019483685492 9.6206451356410962 22.93318809568882 10.058615788817404 11.250156238675116 18.194169729948044 13.77890780568123 5.9481432735919944 67.455060660839081 5.1599341928958884 5.5650890916585913 6.6596415489912024 7.0644630193710318 36.028340682387352 7.2069504857063285 9.586068242788313 5.631838619709014
leaf_count=24 46 80 301 149 29 70 37 48 156 18 63 101 25 3 17 103 69 48 44 22 36 20 24 141 29 17 37 47 25 361 38 33 29 68 33 28 28 52 51 123 18 18 34 36 40 30 33 93 23 42 46 35 15 237 20 17 19 22 90 25 24 13
internal_value=-2.64123e-06 -0.00453933 -0.0011542 0.0136207 0.00287854 0.00688622 0.0227322 -0.0133971 0.00315699 -0.00573614 0.00835827 0.00272029 -0.0149772 -0.0165999 -0.00492296 0.00316218 0.0129094 0.0161602 0.0107426 0.0148433 -0.00979239 -0.00845713 0.01465 -0.0051814 -0.0157372 -0.0150327 0.00769486 0.0261633 -0.00426834 -0.0220774 0.0195257 0.0187298 -0.011289 0.018433 0.0114226 0.024469 0.00531109 0.00779472 0.011101 0.0061438 -0.00237399 -0.00706287 0.0118861 0.0174475 0.000204301 0.0130493 0.00506872 -0.00345589 0.0277762 0.0227973 0.0167323 0.00787408 -0.0176135 -0.0199257 -0.000261876 -0.00931251 -0.0166862 0.0240139 -0.0163357 0.00684079 0.0149513 -0.0068194
internal_weight=1191.73 894.02 675.083 297.715 507.813 385.791 162.165 167.27 297.898 109.933 187.964 135.551 218.937 209.877 67.0144 68.6507 147.927 130.61 102.374 89.8721 122.022 40.037 24.683 95.6815 47.1378 93.8868 28.1348 145.295 52.732 142.862 87.8935 80.1644 41.5682 82.12 56.0586 32.8642 17.4384 107.685 94.6752 74.083 14.6 23.1944 56.5097 46.129 57.0089 25.4056 48.5436 32.5538 15.9188 69.8868 50.2877 32.0935 88.4318 82.4836 15.0286 15.4402 32.0949 20.8434 42.3315 28.6165 21.4096 16.8695
internal_count=3603 2736 2174 867 1529 1121 424 645 884 354 530 443 562 538 174 198 421 358 289 245 408 109 67 344 170 318 90 374 157 364 237 225 132 223 155 89 56 342 296 244 42 66 157 123 193 70 174 126 41 192 145 99 301 286 49 53 89 57 107 85 60 50
is_linear=0
shrinkage=0.03


Tree=18
num_leaves=63
num_cat=0
split_feature=38 38 67 79 27 0 86 66 72 63 6 40 63 48 8 43 26 67 2 36 67 83 6 28 42 11 19 66 39 50 63 47 24 86 6 1 54 55 35 8 48 72 15 25 83 22 43 44 86 58 75 6 26 22 72 65 8 60 89 75 33 5
split_gain=537.648 51.7852 19.4149 21.6234 20.1486 19.1744 17.5431 15.2011 17.2625 14.5277 12.5318 11.4949 11.1935 9.45826 10.1494 9.09318 8.68144 8.4302 8.32951 7.80022 7.18159 6.72036 10.8783 6.17207 6.07041 6.90185 8.90302 7.28131 10.8075 6.78858 6.71581 6.33802 8.76318 8.92204 5.61026 5.38911 5.31139 4.74907 4.6609 6.68855 4.63718 4.39736 4.36621 4.2898 4.26912 4.09842 3.78282 3.71325 9.8171 4.34496 3.75368 3.76502 7.119 7.12146 3.71656 3.6465 3.54928 2.72836 6.37998 2.95516 2.44514 5.63925
threshold=-1.0000000180025095e-35 1.0000000180025095e-35 75.665000915527358 9.7799405244761868 0.010849805464199053 37.619802474975593 30.046619742491583 0.23575735518096463 45.469178769617024 70.956009567792236 1.1388198170310313 166.89500427246097 28.887748632571718 1.0000000180025095e-35 -0.0060440395702609992 11115550.000000002 -0.43781382334103108 94.49499893188478 2.697420010301157 0.0042818810866683005 95.825000762939467 0.0063242437770908511 0.46492870620096488 0.088489342316272854 181.52500152587893 46.483129610573876 -1.0000000180025095e-35 0.29377894293186246 134.0100021362305 12.454999923706056 46.745877864271201 0.10668206906440721 29925900.000000004 9.0090330876430986 0.16039449339948672 5.6195613341002337 43.326101310196357 -0.12133826156894303 3.5899612063981299 0.1188018415307792 1.0000000180025095e-35 52.577454994813749 61.216090443605886 35.003110792220369 0.0043686264434349012 47.322446054031985 11045300.000000002 37.026149663667837 16.147248106569794 0.6745000183582307 1.0507978275409615 0.15170623283780849 -0.81874349289028447 29.102045545824939 67.715584931831728 0.0088035362653349509 0.065393460463919015 2.1434999704360966 33558621.000000007 1.118397082420306 43917350.000000007 11.219501803408471
decision_type=2 2 2 2 2 2 2 2 2 2 2 2 2 2 2 2 2 2 2 2 2 2 2 2 2 2 2 2 2 2 2 2 2 2 2 2 2 2 2 2 2 2 2 2 2 2 2 2 2 2 2 2 2 2 2 2 2 2 2 2 2 2
left_child=13 2 3 56 5 7 12 17 -9 11 20 36 16 14 -1 -13 40 -4 -14 44 -7 -19 34 -18 25 26 27 28 -20 -28 31 -31 41 42 -23 46 -8 -10 -3 -40 -6 -33 -34 -5 -16 -32 -21 48 -37 -49 -51 55 -53 -54 -50 -52 -2 58 -55 -60 -15 -62
right_child=1 38 4 43 6 10 9 8 37 -11 -12 15 18 60 19 -17 23 21 24 35 -22 22 -24 -25 -26 -27 29 -29 -30 30 45 32 33 -35 -36 47 -38 -39 39 -41 -42 -43 -44 -45 -46 -47 -48 49 54 50 51 52 53 57 -56 -57 -58 -59 59 -61 61 -63
leaf_value=-0.029289051115602056 -0.02808021616239709 -0.02471171790816773 -0.026713081232560606 0.0042832043995835066 -0.02855001496492943 0.038585914387744023 0.025832757376071481 0.02999154077170656 -0.0288589841682232 0.032350772897552109 -0.012340045002891282 -0.023024321853775963 0.020668464714378991 0.0014602468512936683 0.028195938128862535 0.020585724077919969 0.031193436811076322 -0.028290058600790736 0.032132079190753525 0.026896115432917422 0.0080751603568014977 0.0041971853755683325 0.037316418945242173 -0.0089236649870245953 0.010813998691397002 -0.024666456819287863 0.03049324196902365 -0.028576668675222773 -0.019580151534063006 -0.028266406416920506 -0.024057123365687549 -0.028252931698983092 -0.028603682363171633 0.026005681806298052 -0.028469273256720211 0.03568307452362425 -0.010040941610476008 0.0038109177263420859 0.0080897663728587508 -0.028100194124551267 0.0058817791900491875 -0.0019267494890825591 0.012531638579552985 0.03703326271986921 -0.0018792407292557505 0.004568699481299985 -0.0022251184988639288 -0.031504900054301906 -0.0080688168095005251 -0.031307448685324542 -0.033951650461847664 -0.032223017423187408 0.0065192335211889775 -0.01372245933989993 0.021553160414942672 0.039236414810074206 0.004387010377578107 0.042211897422537822 0.015275544868135003 0.038070361766784348 -0.030862003468513772 0.039937304373017256
leaf_weight=2.7402558475732794 8.8596954196691495 256.41813582181931 29.836914405226707 4.4492034614086178 8.6740800142288226 19.355021625757221 11.876386627554895 17.937033116817474 8.1738304048776644 11.585375264286993 9.2085710018873197 26.198443949222568 5.1414492875337592 1.5607606321573246 6.9336422234773663 5.1488404422998419 10.250252544879912 8.4195891767740232 10.073085352778437 8.9078059792518633 10.827153339982031 12.472281187772756 6.1801005601882926 5.2038225084543219 6.5046391636133185 104.19898779690266 2.6271973997354499 4.8493016064167014 5.6930015385150901 13.285966530442236 98.152997225522995 13.87260238826275 5.9266392290592211 12.211364537477492 7.6242408603429785 23.553829431533813 5.4049379229545584 7.8509534001350394 9.6804390847682971 8.751171872019766 5.9247954636812201 9.7051983475685102 3.8185527771711349 18.85072885453701 10.965946242213247 4.7177126705646506 7.3082345426082602 0.91091461479663749 8.6881517469882947 0.78316602110862632 0.61709703505039115 1.6514350920915593 9.3463763147592527 2.8629197776317588 6.7921650707721701 85.70409320294857 4.605654001235961 25.006897881627083 6.5321661233902004 23.653444096446037 1.0220648050308216 108.47960156202316
leaf_count=10 46 796 104 13 39 38 29 38 34 29 37 94 13 4 14 16 26 35 25 23 31 37 13 21 16 453 6 19 23 61 411 66 30 35 25 47 20 20 23 29 20 38 13 38 26 18 24 3 25 4 3 5 28 9 17 162 18 45 16 46 2 194
internal_value=-5.13518e-05 -0.0129815 -0.00779108 0.0132893 -0.00925635 0.000604143 -0.0127332 -0.00647064 0.00977539 0.0021609 0.0182943 -0.0050316 -0.0154441 0.0315408 0.0281062 -0.0158613 0.00201334 -0.0150204 -0.0171884 0.0287893 0.0276409 -0.00496537 0.00250836 0.0176849 -0.0178467 -0.0184915 -0.0150123 0.00357124 0.0134592 -0.0173438 -0.0181211 -0.0100355 -0.00471616 0.00892189 -0.00819585 0.0303927 0.0146128 -0.0128532 -0.0236643 -0.00909292 -0.0145762 -0.0174164 -0.0124852 0.0307795 0.00977078 -0.0227443 0.0137718 0.0317671 0.0234862 0.033825 0.0342061 0.0345364 0.029315 0.0308228 0.00492816 0.0387132 -0.0169752 0.0347354 0.0290782 0.0331376 0.038745 0.0392765
internal_weight=1184.57 840.546 565.697 36.7653 528.931 137.886 391.046 98.4949 33.9618 60.214 39.3907 48.6286 330.832 344.021 232.959 31.3473 30.053 64.5331 300.779 230.218 30.1822 34.6962 26.2766 15.4541 295.637 289.133 184.934 20.6154 15.7661 164.318 161.691 58.8203 45.5344 21.9566 20.0965 212.319 17.2813 16.0248 274.85 18.4316 14.5989 23.5778 9.74519 23.2999 17.8996 102.871 16.216 196.103 39.0341 157.069 156.158 155.374 69.0532 67.4018 15.4803 86.3212 13.4653 58.0554 33.0485 30.1856 111.062 109.502
internal_count=3603 2896 2048 115 1933 412 1521 306 92 188 106 159 1333 707 507 110 106 214 1227 497 69 110 75 47 1214 1198 745 67 48 678 672 243 182 78 62 457 49 54 848 52 59 104 43 51 40 429 47 410 89 321 318 314 149 144 42 165 64 116 71 62 200 196
is_linear=0
shrinkage=0.03


Tree=19
num_leaves=63
num_cat=0
split_feature=38 38 36 73 17 25 25 5 17 17 49 73 17 14 14 13 63 7 39 7 64 37 43 4 49 16 8 75 66 34 65 15 6 73 30 50 28 7 36 55 54 22 69 75 69 84 72 7 69 22 63 84 5 81 84 8 51 6 63 54 51 7
split_gain=98.4678 57.4691 24.1196 15.9085 15.7909 16.5679 13.5627 11.3617 8.50228 7.94081 8.36341 9.58928 8.70822 7.61635 7.57627 7.53329 7.42659 7.3529 9.26596 8.72528 7.74639 10.1196 6.43693 6.35606 6.28172 6.98232 8.2913 7.20777 6.27232 5.90413 5.90151 5.75417 5.58381 8.97027 8.57007 6.60405 6.27035 5.50047 8.98466 8.53504 5.41218 6.41136 5.38435 7.69502 5.32647 6.10062 5.29165 8.2044 5.27023 6.71658 5.19242 6.19206 6.3538 5.17217 5.04503 4.94293 4.7828 4.74803 4.73133 5.76861 4.88825 4.62434
threshold=-1.0000000180025095e-35 1.0000000180025095e-35 0.0084063213224064518 -0.1961385196349851 0.016887066590748106 54.524054111441409 41.006298034903985 74.184915944704485 0.012304102287696952 0.030545466086235904 16.244999885559086 0.12062652193515787 0.012198934777249452 19828050.000000004 57696150.000000007 18.396274521669927 73.544804516859529 0.0076285391959876004 118.50499725341798 0.014991861677296051 0.016592372815440005 0.1190487407453364 7724750.0000000009 1092190400.0000002 14.215000152587892 1.5662221231810423 0.088736919783098459 1.1214276138878334 0.31557904045813118 85.921419298397993 0.015448475111564853 84.229505575271375 0.10551660702354577 0.172326623090477 195.81901520282977 13.864999771118166 0.098620810113211568 0.028646979938333355 0.012260349571910903 1.2786564598876764 46.908961757500485 83.59591465375955 95.715000152587905 1.1456130057770428 96.825000762939467 0.024630882121444004 52.777732399723611 0.017652112011118052 79.715000152587905 26.399487145863905 69.241824558956679 0.036889662005760458 67.546671490445618 66.268113856349373 0.028640647598870504 0.077498507962044466 31.354999542236332 1.0231515492892884 41.983784735041446 52.215887331456941 17.564999580383304 0.014191184561868452
decision_type=2 2 2 2 2 2 2 2 2 2 2 2 2 2 2 2 2 2 2 2 2 2 2 2 2 2 2 2 2 2 2 2 2 2 2 2 2 2 2 2 2 2 2 2 2 2 2 2 2 2 2 2 2 2 2 2 2 2 2 2 2 2
left_child=31 2 4 29 5 17 48 16 14 10 11 12 -5 -12 24 -15 32 18 -2 -19 21 -21 -14 -11 25 26 27 -8 40 58 -26 -1 35 53 36 55 -35 38 50 42 41 46 -40 -44 45 -9 47 -10 49 -3 51 52 61 -34 -18 -7 -41 -47 59 -4 -60 -17
right_child=1 6 3 9 -6 7 8 44 28 23 13 -13 22 15 -16 37 54 19 -20 20 -22 -23 -24 -25 30 -27 -28 -29 -30 -31 -32 -33 33 34 -36 -37 -38 -39 39 56 -42 -43 43 -45 -46 57 -48 -49 -50 -51 -52 -53 -54 -55 -56 -57 -58 -59 60 -61 -62 -63
leaf_value=-0.015591420618898776 -0.0038075401458791446 -0.015670494844671673 0.013455946644179057 -0.018008461229991071 -0.016414563837349547 0.036843351405900691 -0.0070448041005125263 0.045562220646006214 0.041657507651166617 0.044377580136348557 -0.019905675248138129 0.036864792266246053 0.042965553244182789 -0.018322564920177503 0.023584565325960549 -0.015105994474814645 -0.021100917013713326 -0.010154226204825298 0.049797413680884299 0.054012376198350094 -0.0089140910525530997 0.0052898513171494082 0.0065491403357413047 0.0095047186330362143 0.0045835392427893348 0.025361252959584996 -0.01882142812626815 0.03579797424067907 0.027521017266516623 -0.0048885833226567105 -0.020564634309351345 0.009125356925657635 0.017720179055637216 0.003950138672471298 -0.016656237899154897 -0.0087920903912972314 0.05110659648080116 -0.0051030161531790356 0.036473943938103638 -0.0090378204662617378 -0.0036446995242125015 0.034902474852677647 -0.00089132591016699667 0.034860014954084917 0.049907282778453042 0.021509878686553907 -0.012169842010480086 -0.0099868915817603269 -0.01746139411498826 0.023841249831792952 -0.0093556441633403063 0.033619018447898719 0.028082949412098563 0.042691784677873587 0.014543391748303292 0.00016454262494577975 0.023936820935729207 -0.01097574896623808 0.016845828690858385 0.051044549549141588 0.041275134441380312 0.0071234599095181738
leaf_weight=289.57548590004444 6.4089077264070493 8.980271175503729 21.110611483454708 7.3394457250833538 30.419877544045448 6.6305529624223691 8.3525730073451978 7.3674380332231548 6.0640036463737541 11.884755387902262 8.5758813470602018 21.20573990046978 7.1243126690387752 8.5591856837272626 6.8625448793172827 11.956797659397123 11.598643422126772 73.054658785462379 5.304010197520256 5.9354698657989564 12.173968210816382 10.849658384919165 11.293073669075964 7.7851579934358588 10.378379955887793 7.766318053007125 19.694483608007431 6.126408338546752 10.604859650135039 4.5726002007722846 44.019526794552803 8.7326206713914853 17.652179539203647 6.8185862302780169 10.341961234807966 19.924836605787277 4.0422182381153107 17.852515920996666 26.030077576637268 11.148838073015215 45.25809209048748 8.4740831404924375 11.306817874312403 10.404128164052961 7.5387220680713645 18.112901434302334 9.7550037503242475 5.0942429900169373 87.807271227240562 6.8070072978734961 16.534022361040115 8.3414707630872709 9.2747740894556028 12.934854716062544 5.1652938276529303 6.5963890552520752 6.1385259181261054 5.2151048332452765 9.313342869281767 4.4489076137542716 35.361774981021881 28.49250054359436
leaf_count=678 18 23 74 18 73 29 24 35 28 56 20 94 33 20 27 29 26 195 26 30 33 34 37 26 34 31 48 27 43 13 105 29 66 22 24 54 20 50 115 30 134 37 33 45 37 70 26 14 220 27 43 36 38 60 18 20 24 13 34 22 162 93
internal_value=5.32004e-05 0.00504215 0.0103535 0.0160555 0.00400995 0.00645927 -0.00587257 0.013371 -0.00107922 0.0123075 0.0106859 0.0219245 0.00962416 0.00766325 -0.00687081 0.00908718 0.00812982 -0.0020455 0.0204666 -0.00463027 0.00930492 0.0225189 0.0206359 0.0305752 -0.00904028 -0.000315786 -0.00615119 0.011083 0.00593182 0.0281424 -0.0157667 -0.0148679 0.0117312 0.0178852 0.00288926 0.00211742 0.021501 0.0105769 0.0125817 0.0207326 0.00286465 0.0128894 0.0272728 0.0162411 0.0273128 0.0217636 0.00396967 0.0180795 -0.0145922 0.0013658 0.00547663 0.00970009 0.00568756 0.0282803 -0.0101182 0.0185513 0.00267106 0.0142475 0.0302929 0.0199986 0.0361824 0.000552441
internal_weight=1190.49 892.187 600.141 316.055 284.086 253.666 292.045 139.94 188.451 241.248 221.578 46.9626 25.7568 174.616 103.2 166.04 101.706 113.727 11.7129 102.014 28.9591 16.7851 18.4174 19.6699 96.3377 41.9398 34.1735 14.479 85.2503 74.8072 54.3979 298.308 84.9416 51.7898 21.2028 33.1518 10.8608 157.48 139.628 65.0284 74.6454 29.3873 47.741 21.7109 38.2342 30.6954 20.9133 11.1582 103.595 15.7873 74.5996 58.0655 49.7241 30.587 16.7639 13.2269 17.2874 23.328 70.2346 25.5595 44.6751 40.4493
internal_count=3603 2896 2048 1145 903 830 848 494 578 840 758 182 88 576 296 556 339 336 44 292 97 64 70 82 269 130 99 51 282 305 139 707 295 192 66 103 42 536 486 247 239 105 193 78 155 118 68 42 270 50 239 196 160 126 44 49 54 83 292 96 196 122
is_linear=0
shrinkage=0.03


Tree=20
num_leaves=63
num_cat=0
split_feature=38 38 27 26 59 56 7 73 25 16 7 54 36 81 63 64 33 48 27 77 20 35 56 73 49 54 73 25 44 45 25 16 25 7 45 5 25 12 81 25 16 21 21 47 66 47 34 89 66 15 89 45 33 27 89 21 59 8 35 7 81 27
split_gain=322.313 75.6816 22.6284 19.7466 21.7677 17.1092 15.151 15.0277 13.8141 13.608 13.2112 10.7345 10.4428 10.0478 12.301 9.94622 10.4326 9.91975 9.89043 9.09061 8.52575 12.1041 13.5304 10.6871 9.2 8.49253 8.3658 8.20509 7.33171 11.1118 8.48382 7.85259 7.15552 15.7571 11.5617 6.98849 7.23355 6.91547 6.43652 6.37621 7.24716 6.02922 5.99124 5.79683 5.57808 5.46127 5.38586 5.28446 5.2576 5.08061 9.73234 4.88721 4.75822 4.74915 4.72807 5.85404 5.38302 4.51313 4.33368 4.32285 4.31051 4.06516
threshold=1.0000000180025095e-35 -1.0000000180025095e-35 0.019676554653882055 0.70899898908537839 1.8575000166893008 0.15205460373162613 0.012330684321460552 0.28094116941193908 41.006298034903985 0.23611568094041149 0.0076285391959876004 54.296043258103531 0.0035661666987681505 72.571480441772664 27.35075719593031 0.0084879583932459517 116852850.00000001 -1.0000000180025095e-35 0.014240169177586701 13.395314001090417 88.723083496093764 -3.2727602008595116 0.093844869655940008 0.066253511072559917 18.845000267028812 41.890993472124961 0.172326623090477 53.140551103433999 64.53115492324811 0.50217259527547509 52.03170375998338 0.34411845797916385 50.636177687485478 0.020384421792674006 -0.21388126352506728 69.199138899596704 53.140551103433999 35.816271852941973 61.115911964606958 62.026472939472207 0.32752624816759918 143.02209299925542 113.55420616444714 0.12090082067343076 0.25037225908102684 0.10186311061313931 84.879244201720596 86734560.000000015 0.31698794713306916 54.140765101903192 53999900.500000007 -0.74148749420592697 468986250.00000006 0.012811703775799601 77914298.500000015 26.13922883084113 2.9365000724792485 0.0097140382553217528 2.3686673092383477 0.014295037741254851 50.267013133950947 0.016510429437750055
decision_type=2 2 2 2 2 2 2 2 2 2 2 2 2 2 2 2 2 2 2 2 2 2 2 2 2 2 2 2 2 2 2 2 2 2 2 2 2 2 2 2 2 2 2 2 2 2 2 2 2 2 2 2 2 2 2 2 2 2 2 2 2 2
left_child=1 12 3 4 7 11 9 13 54 -6 -11 45 -1 14 -3 -16 -17 -12 19 -10 21 -8 23 24 25 53 35 -27 29 30 -25 -32 33 34 -4 36 -19 38 -21 48 -41 57 49 -44 -13 -5 60 -36 61 50 -39 -51 -35 -23 -2 -56 59 -14 -22 -57 -34 -20
right_child=8 2 32 5 6 -7 20 -9 18 10 17 44 41 -15 15 16 -18 26 39 37 58 22 -24 28 -26 27 -28 -29 -30 -31 31 -33 46 52 47 -37 -38 42 -40 40 -42 -43 43 -45 -46 -47 -48 -49 -50 51 -52 -53 -54 -55 55 56 -58 -59 -60 -61 -62 -63
leaf_value=0.0021673925549353331 0.039589836749789602 -0.030401622479885784 0.033607710619479494 0.0035311036627811002 -0.013702921319549284 0.034587184895126258 0.034501172333167227 -0.011070687871717885 0.039747772826533675 -0.015612456488128706 0.038899883944487901 0.020038194760448443 -0.0077819405796976399 -0.011405740591632922 0.036316705777695441 -0.014332832143920553 0.036464479195599635 0.0285876429476014 0.0077270401006488227 -0.015015720593239639 -0.025233767099960683 -0.028604368971732162 -0.025149569349683706 -0.010233143183331404 -0.028878707522335293 -0.0060735856911686174 0.032674126602892109 0.031169068085809461 0.031783049970267971 -0.029582538279123393 0.0065802741511924627 0.04220892847182952 -0.0015272686506574908 -0.022268234193283852 0.016664099868806636 -0.023183614746259421 -0.01427421555724543 0.031031858809796045 0.027725726764988308 -0.024294198460548533 0.01510998213753138 0.0014713611186502257 0.021673800692977006 -0.020710747703834121 -0.019655666508875711 -0.022679372622140447 0.013392160291025863 -0.019765553658029969 -0.0044474173937071775 0.00730885881336742 -0.013032554524481916 0.036761039015110797 0.0059486645567606153 0.00057005847904644045 0.041088818009866017 0.011098033639156521 -0.0020193323377774687 -0.024896429874314899 0.0051057887132493355 0.035869625679868185 -0.024719210582117367 0.026646129844051177
leaf_weight=15.447058007121084 63.470719218254089 3.2666321843862525 11.795581445097925 8.0189644992351514 17.265255942940712 6.6810653060674658 7.4644278287887564 14.435679778456686 32.870152339339256 9.8724851310253126 20.004420503973961 10.452195301651953 14.664944544434546 7.0692877173423758 45.489319264888763 8.2825190275907499 6.4899944216012946 9.6843445450067538 14.60389496386051 8.2284149676561338 25.400371894240383 11.385223165154459 24.009585171937943 11.26748503744602 15.592851907014845 11.393113270401956 11.852801874279974 9.9946525692939741 10.630074143409727 7.3568217307329169 13.22617292404175 9.6146751046180707 8.1757266372442228 35.834370657801628 5.7707892954349509 7.0631639808416358 5.5886348187923423 12.614017471671106 5.1591994762420645 8.1011538952589053 8.7249257117509824 8.6555911898612958 7.5785305202007276 4.7084576040506363 4.5834871828556052 66.377239748835564 4.1013444811105719 9.4559299498796445 8.6227330118417722 5.7407047301530829 7.0225815773010245 43.447284162044525 6.3284730166196814 8.9846141040325147 18.480815410614014 10.207606285810472 7.6579438447952262 254.95932476222515 5.0855785757303229 16.734429255127907 61.232173919677734 34.063343539834023
leaf_count=33 135 15 31 31 57 17 20 53 72 45 47 34 35 26 110 28 14 24 50 33 85 32 98 39 63 35 33 28 30 27 49 22 35 166 21 26 22 33 14 31 26 22 24 19 19 252 13 40 35 21 24 100 24 35 39 30 29 617 14 37 288 96
internal_value=-2.10812e-06 -0.00944691 -0.00313263 0.000275653 0.00368964 -0.0117221 -0.000727877 0.0168194 0.0258435 0.00993545 0.0163058 -0.0151817 -0.0218417 0.0225223 0.0262977 0.0293712 0.0079839 0.0221204 0.0210882 0.0261584 -0.00578757 -0.00267557 -0.00475495 -0.000280887 -0.00921562 -0.00187315 0.0123025 0.0113302 0.00955515 0.00385677 0.0110693 0.0215779 -0.013496 -0.0065713 0.0113124 0.00149218 0.0129038 0.0214316 0.0014556 0.0123748 -0.00386172 -0.0231744 0.0247286 0.00543175 0.00793789 -0.0198542 -0.0200134 -0.00595904 0.0171435 0.0281736 0.0152732 0.0333237 -0.018033 -0.0157363 0.0340642 0.0274569 0.0201757 -0.0239656 -0.0201726 0.0264843 -0.0219874 0.020969
internal_weight=1188.34 870.304 576.578 433.883 337.77 96.113 252.737 85.0334 318.037 81.3311 64.0659 89.4319 293.727 70.5978 63.5285 60.2618 14.7725 54.1934 201.485 127.369 171.406 140.92 133.455 109.446 57.3505 41.7576 34.1889 21.3878 52.0952 41.4652 34.1083 22.8408 142.694 69.1851 27.0223 22.3361 15.273 94.4992 13.3876 74.1161 16.8261 278.28 81.1116 12.287 15.0357 74.3962 73.5092 15.2267 57.29 68.8246 19.6366 49.188 42.1628 20.3698 116.552 53.0808 34.6 269.624 30.486 26.942 69.4079 48.6672
internal_count=3603 2755 2048 1430 1077 353 831 246 848 254 197 336 707 193 167 152 42 152 578 340 577 478 458 360 193 130 105 63 167 137 110 71 618 282 92 72 46 268 47 238 57 674 221 43 53 283 336 61 181 178 57 121 190 67 270 135 96 652 99 67 323 146
is_linear=0
shrinkage=0.03


Tree=21
num_leaves=63
num_cat=0
split_feature=48 20 11 27 27 7 27 72 59 45 78 61 69 21 35 88 74 54 68 25 63 8 7 20 76 68 12 44 69 33 72 26 52 69 7 2 41 22 7 7 59 17 75 44 45 83 40 39 20 56 35 35 47 74 63 25 24 74 74 66 27 75
split_gain=32.49 21.2542 23.7341 28.459 19.5534 18.3251 20.9614 17.3829 16.825 22.9975 15.1394 14.3879 13.8868 21.0085 13.6294 15.5475 13.0781 14.5769 13.4122 12.7565 12.299 12.0657 13.8349 11.0585 11.0237 10.8116 10.7774 10.6429 10.5216 9.75146 13.2951 10.9863 10.7165 9.62903 9.52115 9.10653 9.0898 8.6639 11.5151 9.21316 11.6828 8.44511 8.29807 7.96365 8.51499 7.94226 7.53796 7.42194 13.0365 7.16727 7.09857 7.07684 7.18523 6.87304 6.80743 15.8935 7.64662 6.75476 8.93719 6.469 5.90103 7.6674
threshold=1.0000000180025095e-35 89.382247924804702 40.812428720391743 0.007057084583789351 0.061022769311188253 0.028119196484456703 0.013055029273711502 29.777475833419718 2.9365000724792485 0.03713249964139461 10.229419982613829 1.7145000100135805 92.725002288818374 138.44822573406705 1.2620476982495783 11.670542353692065 0.004232731445590051 56.323254882878139 96.704998016357436 49.658504533621787 70.956009567792236 0.075775828789435215 0.025030709068933402 32.063724517822273 9.0303478240966815 75.434997558593764 38.684677270221208 47.888114478631998 97.225002288818374 75080750.000000015 45.297430738345447 0.14171716870595222 16.035000801086429 98.295001983642592 0.013182040067305051 10.009891403972247 181.20999908447268 41.629974433995578 0.013878054563229051 0.017215037809411502 2.6554999351501469 0.0085441323623858517 1.1093380554434491 30.090026987330031 -2.6250642920741565 0.0097417364440199519 106.9300003051758 165.6549987792969 102.02050018310548 0.068977167579523505 0.41776107006819535 1.0536574247856552 0.12521818039097307 0.0067979079378851009 28.097466417772392 42.633363044712588 8879150.0000000019 0.0037224516265379 0.0050058331276348509 0.28834579041299374 0.016616236968204804 1.1342863927262981
decision_type=2 2 2 2 2 2 2 2 2 2 2 2 2 2 2 2 2 2 2 2 2 2 2 2 2 2 2 2 2 2 2 2 2 2 2 2 2 2 2 2 2 2 2 2 2 2 2 2 2 2 2 2 2 2 2 2 2 2 2 2 2 2
left_child=1 2 4 -4 5 6 16 57 9 12 24 47 13 20 15 21 17 37 35 -10 -3 22 25 -7 34 -13 41 -26 59 30 -11 -32 -33 -17 -8 -18 46 38 -1 -40 -41 -12 -36 -37 -45 -27 -5 48 -9 -39 -20 52 -29 -43 55 -48 -56 -2 -59 -16 -31 -62
right_child=7 8 3 36 -6 23 10 11 19 29 26 14 -14 -15 28 33 18 -19 50 -21 -22 -23 -24 -25 27 45 -28 51 -30 60 31 32 -34 -35 42 43 -38 49 39 40 -42 53 -44 44 -46 -47 54 -49 -50 -51 -52 -53 -54 -55 56 -57 -58 58 -60 -61 61 -63
leaf_value=-0.020183137874927929 -0.028187352924989841 -0.01981545559711646 0.03243619151444712 0.0046798459900597713 -0.028221034989042257 0.032205942408324521 0.017658121057402571 -0.012944529420222891 -0.00093034596809709886 -0.02172734661038447 0.009705123098227679 0.022386956376337724 -0.021649976590720345 0.04636687648513154 -0.019329616112822218 0.028485826230195698 -0.0080686457953004168 -0.019357589681248941 -0.028581407375654653 0.036371273526263029 0.019388586892070236 0.035233952900802314 0.023895875635385318 -0.0090601226661077127 -0.009640369659463497 0.0011499534812752857 0.025122342420642707 0.036186800514488908 0.018051692483214681 0.030770418261027475 -0.013873599613726657 -0.001318524522534747 0.040346193750782668 0.00084991674268311101 -0.019984164292926831 -0.028456615040846806 0.015258959029896281 0.034886104988609862 0.0332947154139943 -0.023360447140012775 0.026713099051352933 -0.023033504523509524 0.016467825353075158 -0.029239038932171446 0.032890910904530793 -0.02822766577082219 -0.021422719592897863 -0.021861106339423807 0.029222585843499752 1.7720808674261147e-05 0.015292815556939003 -0.0037148697562050773 0.0038916945961819317 0.0088573252978776922 0.0072392593680144501 0.033269138479368604 -0.022248720156110922 0.020323687722442304 -0.022669294431512683 0.0096637505707900511 0.027804584853182431 -0.014937451630647653
leaf_weight=17.429217606782913 14.021863803267481 23.400605067610741 11.477468550205229 13.149244099855421 23.488972395658493 23.568098306655887 9.6421146243810636 16.190839380025867 12.48401230573654 14.129837840795515 8.9473948776721937 8.5493037551641446 43.355915680527687 7.9803136438131324 22.059417486190796 92.760782346129417 7.5146146565675727 27.616382494568825 8.0444169938564283 24.335761591792107 10.403981924057005 11.419165045022963 17.639267221093178 7.7719255387783042 18.386476203799248 14.709614291787146 5.4588472545146933 19.196445733308796 18.745054304599762 27.322465628385544 9.6589951217174512 9.0859444141387957 14.300525486469267 12.928355172276495 41.289005815982819 2.1904248446226111 8.0240127593278867 14.017067402601244 10.376597955822946 10.056199342012407 7.1929674148559561 86.968848988413811 6.5061913877725592 2.0790580213069907 44.019954532384872 18.955216765403748 14.056139439344408 15.289281681179999 11.137961655855177 8.5368405282497388 5.6498850136995307 9.891576021909712 9.1582865267992002 6.5395284295082083 8.3218220174312574 7.2479278296232215 161.68491426110268 9.1064891964197177 8.334097281098364 10.095758363604544 7.9210680872201902 7.2204940766096115
leaf_count=56 43 86 21 42 107 53 24 51 39 53 30 21 150 14 94 214 21 75 29 53 23 24 39 27 65 37 15 42 51 57 29 32 28 42 168 6 21 32 23 34 18 343 19 5 87 70 41 49 29 27 17 34 28 22 25 16 578 23 30 24 20 27
internal_value=-6.70983e-05 -0.00298903 -0.00562235 -0.0135772 -0.0015874 -9.09338e-05 -0.00187902 0.00842068 0.00529298 0.00141026 -0.00789568 0.0108757 -0.00975569 0.00258579 0.013868 0.017803 0.00622915 -0.000992339 0.0161239 0.0237239 -0.00774969 0.00697456 0.00158308 0.0219725 -0.000275453 -0.00774038 -0.0159506 0.00911664 0.00018748 0.0120158 0.00262813 0.0130422 0.0241589 0.0251053 -0.00953599 0.0226525 -0.0160626 0.00650936 -0.00108892 0.0109577 -0.00247959 -0.0181389 -0.0150221 0.0274332 0.0300889 -0.0153913 -0.0172918 -0.00512326 0.00424085 0.0216881 -0.0104801 0.0181339 0.0257558 -0.0208032 -0.018802 -0.00281582 -0.0208053 -0.0126846 -0.000220787 -0.0102266 0.0224451 0.00742237
internal_weight=1179.04 877.099 665.499 223.962 441.537 418.048 386.708 301.942 211.6 174.78 221.985 270.48 85.1408 41.7849 227.862 176.962 164.724 95.2253 69.4984 36.8198 33.8046 71.2726 59.8534 31.34 114.07 42.2141 107.915 56.6328 50.9002 89.6393 47.1753 33.0455 23.3865 105.689 57.4373 55.8041 212.484 67.6089 45.055 27.6258 17.2492 102.456 47.7952 48.2894 46.099 33.6648 204.46 42.6181 27.3288 22.5539 13.6943 38.2463 28.3547 93.5084 191.311 21.3041 170.007 31.4625 17.4406 32.1552 42.464 15.1416
internal_count=3603 2762 2151 744 1407 1300 1220 841 611 519 790 745 273 123 616 447 430 265 165 92 109 191 167 80 380 128 410 169 169 246 142 89 60 256 211 119 723 190 131 75 52 395 187 98 92 107 702 129 80 59 46 104 70 365 660 57 603 96 53 118 104 47
is_linear=0
shrinkage=0.03


Tree=22
num_leaves=63
num_cat=0
split_feature=38 38 27 27 26 19 25 40 16 83 45 76 8 83 16 2 15 27 66 27 7 0 84 46 45 43 74 16 24 34 25 28 17 50 78 45 83 15 80 69 22 55 26 16 16 8 45 37 43 27 83 28 75 84 83 55 61 26 5 27 15 25
split_gain=93.0131 53.6912 40.8111 14.4745 16.5724 13.2574 12.8906 12.4156 14.7977 10.7418 9.7906 9.21623 9.16068 9.15158 8.58405 8.50179 10.5019 8.31654 9.01292 7.953 7.15337 7.01722 6.94542 7.90077 6.69277 6.52085 6.42192 7.27849 6.37993 6.34999 7.86095 7.61779 6.06365 5.80498 8.89598 9.3573 5.79174 5.55733 5.33089 5.07769 6.34555 5.04806 5.77986 4.80952 4.68318 6.85917 5.33429 4.66519 4.61332 4.56217 10.5731 7.15787 8.29945 4.54824 4.40563 6.07638 7.44799 5.26258 5.29931 5.21484 4.48568 4.32806
threshold=-1.0000000180025095e-35 1.0000000180025095e-35 0.022069384653104953 0.011966790275431351 0.55818507809744144 -1.0000000180025095e-35 41.006298034903985 132.16500091552737 -0.16651670780406205 0.0063242437770908511 1.0501862788557406 10.648132324218752 0.081929349264681914 0.0045882972064075012 1.863988220286185 11.321223106918538 34.584273250822648 0.0076511554434743508 0.25613829359744716 0.0076511554434743508 0.010983533061386852 72.124134063720717 0.021994361126448102 0.0055901786279503015 -1.2948025267839822 12338350.000000002 0.0027940570926530003 0.37725009413914279 12734250.000000002 67.42150271116779 48.06007328820936 0.08193378503651981 0.014261209457890002 15.994999885559084 12.755473049223971 -0.2363106907142267 0.0085415040926403018 84.229505575271375 16659300.000000002 79.715000152587905 26.399487145863905 -0.56698319136484343 0.55464503170144408 -0.048843320115212245 0.32752624816759918 0.074113393399896518 0.38093262574892606 0.13527355010860379 5300250.0000000009 0.01212651825906485 0.0089527512295012029 0.094576225417399171 1.0910125005149478 0.027500995224470002 0.007217091579200201 -0.076316209214072936 2.9974999427795415 0.019621619008056205 59.131118782764311 0.016754355592427904 65.23650714830508 38.1173122173767
decision_type=2 2 2 2 2 2 2 2 2 2 2 2 2 2 2 2 2 2 2 2 2 2 2 2 2 2 2 2 2 2 2 2 2 2 2 2 2 2 2 2 2 2 2 2 2 2 2 2 2 2 2 2 2 2 2 2 2 2 2 2 2 2
left_child=37 2 3 4 9 36 39 8 12 10 13 15 -7 -2 28 16 -4 -8 26 -6 -15 22 -21 -24 -11 -18 27 -19 -10 30 -20 -32 48 34 -9 -36 -5 49 -31 40 -3 42 -34 -38 -30 46 -46 -47 -28 -1 51 52 -51 -25 -35 59 57 58 61 -56 -61 -57
right_child=1 6 11 5 19 7 17 33 14 24 -12 -13 -14 20 -16 -17 25 18 29 21 -22 -23 23 53 -26 -27 32 -29 44 38 31 -33 41 54 35 -37 43 -39 -40 -41 -42 -43 -44 -45 45 47 -48 -49 -50 50 -52 -53 -54 -55 55 56 -58 -59 -60 60 -62 -63
leaf_value=-0.019931636616299438 -0.010814702362342995 -0.015300866374108508 -0.0016090855235262205 0.01273265315054452 -0.017298192412615907 -0.006419148701389276 -0.019834711339723504 0.048480850114783057 0.047807159645066793 0.014691629561418434 -0.019795008931415056 0.036529457047847026 0.025092436261921473 0.040124428828371382 -0.005630576741674157 -0.0027579820188798651 0.018844341487869884 -0.0090204291801308685 -0.0010433545321980355 0.0017294860130149534 0.0012389517970517378 -0.008667832522492298 0.0054266571262262687 0.022271272470262577 -0.015248492297990279 0.039678817951351308 0.011348380795344719 0.032529490074595747 0.034040695494287392 -0.017143792973354267 0.0028890264343440584 0.039100118668552869 0.0030362359522454717 0.024612769621462544 -0.012340423487551232 0.039082595103132889 0.013275977656198517 0.0090380403951807898 0.018711578422103175 -0.017085073902119993 0.023112054209527833 -0.0053389711512722418 0.043069677518025658 -0.020673697828167262 -0.01026189359378744 0.039285060709297062 0.026105098868421599 0.0051681809702688718 -0.015297026760929726 0.048127858753429648 -0.015561341777653686 -0.0077299481933293295 -0.0024568324432564801 0.04861755568511239 -0.010423045683293573 0.0089848468251991984 0.04301143145366719 0.020004862690782835 0.023729269121670737 0.025624555188699258 -0.0064657319305659816 -0.017680109305308615
leaf_weight=113.10354460775852 8.1662938743829745 8.8844946622848493 12.047810286283491 9.6382836848497373 7.3673475831747046 25.376676216721535 19.008105576038361 6.9937770366668728 13.836969345808027 7.3459227979183188 9.3523006290197355 43.570852473378181 12.340558603405951 12.732731610536577 6.8761693686246863 13.070318579673765 26.77965284883976 6.7344923019409171 12.743611931800841 12.903739690780638 6.3967653363943091 8.8335020840167982 10.173472583293913 10.555994018912317 78.806863233447075 27.306037157773972 6.5620109736919394 8.6913581937551481 29.676545381546021 10.480743870139124 7.5428764969110516 17.041839763522148 9.3417807966470701 8.3932371735572797 8.5326648652553558 5.0813565552234623 4.5786211937665966 8.7414309680461866 5.7956029474735251 86.822826072573662 6.8580111712217322 25.347417071461678 4.9738813191652289 20.891363516449928 9.8731990158557874 13.465889304876329 5.7405488491058341 4.9270904064178458 53.749442532658577 5.7367316782474536 143.60817858576775 18.118974566459656 5.9434567242860794 13.362094610929487 40.520050406455994 8.5756919234991127 5.3703551590442649 15.153756126761435 5.8952278792858115 8.0248528271913511 7.6647686064243308 15.168432697653769
leaf_count=248 22 23 35 34 17 70 46 34 67 26 22 193 49 58 20 38 100 19 39 40 20 23 32 41 194 124 23 37 128 26 24 77 30 33 22 23 16 29 22 220 27 74 23 47 26 61 23 16 138 28 337 48 17 65 106 29 25 57 23 32 21 36
internal_value=6.96869e-05 0.00490093 0.0100173 0.00605901 -0.000484657 0.0102187 -0.00568775 0.0125767 0.0195127 -0.00690865 0.00669541 0.0254474 0.00389101 0.0157718 0.0264942 0.0193511 0.0237207 -0.0010208 0.00109521 0.0119983 0.0271214 0.0158643 0.0204755 0.0275709 -0.0126956 0.029363 -0.00362653 0.01439 0.0293437 0.0112602 0.0180783 0.0279901 -0.00640643 0.00632004 0.0209804 0.00685293 -0.00707512 -0.0145253 -0.00437659 -0.0142427 0.00143321 0.00270423 0.0169456 -0.0145707 0.025332 0.0177321 0.00310879 0.0301459 -0.012398 -0.0152442 -0.0121869 0.00407514 0.0223879 0.0369899 0.00368758 0.0020365 0.00962646 0.00562386 -0.00172874 -0.00473704 0.00994766 -0.0080495
internal_weight=1187.2 891.946 601.368 478.593 185.997 292.596 290.578 257.488 122.114 122.801 36.6481 122.775 37.7172 27.2958 84.3964 79.2038 66.1335 188.013 169.005 63.1962 19.1295 55.8288 46.9953 34.0916 86.1528 54.0857 115.4 15.4259 77.5202 53.6047 37.3283 24.5847 99.9745 135.374 20.6078 13.614 35.1083 295.252 16.2763 102.565 15.7425 39.6631 14.3157 25.47 63.6833 34.0067 15.6137 18.393 60.3115 286.511 173.407 29.7992 11.6802 23.9181 114.766 106.373 50.1635 44.7931 29.6394 56.2097 15.6896 23.7441
internal_count=3603 2896 2048 1558 560 998 848 901 460 342 122 490 119 100 341 297 259 578 532 218 78 201 178 138 220 224 344 56 321 188 140 101 288 441 79 45 97 707 48 270 50 127 53 63 254 126 49 77 161 678 430 93 45 106 362 329 170 145 88 159 53 65
is_linear=0
shrinkage=0.03


Tree=23
num_leaves=63
num_cat=0
split_feature=38 38 83 58 47 26 25 73 48 16 46 73 10 54 36 58 35 75 17 42 26 66 26 65 39 69 14 66 81 17 89 14 7 25 25 51 83 84 25 35 26 89 8 66 69 25 46 41 65 34 80 46 65 25 55 75 89 16 8 36 45 51
split_gain=301.532 72.6838 16.9013 16.338 15.1676 14.7116 12.6853 12.3196 11.2569 11.8794 17.8202 16.7535 10.8814 10.7038 10.172 9.49316 11.075 9.25748 9.04367 8.73872 8.45964 8.32354 8.90493 7.79638 7.59357 7.56805 12.5782 7.55303 7.55159 7.42828 7.25251 7.18809 7.04813 6.52318 6.483 6.04915 7.005 8.20434 5.88764 5.86038 5.74967 5.7341 6.29566 6.68217 11.1623 10.1748 8.23384 7.34138 5.66223 5.52541 5.3101 8.00919 5.01536 12.7421 4.96672 4.50271 4.47295 10.8674 4.14642 4.54372 4.08291 8.86054
threshold=1.0000000180025095e-35 -1.0000000180025095e-35 0.012683654456286152 1.7764999866485598 0.11848045310584916 -0.93618349500830067 41.006298034903985 0.087124228643482057 1.0000000180025095e-35 0.34411845797916385 0.0053719543371483014 0.13036002932517479 18.475155830383304 46.908961757500485 0.0035661666987681505 2.2325000762939458 1.4813425646549379 1.135261837443114 0.012482477723101102 183.1549987792969 0.77568017079674345 0.31557904045813118 0.52825086382352648 0.019529221003093202 165.29999542236331 97.920001983642592 28268400.000000004 0.32311004586089209 65.139258269569922 0.011612352479247851 24498000.000000004 57696150.000000007 0.019098099673053152 40.281583157219337 52.03170375998338 13.994999885559084 0.0065202917298039509 0.029219834683499053 57.689154934624156 1.636467287320251 -0.61886925582965258 26421207.000000004 0.084226629273188316 0.19431961877983969 77.424999237060561 54.918512665630978 0.0095945605994470027 126.314998626709 0.011961718375213251 62.984566796264467 20936100.000000004 0.009806610742101653 0.026703901495827253 17.003365889400765 -1.7535625945977971 1.0788617345911122 95982978.000000015 0.19851619755576519 0.083148669911946568 0.0076697211386315507 0.047593309220900361 25.185000419616703
decision_type=2 2 2 2 2 2 2 2 2 2 2 2 2 2 2 2 2 2 2 2 2 2 2 2 2 2 2 2 2 2 2 2 2 2 2 2 2 2 2 2 2 2 2 2 2 2 2 2 2 2 2 2 2 2 2 2 2 2 2 2 2 2
left_child=1 14 3 4 7 17 56 38 9 12 -11 15 -5 -6 -1 16 29 33 31 25 30 22 40 -19 -15 60 -27 -10 32 -12 -13 35 -24 -4 -9 36 49 -38 -3 -22 -20 -14 43 -43 -45 47 -47 -46 -37 -8 51 -25 -16 -54 -32 -55 -2 -58 59 -17 61 -7
right_child=6 2 5 8 13 19 18 34 27 10 11 20 41 24 52 58 -18 23 21 -21 39 -23 28 50 -26 26 -28 -29 -30 -31 54 -33 -34 -35 -36 48 37 -39 -40 -41 -42 42 -44 44 45 46 -48 -49 -50 -51 -52 -53 53 55 -56 -57 57 -59 -60 -61 -62 -63
leaf_value=0.002215261424831895 0.036501125276513467 0.04408175003308417 0.031690966240066468 0.025858387596292338 -0.02070732874748726 -0.022218134773383708 0.0047923552981733782 0.019334767955711429 -0.018121603386998031 -0.025218105438461789 0.040052798233794824 -0.029461371051375689 0.013977657245506942 -0.016443041916960908 -0.025303281707145669 0.017509032969545996 -0.014110324923758929 0.024608797412445 0.0018679630467395955 0.023769245546465752 -0.016008301040495807 -0.012512600247476018 0.019992280937445324 0.018339261060710155 0.021314556766192368 0.030810748288696923 -0.028614837824595493 0.015427221816223604 -0.030503411225357224 -0.00072165496419143108 -0.028815671430190207 -0.0024644939708780931 -0.021112369885351701 -0.010198314274029787 -0.022389070252245406 -0.031147995190989649 0.022817859080574092 -0.019103442418625362 0.018239028886634132 0.025792964239597944 0.028270366929187517 -0.02137115338539184 -0.026331018123803243 -0.021374429172242235 0.0049747772310944913 0.011558998201991107 -0.025123559471969769 0.042168019458038192 0.035655910876174701 0.034750639039223173 -0.023318808214716956 -0.028369361941032758 0.058116180476466842 0.010803370505867974 0.0370234114783487 -0.020173853754673867 0.031628862848674666 -0.011571584558083527 -0.021011487924892432 -0.0164908324841514 -0.024832452004182746 0.0039266651585901299
leaf_weight=15.431041702628134 82.627259716391563 19.578726381063461 12.844428554177286 8.6686975061893445 15.785243883728979 35.059826076030731 7.0784941017627707 7.059005990624426 53.55669978260994 13.779252767562864 12.249957308173185 1.6531739532947529 8.9549899995326978 6.5848089009523418 199.2809002995491 7.2758798152208346 8.9289713203906995 6.3412788063287726 9.0111755132675153 4.8467699289321891 6.6928667128086072 10.162818074226378 15.621170520782476 9.1797980517148989 17.624837696552277 7.2267453968524915 5.7611512690782547 6.8072724491357794 5.1519163101911536 5.9862387627363196 1.0653028935194004 7.5657503455877295 4.9421249330043784 4.5242665261030188 6.3814750760793686 1.1651201844215382 9.6287800371646899 7.4544464945793143 13.340529084205626 5.4981591403484344 42.127948939800262 22.489787310361862 19.624314710497856 18.76822629570961 10.122623518109323 10.677814334630968 11.372629657387732 9.0433651059865934 57.285199820995331 25.506249099969864 16.820125833153725 5.1618071645498267 2.0209144353866568 4.5020713061094275 32.215949490666389 68.153553426265717 28.564554736018181 6.4183236211538306 16.960658475756645 6.8850023746490479 63.274291202425957 17.48419576883316
leaf_count=33 179 38 37 23 59 143 23 21 195 49 28 9 28 28 488 24 40 19 31 11 27 43 50 30 49 21 26 20 27 25 6 28 16 19 31 6 26 31 39 17 108 87 83 69 36 36 40 21 128 61 72 21 4 10 80 172 68 23 68 30 273 70
internal_value=-3.05817e-06 -0.00922413 -0.00304507 0.000553777 0.0120493 -0.0104066 0.0248566 0.0237273 -0.00276318 0.000161387 0.00686583 0.0110598 -0.00651332 -0.00148716 -0.0214836 0.000305729 0.0132646 0.00267263 0.020309 -0.0157763 0.0243608 0.0130027 0.0163767 -0.00571315 0.0110448 -0.0172644 0.00445084 -0.0143383 0.00197594 0.0266681 0.0318695 0.0258048 0.0101133 0.0207795 -0.000475508 0.027783 0.0200851 0.00452506 0.033609 0.00284409 0.023618 -0.00904021 -0.0110591 -0.00742521 -0.00219652 0.00653629 -0.00736022 0.0225242 0.0343243 0.0282427 -0.0118835 0.00152797 -0.0228185 -0.0161876 0.034916 -0.0182544 0.0326943 0.0237029 -0.0110057 0.000978343 -0.0196995 -0.0135184
internal_weight=1183.86 863.546 574.157 385.632 86.3546 188.525 320.311 46.3597 299.278 238.914 119.191 105.412 119.722 39.9949 289.388 58.2867 27.1652 54.8717 202.701 133.653 47.1255 87.0172 76.8543 37.503 24.2096 128.806 12.9879 60.364 25.7152 18.2362 34.9344 115.684 20.5633 17.3687 13.4405 108.118 49.668 17.0832 32.9193 12.191 51.1391 111.054 102.099 82.4744 59.9847 41.2164 22.0504 19.166 58.4503 32.5847 31.1617 14.3416 273.957 74.6765 33.2813 72.6556 117.61 34.9829 31.1215 14.1609 115.818 52.544
internal_count=3603 2755 2048 1306 265 742 848 129 1041 826 403 354 423 136 707 215 93 198 578 544 139 275 232 142 77 533 47 215 93 53 95 303 66 56 52 275 141 57 77 44 139 400 372 289 202 133 76 57 134 84 123 51 674 186 86 182 270 91 122 54 486 213
is_linear=0
shrinkage=0.03


Tree=24
num_leaves=63
num_cat=0
split_feature=38 38 67 79 27 0 86 66 72 63 6 63 42 48 8 67 2 28 49 36 43 83 83 15 27 42 13 19 63 47 24 86 45 20 72 68 8 35 8 55 47 72 15 72 25 55 8 75 58 44 75 24 76 72 41 25 83 5 6 5 24 72
split_gain=481.765 48.951 17.7599 19.6961 18.6375 17.3927 16.1841 13.9936 15.7233 13.2978 11.4141 10.478 9.99489 8.64064 9.34911 8.14998 7.8106 7.1597 7.87876 6.89119 6.46745 6.3269 10.1538 6.33309 5.79793 5.70744 6.65184 6.78533 6.85577 6.88783 8.43189 9.40315 6.82882 5.52834 5.233 5.11403 4.55867 4.55507 6.40553 4.48427 4.45775 8.46721 4.26303 4.13853 3.95157 3.70873 3.37662 3.30823 3.32361 6.6318 4.69634 3.88113 2.76574 2.84141 3.43229 3.75899 4.098 3.68243 6.1425 2.71184 2.94462 2.26138
threshold=-1.0000000180025095e-35 1.0000000180025095e-35 75.665000915527358 9.7799405244761868 0.010849805464199053 37.619802474975593 30.046619742491583 0.23575735518096463 45.469178769617024 70.956009567792236 1.1388198170310313 28.887748632571718 164.25000000000003 1.0000000180025095e-35 -0.0060440395702609992 94.49499893188478 2.697420010301157 0.08193378503651981 26.07499980926514 0.0042818810866683005 10054400.000000002 0.0063242437770908511 0.0093698710421537528 47.964871308816221 0.0096631635815672013 181.52500152587893 44.547222122790131 -1.0000000180025095e-35 46.745877864271201 0.10668206906440721 29925900.000000004 9.0090330876430986 0.32285558443272327 46.93713569641114 52.577454994813749 73.139999389648452 0.08073885876160021 3.5899612063981299 0.1188018415307792 -0.12133826156894303 0.099875973791567763 65.314035660752936 61.216090443605886 60.506121190412273 35.003110792220369 0.21958705614428189 0.065393460463919015 1.0507978275409615 1.6665000319480898 35.664984156353889 1.1144640689504988 14586100.000000002 8.5641140937805194 67.715584931831728 112.99000167846681 28.768051452197046 0.0095397045004112519 50.509534335984576 0.50726456425686106 59.919548568271246 12630550.000000002 52.399570699104082
decision_type=2 2 2 2 2 2 2 2 2 2 2 2 2 2 2 2 2 2 2 2 2 2 2 2 2 2 2 2 2 2 2 2 2 2 2 2 2 2 2 2 2 2 2 2 2 2 2 2 2 2 2 2 2 2 2 2 2 2 2 2 2 2
left_child=13 2 3 46 5 7 11 15 -9 12 24 17 -8 14 -1 -4 -13 18 -6 43 59 -17 23 -23 -7 26 27 32 29 -29 34 42 36 61 -31 -21 -18 -3 -39 -10 41 -37 -32 -16 -5 -19 -2 -42 49 -49 -51 -52 -50 54 -54 -56 57 -57 -59 -14 -61 -30
right_child=1 37 4 44 6 10 9 8 39 -11 -12 16 20 -15 19 21 25 45 -20 35 -22 22 -24 -25 -26 -27 -28 28 33 30 31 -33 -34 -35 -36 40 -38 38 -40 -41 47 -43 -44 -45 -46 -47 -48 48 52 50 51 -53 53 -55 55 56 -58 58 -60 60 -62 -63
leaf_value=-0.029088000508280466 -0.02765869149138863 -0.024153177303646908 -0.026222943062963563 0.0037267227880143292 0.029059697460664356 0.03499551364173472 0.020007769018102171 0.028344852355677047 -0.028378611131846025 0.030620798857303951 -0.012080164547701906 0.019874759581171155 -0.028395865632127797 0.036375871548866484 -0.0089596595124464152 -0.02771749257245186 -0.022499067507891927 0.0028626593516156138 -0.017521521504432012 -0.031166290963062306 0.0094875172807085371 -0.0051030491294298905 -0.02828708424966999 0.029575493050905961 0.0068099240121297158 0.010397529215603702 -0.023848026856350867 -0.02777660408439353 -0.027753901455301617 -0.027704730381347388 -0.028196389350661717 0.027313088269051693 0.028332330022822368 0.0072086190263010476 0.002867625365276003 0.029670761805826437 0.013942968281839675 0.0081178287384290546 -0.027586616785869291 0.003541729904550863 -0.03128278086830126 -0.0075912799119129508 0.012670611413367523 0.020551541934126248 0.035045457875141621 -0.028090922829022744 0.0041036062616742535 -0.017528638205450094 0.015963082755323564 0.0024855382416132826 0.018347458972379174 0.04300508404791447 0.04265882226094922 0.041566538755021087 -0.002579729756358532 0.032634247952722302 0.036735451769551161 -0.00048268935353942903 0.028957158237614467 0.00077825902952466874 -0.028738875441186688 -0.018456021665008933
leaf_weight=2.7145019322633734 8.64899133145809 249.55443580448627 29.137845739722252 4.4758770465850857 11.382748872041704 20.925591349601749 11.113317281007765 18.165313348174095 7.9860071092843992 11.754804804921148 9.1346598267555219 5.1729212850332251 14.781678959727289 112.35963107645512 6.9967032223939922 8.1561235487461072 8.8027057647705096 6.5097133964300138 4.584054321050643 1.2892269492149342 9.1502248197793943 8.6602571457624489 7.02973549067974 10.468916907906531 9.5734966695308668 6.5369734764099112 107.17617598176003 12.416674539446829 45.238452836871147 13.11599086225033 5.7962587177753466 12.743702471256254 6.1829344034194937 5.8213581442832938 8.1824192106723768 15.664128720760347 4.7599798887968054 9.662501737475397 8.5007316023111326 7.8588248640298843 0.78159986436366935 8.4487424939870817 3.8055917173624039 11.001411676406859 19.090779438614845 7.4944969266653061 4.6221523135900489 3.4393816590309134 8.7079036682844144 5.8642154484987286 10.011817470192911 13.480915963649748 19.716315492987633 30.202932834625244 3.2917392700910559 24.084434270858765 43.836553946137428 11.148063883185388 14.908551856875418 8.555972293019293 4.7196427583694449 49.087801083922386
leaf_count=10 46 796 104 13 29 41 31 38 34 29 37 13 53 200 18 35 33 22 20 5 28 24 27 24 28 16 480 58 203 64 30 35 17 22 31 34 15 23 29 20 4 27 13 22 38 35 18 10 23 17 24 22 33 51 10 48 82 35 32 32 15 197
internal_value=-8.3119e-05 -0.0125495 -0.00749624 0.0126357 -0.00891701 0.00058116 -0.0123003 -0.00623286 0.00929414 0.00200398 0.0173375 -0.0149459 -0.00495752 0.0295303 0.0262655 -0.0145552 -0.0166638 0.00195413 0.0156863 0.0269107 -0.0124143 -0.00464777 0.00254517 0.0138756 0.0261482 -0.0173163 -0.0179562 -0.0143674 -0.016462 -0.00806178 -0.00245293 0.0104207 0.00220264 -0.0211642 -0.0159594 0.0284043 -0.00970932 -0.0230975 -0.00859252 -0.0125465 0.0287638 0.0166148 -0.0119992 0.00907917 0.0290973 -0.0137025 -0.0165963 0.0303099 0.0305651 0.0218844 0.0265019 0.0324968 0.0323912 0.0333632 0.0312452 0.0289317 0.0300355 0.0241779 0.0163616 -0.019557 -0.00971544 -0.0229152
internal_weight=1174.49 826.539 558.821 36.8378 521.983 137.097 384.887 97.463 34.0101 60.0756 39.6337 324.811 48.3208 347.949 235.589 63.4529 294.84 29.971 15.9668 232.875 37.2075 34.315 26.1589 19.1292 30.4991 289.667 283.13 175.954 156.208 56.0606 43.644 22.3456 19.7456 100.148 21.2984 214.877 13.5627 267.718 18.1632 15.8448 213.587 24.1129 9.60185 17.9981 23.5667 14.0042 13.2711 189.474 188.693 32.7963 29.3569 23.4927 155.896 147.189 116.986 97.2693 93.9776 50.1411 26.0566 28.0573 13.2756 94.3263
internal_count=3603 2896 2048 115 1933 412 1521 306 92 188 106 1333 159 707 507 214 1227 106 49 497 128 110 75 48 69 1214 1198 718 653 231 173 78 65 422 95 457 48 848 52 54 452 61 43 40 51 57 64 391 387 73 63 46 314 291 240 207 197 115 67 100 47 400
is_linear=0
shrinkage=0.03


Tree=25
num_leaves=63
num_cat=0
split_feature=38 38 27 27 41 26 25 16 12 27 66 40 81 49 72 54 81 8 24 59 82 26 17 73 73 33 34 25 28 27 54 50 26 26 26 27 20 82 49 15 16 24 6 41 65 20 36 25 52 26 66 0 69 20 82 72 64 64 6 74 72 15
split_gain=89.8597 49.7867 38.0442 13.7885 14.588 12.8086 12.264 11.7241 8.61717 7.9841 8.59731 7.60367 7.31472 8.5043 8.17028 7.28212 7.08587 6.90627 6.58949 6.3589 6.23069 8.95604 8.14271 6.15213 7.15437 6.10646 5.98102 7.46437 7.14769 5.74414 6.27048 7.044 5.59328 8.34942 9.52423 6.26301 7.92023 5.49353 5.48969 5.29755 4.99518 7.34554 6.59847 6.14523 5.6935 6.59353 6.42053 6.25828 5.92662 5.69881 5.43817 5.03561 4.95755 6.92923 4.95327 4.88822 4.85889 4.81047 4.75841 7.35393 4.61523 4.56141
threshold=-1.0000000180025095e-35 1.0000000180025095e-35 0.022069384653104953 0.011146695817319852 130.35500335693362 0.46417234241940269 41.006298034903985 -0.16651670780406205 20.864858577282924 0.0076511554434743508 0.25613829359744716 123.07999801635744 76.416280237301706 13.50500011444092 43.939415832700185 52.505561028872087 82.871546186078561 0.08342977785323126 11188050.000000002 2.3580000400543217 1.0067214963085045 1.3717494403918489 0.015255606030210051 -0.25148528964390943 -0.041290932795959592 75080750.000000015 67.42150271116779 48.06007328820936 0.08193378503651981 0.013753981058517802 60.222859301471949 16.045000076293949 0.96541398942025591 0.73237443228380539 0.24194134101333198 0.064168046880430263 21.118648529052738 1.1250271193784303 19.675000190734867 84.229505575271375 1.863988220286185 12445350.000000002 0.52839850891957607 127.20499801635744 0.010632361171025352 66.482311248779311 0.0083220751689827514 66.164826977871982 14.944999694824221 0.40420579457445177 0.28978878007236059 24.554634094238285 79.715000152587905 26.614782333374031 0.11973709744363557 64.08799728228324 0.025571361492142505 -0.037033056101531243 0.21096141489903703 0.0039894962874476502 67.532096416217428 60.385320146915539
decision_type=2 2 2 2 2 2 2 2 2 2 2 2 2 2 2 2 2 2 2 2 2 2 2 2 2 2 2 2 2 2 2 2 2 2 2 2 2 2 2 2 2 2 2 2 2 2 2 2 2 2 2 2 2 2 2 2 2 2 2 2 2 2
left_child=39 2 3 5 7 11 52 17 32 -8 15 58 13 14 19 23 20 -5 -14 -7 21 29 -23 -11 -25 -17 27 -12 -29 60 31 -31 33 34 35 36 -4 -10 56 -1 41 -9 43 44 -43 46 47 48 -46 51 -49 -48 53 -3 -28 -30 -26 -22 -2 -60 -6 -16
right_child=1 6 8 4 16 12 9 40 37 10 26 -13 18 -15 61 25 -18 -19 -20 -21 57 22 -24 24 38 -27 54 28 55 30 -32 -33 -34 -35 -36 -37 -38 -39 -40 -41 -42 42 -44 -45 45 -47 49 50 -50 -51 -52 -53 -54 -55 -56 -57 -58 -59 59 -61 -62 -63
leaf_value=-0.015026003106834647 -0.011079675087533616 -0.016436014172457696 -0.020672865625814739 -0.0060261241513679823 -0.014255877220520647 0.015161368971222387 -0.019432805867865072 0.040376281036752594 0.038331869850356248 -0.0094473575379275584 -0.00097328192492237523 -0.018257830679126653 0.010156875978482187 -0.012049884951167376 0.039485464265446073 0.0095878904433771006 0.032350405411268157 0.020032937598463144 0.05109231502828334 -0.021170502093923987 0.015094084153966755 0.034829182770804601 -0.0014982159304776789 0.034462098963523806 -0.010794214537282172 -0.015938027023863797 0.013653159585719291 0.0029379805690571753 0.048595997981842075 0.028778020779091234 0.03546574655207646 -0.00022213838196585825 0.045574006693134161 -0.015327574788944191 0.045584457074246611 0.034957749747564937 0.014747277808540002 0.0049580352972507496 0.027568597443789554 0.008615299783747872 -0.0016524053333287604 -0.014914080343701978 0.046523628080040146 0.043518591877267192 -0.022277543111903386 0.038228612471080843 0.038234720456338626 0.0031246670630774181 0.01339985133901965 0.00023281165774470501 0.047380403331626429 0.0070061960439339304 -0.016658502786362533 0.023679814752945411 -0.0196138921914649 0.013892617261565106 0.02173963983741059 -0.020046412772074123 0.027220273014596747 -0.011699401593487868 0.013883380669188898 0.0088778710642721838
leaf_weight=284.50200043618679 16.539720341563225 8.5684839785099012 6.7500181049108496 28.474013552069664 29.096281707286835 8.7422185093164462 18.757458403706551 17.491027325391769 41.615179732441902 20.331844702363014 12.722025543451307 43.988643571734428 8.9562501460313779 21.811830013990402 10.001597851514818 10.356676861643789 7.22382628917694 13.489302858710287 5.8512970507144919 8.6013065874576551 4.3924388736486462 14.732987478375437 8.9125224798917753 8.9435689896345121 17.565974444150932 45.450760185718536 7.539006486535075 7.5345940589904812 11.938425540924074 8.4756692647933942 5.7510584741830817 68.143613815307617 6.2694315910339347 6.904914826154708 10.452866211533545 10.54934188723564 35.899600207805634 4.9689981043338767 6.7862905561923972 8.7941894978284818 8.2378320246934873 5.5894510447978965 7.273515745997428 7.0448293387889853 10.92729757726193 10.69743353128433 16.736115619540222 6.2986397296190244 6.7970537990331641 8.0275409966707212 4.142413005232811 6.433679834008216 85.686182051897049 7.0749730765819541 8.649819076061247 5.2635870277881613 5.402072310447692 17.373247474431992 10.613965183496477 7.4267709702253333 6.3995608091354361 7.79931816458702
leaf_count=678 44 22 15 79 73 32 46 80 188 56 39 105 30 56 45 36 31 51 29 18 16 64 26 39 48 116 27 24 58 35 25 205 30 17 50 46 128 16 28 29 25 14 35 33 24 48 75 20 24 24 20 21 220 28 21 19 21 40 43 19 23 26
internal_value=8.50198e-05 0.00482866 0.00974034 0.00590998 0.00935685 -0.00161417 -0.00541614 0.0159346 0.0245916 -0.000866495 0.0012005 -0.00998313 0.00754841 0.00266483 0.0117973 -0.00343136 0.00327448 0.00235068 0.0263328 -0.00285697 0.00198809 0.00428644 0.0211366 0.00391411 0.0109342 -0.011201 0.0111154 0.0177006 0.0273045 0.000906076 0.00525361 0.00298588 0.0184187 0.0160057 0.0194048 0.0142608 0.00914145 0.034772 0.00386218 -0.0143171 0.0208615 0.0225874 0.019129 0.0167195 0.0142238 0.0165485 0.0126416 0.00225797 -0.00859574 0.0220161 0.0206828 0.0295633 -0.0138232 0.00170693 -0.00412169 0.0379772 -0.00314227 -0.0129549 0.000542836 0.0111983 -0.00918264 0.026075
internal_weight=1183.77 890.476 601.905 478.494 328.161 150.333 288.572 157.66 123.41 187.242 168.485 78.5691 71.7638 56.9563 35.1444 114.837 170.501 41.9633 14.8075 17.3435 163.277 141.512 23.6455 59.0298 38.6979 55.8074 53.6475 37.4586 24.7366 117.866 82.3703 76.6193 76.8262 70.5567 63.6518 53.199 42.6496 46.5842 29.7543 293.296 115.697 107.459 89.968 82.6945 75.6496 70.0602 59.3627 28.1654 17.7244 31.1973 10.4411 23.1698 101.33 15.6435 16.1888 17.202 22.968 21.7657 34.5805 18.0407 35.4958 17.8009
internal_count=3603 2896 2048 1558 1111 447 848 573 490 578 532 211 236 177 121 344 538 130 59 50 507 451 90 192 136 152 188 140 101 361 265 240 286 256 239 189 143 204 97 707 443 418 338 303 270 256 208 88 48 120 40 96 270 50 48 77 69 56 106 62 96 71
is_linear=0
shrinkage=0.03


Tree=26
num_leaves=63
num_cat=0
split_feature=38 38 27 26 59 56 7 73 63 16 28 7 64 54 54 36 49 25 20 36 56 27 26 25 7 45 44 81 45 28 54 27 51 83 15 67 84 59 73 59 84 73 16 28 24 1 54 66 65 27 25 5 26 7 74 83 4 69 22 24 68 47
split_gain=284.944 70.9652 20.3758 18.2503 19.4405 15.9531 13.8169 13.5206 12.9277 12.2709 11.9996 11.8004 11.015 14.1609 10.1396 9.88771 8.31284 8.11125 7.94114 10.1335 11.4063 11.4425 8.55901 6.91609 14.9455 10.6139 6.89777 7.34825 6.77972 6.63329 6.6195 6.51482 6.53051 7.34465 6.50909 6.3825 6.3435 6.26528 6.19657 6.17973 6.04355 8.73055 5.85571 10.0583 8.79617 6.81308 5.20508 5.15465 4.92844 12.3386 6.67715 6.59213 4.76584 10.0747 10.5738 4.62366 4.53772 4.38233 7.1129 4.20188 4.14145 4.07965
threshold=1.0000000180025095e-35 -1.0000000180025095e-35 0.019676554653882055 0.70899898908537839 1.8575000166893008 0.15205460373162613 0.012330684321460552 0.28094116941193908 28.097466417772392 0.23611568094041149 0.12107230432056856 0.0076285391959876004 0.0084879583932459517 57.620536072302592 54.296043258103531 0.0035661666987681505 12.234999656677248 41.006298034903985 88.723083496093764 0.012151553782656501 0.093232424425503765 0.014494697162808752 0.028980202498605154 50.636177687485478 0.020384421792674006 -0.21388126352506728 66.805743875510686 52.490487448692583 0.94537270464557832 0.076917484876305217 33.316152361175568 0.014218031616215002 13.994999885559084 0.0063242437770908511 49.446056524003858 90.045001983642592 0.022852545560524153 3.5744999647140507 0.56082328514814617 2.2894999980926518 0.028559273342405555 0.32896233469060837 0.36384390764071389 0.10215552727636386 18525800.000000004 28.106117759069701 53.186822284275017 0.25037225908102684 0.026703901495827253 0.008388142178128952 17.003365889400765 25.236128589358859 0.21499169226688508 0.011394592028054351 0.0033528902347309503 0.0059811502568938007 108274250.00000001 79.715000152587905 25.579344866969869 70969350.000000015 100.7050018310547 0.11881204382592611
decision_type=2 2 2 2 2 2 2 2 2 2 2 2 2 2 2 2 2 2 2 2 2 2 2 2 2 2 2 2 2 2 2 2 2 2 2 2 2 2 2 2 2 2 2 2 2 2 2 2 2 2 2 2 2 2 2 2 2 2 2 2 2 2
left_child=1 15 3 4 7 14 9 8 -3 -6 17 -11 16 -14 40 -1 -10 57 19 20 21 22 29 24 25 -4 27 -12 42 -8 -18 32 33 35 -21 -19 -27 -33 -23 -35 41 56 43 44 45 -24 -25 -16 -17 -50 -51 -52 -13 54 -54 -53 -5 58 -2 60 -26 -20
right_child=10 2 23 5 6 -7 18 -9 12 11 26 52 13 -15 47 48 30 31 61 34 -22 38 28 46 59 36 -28 -29 -30 -31 -32 37 -34 39 -36 -37 -38 -39 -40 -41 -42 -43 -44 -45 -46 -47 -48 -49 49 50 51 55 53 -55 -56 -57 -58 -59 -60 -61 -62 -63
leaf_value=0.0021087825081075838 0.037314063813010605 -0.022213830319256306 0.032488581140323013 0.000623964463015309 -0.013139587611195222 0.033112627845395745 0.0079460856431703107 -0.010694106284445726 -0.029854349821604623 -0.014991920390918323 0.013339114143326374 0.029577854885822784 -0.024529917198398987 0.031149181759171293 0.019185687562620984 -0.025048562333106972 -0.013175130513891903 0.0068840284461126576 -0.028124131489845876 0.029659529389907957 -0.026085305739562827 -0.026390141214293401 -0.022349331883204222 -0.021387902958608755 -0.026379221217269152 -0.028482447523890817 0.0274291309046369 -0.025234628953560805 -0.016465627052164804 -0.025201381055177177 0.037241454058762308 0.016649877727515128 0.032697028885584907 0.020066703984571804 -0.010790840944272066 0.037101181057594287 0.011049637869267782 -0.019800341976582161 0.0092616419349457833 -0.010814651783966872 -0.02618999541727245 0.020491697736335662 0.030704719367538432 -0.028608174039895302 0.032845937031336758 0.021754675009858716 0.013078579249126216 -0.019147724734387771 0.056752954841697262 0.058736791318383906 0.033221033445025382 0.015365439963713416 -0.029258027702653785 0.03470421302267708 0.019442112454425012 -0.022387132307333371 -0.028428394178213547 0.034282680647751224 -0.0011923694656670305 0.00064319473362762548 0.0072077868085419026 -0.0051878852604585208
leaf_weight=15.452426776289938 8.573879152536394 5.6637417972087851 11.915105253458025 7.5077027827501359 16.997998490929604 6.7522218376398078 9.3992046564817446 14.300806671380995 1.8721697777509678 9.6896722316741926 8.8745032548904472 27.984565883874893 8.0855322629213351 8.3632718920707685 10.532182440161703 196.64774298667908 2.4733037799596778 8.9403972923755664 18.693661332130436 13.014011964201929 20.391107067465782 20.329941183328632 6.8767498135566765 67.579441353678703 28.422617584466934 6.2628398686647406 8.0938397496938688 8.9043659865856153 7.0555861145257941 12.877442330121992 44.763616591691971 58.829404130578041 61.211273849010468 12.593811869621279 4.9390767216682425 21.230030626058578 8.7671839296817762 4.574054703116416 5.5952105820178977 10.862126678228377 44.877240031957626 7.0331040769815436 14.750860512256621 5.6122005581855765 13.195095777511595 5.8204075843095779 4.187816619873046 4.5085620433092108 2.0419265031814566 1.0054859817028035 2.1017513871192923 3.0551202148199073 7.4500992298126283 10.516044422984121 8.695941820740698 65.860334694385529 13.60988789796829 100.5315192937851 8.6965937316417676 9.071941524744032 3.738710790872573 11.137839391827582
leaf_count=33 18 20 31 25 57 17 31 53 10 45 26 70 31 20 34 488 9 29 67 36 87 85 26 320 142 29 22 39 21 39 103 176 142 36 20 47 32 23 21 41 180 20 39 21 36 16 16 19 4 2 6 8 28 26 28 166 58 217 32 32 16 32
internal_value=-2.56224e-06 -0.00903764 -0.00292957 0.00029743 0.00357282 -0.0113278 -0.000635766 0.0159257 0.0212708 0.00953046 0.0240639 0.01552 0.0250276 0.00377971 -0.0147351 -0.0212321 0.0321444 0.0257762 -0.0055086 -0.00251128 -0.00561027 -0.00149739 0.00440132 -0.0128764 -0.00603396 0.0113415 0.00447138 -0.00598015 0.010927 -0.0112154 0.0346017 0.0217392 0.0260009 0.0183576 0.0185312 0.0281469 -0.00542293 0.0140203 -0.0186957 0.00576597 -0.0193547 -0.00845814 0.0151053 0.00780146 0.0156933 -0.00213195 -0.0193767 0.007695 -0.0225644 -0.0159687 -0.0180304 -0.0191173 0.0209302 0.0118537 -0.00302909 -0.0207135 -0.0180997 0.0318844 0.017924 -0.0173885 -0.0224748 -0.0195607
internal_weight=1179.39 857.477 571.312 431.366 336.545 94.8209 251.023 85.5224 71.2216 81.3343 321.916 64.3363 65.5579 16.4488 88.0687 286.165 49.1091 296.043 169.688 139.857 121.904 101.513 75.5875 139.946 68.1784 26.9451 25.8727 17.7789 53.3109 22.2766 47.2369 178.241 114.838 53.6264 17.9531 30.1704 15.03 63.4035 25.9252 23.4559 73.0279 28.1507 46.2553 31.5045 25.8923 12.6972 71.7673 15.0407 270.712 74.0646 72.0227 71.0172 54.6467 26.6621 16.146 68.9155 21.1176 117.802 17.2705 41.2333 32.1613 29.8315
internal_count=3603 2755 2048 1430 1077 353 831 246 193 254 848 197 173 51 336 707 122 761 577 478 422 335 229 618 282 92 87 65 159 70 112 494 295 153 56 76 61 199 106 77 283 103 138 99 78 42 336 53 674 186 182 180 152 82 56 174 83 267 50 190 158 99
is_linear=0
shrinkage=0.03


Tree=27
num_leaves=63
num_cat=0
split_feature=38 38 67 79 23 27 20 65 46 15 76 65 58 48 8 84 63 41 59 36 20 58 75 75 24 7 34 26 46 10 44 55 85 27 72 36 39 68 18 35 8 47 72 25 72 88 25 17 80 8 19 81 75 85 59 64 45 17 76 82 40 39
split_gain=451.691 47.3248 16.9241 18.555 18.1658 20.7228 14.3911 13.3797 11.1862 9.97655 8.72083 8.68904 9.51792 8.229 8.87033 8.0539 8.02366 10.5439 9.28 6.40636 6.3513 6.34681 6.7344 7.89192 6.95412 7.87431 6.70097 6.60659 6.5983 6.46752 6.34778 6.10617 9.67337 6.0172 6.74715 5.56565 5.49289 4.89175 4.83901 4.45597 6.24615 4.2454 8.06585 4.15671 3.96214 3.82467 3.73606 3.59693 3.29127 3.27832 3.27261 4.9312 3.16322 3.18426 2.87481 2.89808 3.33346 9.77409 3.71634 2.82663 2.53775 5.21868
threshold=-1.0000000180025095e-35 1.0000000180025095e-35 75.665000915527358 9.7799405244761868 134.95282305939293 0.0081626452520557526 51.546981811523445 0.010038498851727152 0.0085254780769624516 39.404737295218268 74.53998184204103 0.019089972820296303 2.2734999656677251 1.0000000180025095e-35 -0.0060440395702609992 0.046507689871344057 48.835267044509443 179.46499633789065 1.6424999833106997 0.0042818810866683005 141.85157775878909 1.9564999938011172 1.0829484088326622 1.1293504206532208 14023550.000000002 0.020745989502808704 66.883288392343033 0.10300438369655036 0.012335064870074601 94.005786895751967 48.465501288576597 -0.68328038439136296 35.083583831787116 0.011206114948819403 59.937809891990184 0.006032680206981951 131.74500274658206 73.139999389648452 0.038391545778402057 3.5899612063981299 0.1188018415307792 0.099875973791567763 65.314035660752936 50.636177687485478 60.506121190412273 15.827871133256416 32.95221812096122 0.023109035586330404 27300100.000000004 0.065393460463919015 -1.0000000180025095e-35 72.373770830406343 1.0507978275409615 34.192070007324226 0.67649999260902416 -0.070790084795287242 1.5829815594156857 0.015040354119739701 8.3552832603454608 -0.1484568585247156 114.20000076293947 114.40499877929689
decision_type=2 2 2 2 2 2 2 2 2 2 2 2 2 2 2 2 2 2 2 2 2 2 2 2 2 2 2 2 2 2 2 2 2 2 2 2 2 2 2 2 2 2 2 2 2 2 2 2 2 2 2 2 2 2 2 2 2 2 2 2 2 2
left_child=13 2 3 49 5 6 8 -7 -4 11 31 -9 38 14 -1 16 18 50 -11 44 -12 26 30 -24 25 29 27 28 -20 -25 -23 -6 -33 -14 -35 -8 -32 -21 45 -3 -41 42 -39 48 -16 -13 -5 -45 -17 -2 51 -18 -43 54 -54 -56 58 -58 -57 -36 -60 -62
right_child=1 39 4 46 10 7 35 9 -10 15 20 12 33 -15 19 43 17 -19 21 37 -22 22 23 24 -26 -27 -28 -29 -30 -31 36 32 -34 34 59 -37 -38 41 -40 40 -42 52 -44 47 -46 -47 -48 -49 -50 -51 -52 -53 53 -55 55 56 57 -59 60 -61 61 -63
leaf_value=-0.028898629222469007 -0.027365462007257327 -0.023826207309962221 -0.027729448745755812 -0.00072590306072589867 0.042431104168334864 0.018153673441202264 0.014806078466902649 -0.024132177998721856 0.01600624399136202 -0.02743768046197103 -0.028423990877708985 -0.027679847489243892 0.04284926634201644 0.035102906068765795 -0.0089578998592364876 -0.028060514986904511 -0.02069530820722525 0.023178255793606793 0.024341437321959661 -0.03104095373882183 0.010409669172815947 0.026502624181327185 -0.025220009933047474 0.0079373339552124157 -0.02164015507809585 0.031603322966664876 0.030231599486798669 -0.027684587270499758 -0.01799610197973214 -0.028504601005234054 -0.027793689043127279 -0.014152768996484552 0.035794815285260899 -0.015161042728251719 0.0074152741677532222 0.047089999338738246 0.015245576311853016 0.028522265260273905 0.016878016327173027 0.0080447098658695398 -0.027347452441923138 -0.031154994478055295 -0.0077775506512162522 -0.0048309414501468122 0.01988965608450426 -0.0001771585852490493 0.033076779092240792 0.022318011043059412 0.0050812624301877279 0.0040233714706889041 -0.023350605965519293 0.011176377356513249 -0.030383290068674663 0.016416790188401503 0.040858134369012145 0.0036164555656928755 -0.0047240093209791646 0.04163779912886946 0.041302516533314147 0.033054453302181812 -0.012772116667095936 0.030960584247941094
leaf_weight=2.6907896548509589 8.4943983256816846 245.38616140186787 11.121332034468653 3.4427510797977474 8.8589491695165616 12.682866051793097 11.202461034059526 13.218572452664374 9.9920394867658597 26.485201507806778 6.6296258121728888 12.17140275239945 5.5313253849744823 112.89509792625904 6.9937803447246578 6.4544432461261767 13.621470078825952 4.8025967478752127 8.6391104906797462 1.285015583038329 8.8507962077856046 7.328831851482394 37.743367284536362 11.083411857485777 16.022208124399185 6.6647612005472174 6.9563387781381598 6.9412619471549979 5.3738170415163031 7.2502633035182944 6.3068501353263837 7.0452626198530215 6.9148560464382172 7.5930761694908169 8.3230433911085147 8.4170628786087018 4.6265287101268768 15.76918984949589 4.580794930458068 9.6706206649541873 8.3740525692701322 0.77908055484294791 8.4672785550355893 8.4736229330301303 11.063668265938757 7.2683761417865744 20.262640208005905 9.118244454264639 4.6323420107364655 4.6252168267965308 155.27373388409615 6.4320952743291846 0.69338963925838371 15.562067046761511 22.540174916386604 4.3521554619073859 8.9021504074335116 7.5750838369131079 21.171245142817497 7.2330775856971696 2.5137851387262335 106.43539915978909
leaf_count=10 46 796 36 10 15 30 33 58 25 111 23 54 10 200 18 26 44 12 23 5 29 21 163 36 75 17 18 23 23 30 32 27 15 25 28 13 16 34 15 23 29 4 27 31 22 25 41 30 16 18 687 21 2 37 37 12 31 13 35 17 7 213
internal_value=-0.000100114 -0.0122981 -0.00732572 0.0123253 -0.00872309 -0.0103109 0.0101581 -0.0122109 -0.00703125 -0.0131146 0.0111593 -0.00238428 0.00307056 0.0284379 0.0252602 -0.0150782 -0.0163975 -0.0206764 -0.0113073 0.0258827 -0.00622118 -0.00788786 -0.0115144 -0.0153201 -0.0062112 0.00367765 0.00471922 -0.00375034 0.00810542 -0.00647405 0.00489956 0.0229501 0.0105877 0.0147381 0.00802119 0.0286564 -0.00958135 0.0273175 -0.0108605 -0.0227682 -0.00837985 0.0276667 0.0158405 0.00017395 0.00871679 -0.0173968 0.0281676 0.00924095 -0.014213 -0.0162996 -0.0218776 -0.0104726 0.0291711 0.0294188 0.0305804 0.0308241 0.0293258 0.0165899 0.0308863 0.0193366 0.0317984 0.0299515
internal_weight=1167.81 818.121 554.69 36.825 517.865 479.566 40.7329 438.833 21.1134 426.15 38.2995 65.9197 52.7011 349.689 236.794 360.231 331.552 180.13 151.422 234.103 15.4804 124.937 97.0262 78.764 41.0206 24.9984 27.9105 20.9542 14.0129 18.3337 18.2622 22.8191 13.9601 28.6805 23.1492 19.6195 10.9334 216.046 24.0206 263.431 18.0447 214.761 24.2365 28.6787 18.0574 19.4398 23.7054 17.5919 11.0868 13.1196 175.327 20.0536 190.525 189.745 174.183 173.49 150.95 16.4772 134.473 15.5561 130.12 108.949
internal_count=3603 2896 2048 115 1933 1824 107 1717 61 1687 109 232 174 707 507 1455 1352 764 588 497 52 477 390 321 158 83 87 69 46 66 69 57 42 80 70 46 48 457 94 848 52 452 61 103 40 79 51 61 42 64 752 65 391 387 350 348 311 44 267 45 255 220
is_linear=0
shrinkage=0.03


Tree=28
num_leaves=63
num_cat=0
split_feature=38 38 27 25 5 26 56 82 27 5 25 73 49 27 27 66 64 44 27 65 35 17 24 64 54 46 45 6 60 5 64 44 33 81 25 44 27 34 25 28 26 18 75 44 44 54 83 83 26 15 80 12 17 43 25 83 45 43 64 27 36 74
split_gain=84.8321 46.5105 35.7474 11.6508 11.255 10.2265 13.4453 11.1098 8.25936 9.49727 8.40334 8.05476 8.56588 11.8789 7.64736 8.12835 7.04235 8.37792 7.1787 7.42838 7.32135 7.29084 7.00696 7.55952 6.96332 8.10902 6.75112 6.54261 8.01779 7.69453 7.50736 6.26779 5.89297 5.85785 7.18366 5.71866 5.87972 5.692 7.03452 6.787 5.63101 5.47491 5.45838 6.40074 6.04859 5.22923 5.22861 5.22322 5.15844 5.1179 5.09969 5.08325 4.9908 6.14049 4.9688 4.84228 7.83666 4.70597 4.54642 4.47741 13.5989 4.40313
threshold=-1.0000000180025095e-35 1.0000000180025095e-35 0.016754355592427904 41.006298034903985 85.13408381942007 0.52825086382352648 0.060849183250846456 0.90198202915856751 0.0076511554434743508 74.184915944704485 79.421576251217616 -0.020548106372814297 24.770000457763675 0.029877690359507252 0.0076511554434743508 0.25613829359744716 0.021459713480631051 39.170899966480071 0.010689083930237051 0.011961718375213251 2.7054339927136088 0.010452773730125701 12553800.000000002 -0.055210194837980044 52.505561028872087 0.0071398591880472003 2.345264652295413 0.076111979824081466 1.9829999804496767 64.132784360780747 -0.049733636689395837 59.972148505453283 75080750.000000015 53.701116761609114 61.369796543889017 72.204525716027277 0.020644621040291956 67.42150271116779 48.06007328820936 0.090730556945185517 0.34410045837575259 0.021991950681017055 1.135261837443114 46.452662661535719 72.204525716027277 58.283604674635676 0.018841611310371802 0.0067106668025078012 0.10300438369655036 84.229505575271375 16659300.000000002 144.47603585105654 0.012482477723101102 10915400.000000002 72.627388491802733 0.022904785441183153 -2.11405151549237 12149350.000000002 0.023422450518860004 0.01212651825906485 0.0059350915939501503 0.004182954283559151
decision_type=2 2 2 2 2 2 2 2 2 2 2 2 2 2 2 2 2 2 2 2 2 2 2 2 2 2 2 2 2 2 2 2 2 2 2 2 2 2 2 2 2 2 2 2 2 2 2 2 2 2 2 2 2 2 2 2 2 2 2 2 2 2
left_child=49 2 4 -3 5 6 -2 8 -7 10 42 12 35 45 -5 24 18 -18 48 -20 21 -21 -23 -24 25 47 -15 28 51 31 57 -29 -26 41 -35 -4 -37 38 -17 -40 -6 -25 43 -10 54 -14 58 -16 -8 59 -39 -13 -27 -54 -45 -48 -57 -30 -32 -1 -61 -34
right_child=1 3 11 14 40 7 16 -9 9 -11 -12 27 13 26 15 37 17 -19 19 20 -22 22 23 33 32 52 -28 29 30 -31 46 -33 61 34 -36 36 -38 50 39 -41 -42 -43 -44 44 -46 -47 55 -49 -50 -51 -52 -53 53 -55 -56 56 -58 -59 -60 60 -62 -63
leaf_value=-0.019381341731683394 -0.011048822100970926 -0.013486799974290432 0.042328659653947512 -0.019095805384898124 0.0083046050739893629 -0.017687306215485869 -0.016736683137875089 -0.017278923279457976 0.026590454701535645 0.035841366453302582 -0.0066332579369649293 0.046310642345756318 -0.0090682789776621066 0.03966259996634925 0.0022534637165661626 -0.00093920158545703568 0.01721766640617264 -0.016104794205801326 -0.019326280930857566 0.035527210486313417 -0.010850753015665878 0.034846655093263887 -0.016012117412059681 0.0076929131659336548 0.0094390655126571493 -0.015458908689979218 0.003076265877767795 -0.015743933939451348 -0.014065915848671255 0.01668750009396696 0.043074412929462548 0.018408162535685179 -0.022414493785761071 -0.006701066678462971 0.03286041814846194 0.0026655508600198553 0.044640558994470274 -0.016695137278582548 0.0079570163792024966 0.039720342349078612 0.039253984993585081 0.044535894956467981 0.031324884820860044 -0.0054710075075518096 0.033914833664458056 0.020848962056621418 -0.012692596520135243 0.035598322657617379 0.010524983644468005 0.0085476940517844185 0.018448236686875501 0.012347942547388926 0.02427520220893228 -0.0066349265558113884 0.022742507502408974 -0.0033072553622285855 0.037357421167473995 0.019739489792592008 0.010395561309578912 0.026558627579977238 -0.013513671110908268 -0.0026581109683229127
leaf_weight=110.77104789018631 80.827179461717606 100.27937024831772 31.082556918263435 18.539568588137627 9.7835197299718875 7.7403800487518302 15.857496082782747 12.713160797953604 17.112893536686897 15.860770508646963 19.76489169895649 13.709937393665315 14.918794572353365 19.607192382216457 7.449330702424052 12.710272714495657 9.1477304548025113 26.35267385840416 6.3528794944286338 15.878598392009733 9.1920184791088086 10.304434478282927 9.7217688858508975 6.477739214897162 10.3720196634531 17.561942875385284 5.9066481739282599 17.619094938039783 11.137505561113359 28.09816800057888 12.567301988601686 6.6662843078374854 29.615260884165764 15.66610808670521 5.6102025210857382 7.9648489058017713 4.8215751051902771 10.346651256084444 10.377509251236917 14.533190593123434 11.52165527641773 8.2573001235723478 15.334991604089735 28.203071892261505 5.5235034227371207 8.120197653770445 5.6087084710598019 9.7766417562961561 10.30704529583454 8.8007898330688459 5.7990391105413428 5.5807300060987464 9.5458428859710711 14.678487643599508 7.0154237002134314 7.6430409699678465 9.6508456468582118 5.5543964058160773 5.5121584534645072 7.9965404570102683 162.64235182106495 15.449289306998251
leaf_count=248 214 270 145 46 33 18 39 30 69 70 54 66 40 90 24 39 34 64 15 70 25 45 23 21 36 45 18 43 28 103 59 25 69 44 24 25 23 26 35 66 52 39 65 79 24 31 14 43 35 29 22 20 38 42 27 22 43 21 19 32 398 47
internal_value=0.000103671 0.00469956 0.00943572 -0.00523854 0.00385621 0.00259971 -0.00119547 0.00935084 0.0122554 0.0143854 0.0107243 0.0190094 0.0257732 0.0170917 -0.000809578 0.00120581 0.00414511 -0.00751828 0.00778914 0.0119135 0.0143604 0.0175828 0.0124981 0.00746257 -0.00331421 0.00385796 0.0311926 0.0141766 0.0197429 0.00599823 0.0141429 -0.00636926 -0.010949 0.0137999 0.00373063 0.0353815 0.0184937 0.0108272 0.0172218 0.0264881 0.0250418 0.0283392 0.0154118 0.0111938 0.00472676 0.00147619 0.0210506 0.0211784 -0.00599745 -0.0139801 -0.00407271 0.0364853 -0.00328222 0.00554552 0.000149044 0.0115299 0.0193856 -0.00281683 0.0331111 -0.0146847 -0.0116358 -0.0156415
internal_weight=1179.54 889.332 602.297 287.034 380.527 359.222 229.953 129.269 116.556 108.816 92.9548 221.77 92.4218 48.5528 186.755 168.215 149.126 35.5004 113.626 87.461 81.1082 71.9162 56.0376 45.7331 114.449 59.0122 25.5138 129.348 76.9646 52.3835 57.674 24.2854 55.4366 36.0113 21.2763 43.869 12.7864 53.7667 37.621 24.9107 21.3052 14.735 73.1899 57.8549 40.742 23.039 40.9821 17.226 26.1645 290.211 16.1457 19.2907 41.7863 24.2243 35.2185 22.9026 17.2939 16.6919 18.0795 281.41 170.639 45.0646
internal_count=3603 2896 2048 848 1213 1128 692 436 406 388 318 835 372 179 578 532 478 98 380 306 291 266 196 151 344 192 108 463 292 171 206 68 152 128 68 193 48 188 140 101 85 60 264 199 130 71 157 67 74 707 48 86 125 80 106 79 65 49 78 678 430 116
is_linear=0
shrinkage=0.03


Tree=29
num_leaves=63
num_cat=0
split_feature=38 38 27 48 28 58 21 46 50 16 16 8 64 73 68 21 35 18 15 17 25 5 25 27 89 34 7 25 64 44 81 7 15 66 27 74 54 86 34 55 73 46 66 27 19 89 25 65 44 44 54 55 8 89 28 9 80 67 44 74 55 25
split_gain=266.878 68.1603 19.2728 13.8901 11.2625 10.6477 13.9715 12.1361 10.4844 10.0014 14.404 9.63428 10.3574 11.9852 8.65559 10.1975 8.33262 7.65041 7.59074 7.53289 8.17479 7.51193 7.48596 7.48541 6.97839 6.83352 9.32701 6.62985 6.57194 6.53688 7.07027 6.45496 6.24285 8.25937 7.69379 12.4694 9.06186 6.59341 6.06887 6.02791 6.02204 6.08712 6.57482 5.88648 5.63298 5.43699 5.42967 5.40031 6.37721 5.28274 4.67086 5.99187 4.36355 4.28772 7.051 4.10545 6.15889 4.06732 4.04368 5.19878 6.20197 3.91578
threshold=1.0000000180025095e-35 -1.0000000180025095e-35 0.019676554653882055 1.0000000180025095e-35 0.12107230432056856 2.2325000762939458 143.02209299925542 0.0095945605994470027 16.224999427795414 0.36384390764071389 -0.19316091742345512 0.089077409477606312 -0.018569391866750998 0.1342240721765933 79.924999237060561 39.623770669834457 1.9240025077348408 0.053503697509506211 59.484180321183665 0.010044304006819452 69.544191960566977 46.273395355462718 41.006298034903985 0.0094668813756386503 69798100.000000015 58.554354447301954 0.015676135585198304 58.677505712991298 -0.00097583130459394992 66.805743875510686 52.490487448692583 0.016069868009718553 56.485376558322258 0.31781068874883961 0.015336580622783551 0.0029433543876168007 41.749306713999324 23.955072181392818 85.514072505845078 -0.21617179737421557 0.23754783276381627 0.0090416621226761026 0.17902956734287259 0.009791510350126301 -1.0000000180025095e-35 26858924.500000004 60.020274857468472 0.017734540905673203 41.818787337135227 65.131304082599556 50.399287838208146 0.010627383174819302 0.0097140382553217528 77914298.500000015 0.075817121213317615 -1.0000000180025095e-35 14634300.000000002 80.18500137329103 47.495389151699342 0.0051937922424960007 1.9638297247851553 59.071518554147211
decision_type=2 2 2 2 2 2 2 2 2 2 2 2 2 2 2 2 2 2 2 2 2 2 2 2 2 2 2 2 2 2 2 2 2 2 2 2 2 2 2 2 2 2 2 2 2 2 2 2 2 2 2 2 2 2 2 2 2 2 2 2 2 2
left_child=1 43 3 5 22 6 7 9 16 10 57 14 13 -13 -7 21 -9 -11 -10 -12 28 -16 53 39 49 26 -4 -20 -21 30 -6 50 33 37 35 46 -36 47 -27 -17 41 42 -33 45 -28 -1 -34 48 -24 -25 -5 -52 -45 -2 -55 -47 -57 -3 59 -46 -61 -49
right_child=4 2 25 31 29 11 -8 8 18 17 19 12 -14 -15 15 23 -18 -19 27 20 -22 -23 32 24 -26 38 44 -29 -30 -31 -32 40 34 -35 36 -37 -38 -39 -40 -41 -42 -43 -44 52 58 55 -48 61 -50 -51 51 -53 -54 54 -56 56 -58 -59 -60 60 -62 -63
leaf_value=0.014310627381801439 0.035902141292662108 0.045379093508806603 0.017255674193319529 -0.023307363424647957 0.012857353205357429 -0.011600544274010747 -0.023943283058048607 0.024359745055390378 -0.024199180767498458 0.031121925757016933 -0.024928954139242471 -0.019522434556076475 -0.021997876690099241 0.025149697236894617 -0.0067866183993805541 -0.00074310662438044437 -0.015686991769517232 4.0916363972443309e-05 0.024921166955954029 -0.0021137486416495624 -0.022368077921041757 0.032006192058932292 0.024233959663007693 -0.024173790786058861 0.0096177802355374899 -0.023374282039221171 0.013621578813907208 -0.020478323464456469 0.037230550069796302 0.02645503395813056 -0.025003509691848697 0.037534193934543943 -0.012923423274153909 -0.01179911344526182 0.027296573425755206 0.036710183054455468 -0.015112455098993158 -0.0081335120736147695 0.015391850000354689 0.031342786418948193 -0.019667368783791942 -0.020912467636067387 0.00078260102782951144 -0.0070654602071669077 -0.027988488390485941 -0.025446320371280137 0.021881835617642873 0.03221520183924298 -0.0094373290982268411 0.0087596991545395176 0.012049344151380575 -0.023076833661559399 -0.024147439996158131 0.030418872986562165 0.004766751003038216 -0.023937397414014832 0.0041206607097363547 0.01740163982678879 -0.020079425862613669 0.016746868373884723 -0.020743326255560718 0.012587758693216293
leaf_weight=6.1918016076087943 64.540905341506004 7.1740992069244411 12.086536809802054 35.283946946263313 8.9137520343065315 28.390096262097359 11.322945177555082 17.936654761433605 19.008652806282047 42.945355460047722 11.120387196540831 10.187735944986345 36.45614230632782 11.51429697871208 5.7945056110620525 10.626798614859583 6.3251664638519278 8.5458215028047544 7.0587097406387311 7.67838482558727 6.6563698649406424 19.994318708777428 10.772241622209551 19.145225748419765 14.399046704173086 52.089999675750732 7.331280678510665 4.9077861309051514 7.6057990789413497 8.1500586867332441 8.8430447429418546 7.6773908883333268 6.9285492897033718 9.2194254696369153 10.401168271899225 60.381090596318245 8.0397885292768461 7.6231288313865653 3.9071175456047049 10.453202053904532 9.8533797711133939 4.9895385652780524 10.203531593084334 14.374903023242949 6.2250185012817409 21.359141990542412 9.6555050611495954 34.06561116874218 9.5506711304187757 5.6852693259716025 9.3494878411293048 8.2073061466217023 211.18253587186337 41.406006813049316 12.571833476424215 12.45046988129616 16.205186948180199 13.433976113796232 39.261492684483528 11.590934261679651 6.0412065088748923 12.506781250238417
leaf_count=12 133 13 38 131 26 101 39 50 73 110 43 38 147 33 18 29 27 25 21 30 31 48 30 89 46 261 27 23 18 22 39 17 26 37 29 130 34 28 12 26 29 21 31 35 34 47 28 81 35 20 32 32 544 95 39 30 39 39 174 39 33 36
internal_value=-4.57528e-06 -0.0088292 -0.00284908 0.000286513 0.0231835 0.0029744 0.00826381 0.0105374 -0.000848639 0.0165181 0.00745599 -0.00228663 -0.0122299 0.00417895 0.00276436 0.00750105 0.0139194 0.0259635 -0.0124159 -0.0048145 0.00538034 0.0232898 0.0248347 0.00074965 -0.0069979 -0.0125802 -0.00709208 0.0063016 0.017465 0.00421163 -0.0059977 -0.0105313 0.020965 0.0149873 0.0262117 0.0303818 0.00880731 0.0183013 -0.0206694 0.0151677 -6.06177e-05 0.00838664 0.0165623 -0.0208942 -0.0112692 -0.0122078 0.00734076 0.0213137 0.00841027 -0.0166332 -0.0170156 -0.00437115 -0.0230588 0.0306838 0.0244443 -0.0154908 -0.00807016 0.0271412 -0.0141603 -0.00441929 0.0039018 0.0269444
internal_weight=1173.8 850.229 568.465 429.931 323.57 344.367 171.72 160.397 55.237 105.16 53.669 172.647 58.1582 21.702 114.488 86.0984 24.2618 51.4912 30.9751 33.0609 21.9406 25.7888 297.663 60.3095 39.2295 138.534 82.5365 11.9665 15.2842 25.9069 17.7568 85.5646 179.144 83.7379 95.4061 76.9651 18.441 74.5184 55.9971 21.08 32.7238 22.8705 17.8809 281.764 70.4499 56.2066 16.5841 66.8953 20.3229 24.8305 52.8407 17.5568 225.557 118.519 53.9778 50.0148 28.6557 20.6081 63.1187 23.8572 17.6321 46.5724
internal_count=3603 2755 2048 1430 848 1137 542 503 194 309 174 595 218 71 377 276 77 135 117 122 79 66 761 210 155 618 345 44 48 87 65 293 494 247 247 184 63 210 273 55 98 69 48 707 307 128 54 182 65 109 195 64 579 267 134 116 69 52 280 106 72 117
is_linear=0
shrinkage=0.03


Tree=30
num_leaves=63
num_cat=0
split_feature=38 38 67 79 23 27 54 59 60 7 50 7 80 73 70 39 21 76 54 67 30 15 15 46 14 21 4 43 39 56 6 13 72 16 25 63 16 36 89 74 18 44 63 8 14 6 81 18 34 67 25 8 28 44 6 83 33 80 54 28 28 45
split_gain=423.825 45.7831 16.143 17.4684 17.3528 19.7675 12.6741 8.66355 14.2149 9.17293 17.0946 11.3414 9.11514 8.77828 9.48487 9.09674 8.42739 8.26805 7.52337 7.03723 6.00655 5.99882 5.12023 5.45948 10.4677 4.91839 4.92902 8.55083 4.89285 4.60072 5.94182 4.37176 4.37157 4.49713 7.08969 4.3373 4.28611 4.11351 5.69526 4.06102 6.2205 5.60671 8.00787 10.7869 6.29042 6.04404 5.3586 3.74033 3.66256 4.04543 3.59183 3.20608 3.11142 2.90373 2.8707 2.84239 2.76543 2.52904 4.72643 2.47944 4.24994 2.64348
threshold=-1.0000000180025095e-35 1.0000000180025095e-35 75.665000915527358 9.7799405244761868 134.95282305939293 0.0081626452520557526 54.134724315092036 2.4095000028610234 2.3805000782012944 0.012386825641258701 13.75500011444092 0.013098221529920353 39755100.000000007 0.89475141040058059 86.31000137329103 174.10499572753909 51.585481990331395 74.53998184204103 44.203853679928081 98.024997711181655 437.32563333081231 82.566727438121788 46.989305869326394 0.0072962251063856511 29570150.000000004 142.24891520304115 780738000.00000012 17012050.000000004 122.39500045776369 0.052833936899516661 -0.31734035415801015 154.96059058863077 26.198664525002666 0.36991429804913262 64.201737382580305 52.732350839894387 -5.3587421545441023 0.006721868351878651 49699885.000000007 0.0035744587919964003 0.058048921102197906 61.799454270513188 48.392929021879219 0.13017975889441266 39183600.000000007 0.10351652163967182 54.724224062468757 0.032144394015816112 59.948851719903836 94.965000152587905 35.003110792220369 0.065393460463919015 1.0000000180025095e-35 8.2949471144604932 -0.18165088242006527 0.0086286504397092029 169230350.00000003 8872000.0000000019 23.757814506499482 0.07885743558813367 0.091322517628347616 0.96684551961974574
decision_type=2 2 2 2 2 2 2 2 2 2 2 2 2 2 2 2 2 2 2 2 2 2 2 2 2 2 2 2 2 2 2 2 2 2 2 2 2 2 2 2 2 2 2 2 2 2 2 2 2 2 2 2 2 2 2 2 2 2 2 2 2 2
left_child=21 2 3 51 5 6 16 12 -9 48 28 -12 39 15 -15 22 -4 18 -6 -14 -19 25 -13 24 -24 26 29 -28 -11 30 -1 -3 -32 -34 -35 -26 -31 38 -33 40 56 42 44 54 45 46 -41 -39 49 -10 -5 -2 -38 -54 -44 -47 -7 -55 -59 -25 -61 -62
right_child=1 31 4 50 17 7 -8 8 9 10 11 13 19 14 -16 -17 -18 20 -20 -21 -22 -23 23 59 35 -27 27 -29 -30 36 32 37 33 34 -36 -37 52 47 -40 41 -42 -43 43 -45 -46 55 -48 -49 -50 -51 -52 -53 53 57 -56 -57 -58 58 -60 60 61 -63
leaf_value=-0.016208628085888601 -0.027090604293646556 -0.024264381862121237 0.0012462662927256148 0.0031574345868700354 0.038547453842167463 -0.027477638310222201 -0.015852359107189878 0.030681872516635258 -0.021484004137397393 0.0078646412847734378 0.021163026354906168 -0.027631540910018036 0.019937473860406833 -0.020921020343947567 0.022210322766518478 0.026665272807838428 0.034362510861209367 -0.028779016303498287 0.0040763435970544645 -0.027145896042494285 0.0093784844385752155 0.0054612228241417626 -0.028167459723548217 -0.027773503521546051 0.030392558839941797 0.0085756706542344917 0.030607564120326076 -0.0012599166570770458 0.039861729218337388 -0.035606318663666085 -0.0063762030436227543 -0.020623880467680863 0.033638285604641306 0.00053811371512665343 0.029822892935525574 -0.003359800076457272 -0.030814951149049724 -0.0043697323144139075 0.015648780559591593 0.0043197721665336457 0.0059622657298036416 -0.023943175343077647 -0.0073928317607859185 0.019195652008809787 -0.019234642276647902 0.0055618809661991172 0.039522851842645354 -0.027346250495389492 -0.027484301471567323 0.013200207203016793 0.032911514961094124 0.0040582863340031033 -0.032863215198799291 0.014169696396593316 -0.025112588174690156 -0.02063581139275375 -0.00085232945502683813 -0.033486510818218927 0.033732881022163139 0.0063836279760946706 -0.024883533127034323 -0.0017976725224270454
leaf_weight=3.208347648382186 8.342262998223303 213.05355884134769 11.720593318343164 4.5023825019598034 12.1188310533762 61.875256463885307 12.089689716696737 8.4446887671947461 7.9054790586233121 9.4951159805059451 10.179100021719931 29.456771105527878 10.53219662606716 7.2123549282550838 12.614053726196287 4.4589345753192893 16.871113568544388 6.2453050315380088 10.755564391613005 3.9204734712839118 9.1563091576099378 10.855637684464453 7.7266561836004284 16.461732000112534 7.7137036323547346 11.211738198995588 18.352471470832828 12.907857865095137 7.8629298508167258 0.83532163500785728 3.6914290934801093 7.4122485220432273 40.99312824010849 12.093477785587313 19.336605221033096 6.1651612222194672 0.69674308598041435 9.0870030671358126 8.2118880748748762 9.3043990880250949 5.9932590872049323 41.37772499024868 10.009972915053366 6.3824983090162268 12.162777438759802 7.4717254191637021 6.6896391212940207 21.377521142363548 28.83014939725399 4.9039352685213089 19.320236414670944 4.6214390695095053 0.6065753698348989 6.3205613940954199 46.231686815619469 7.4377468824386597 3.7220796793699256 0.94568736851215263 208.9551023542881 7.4625161141157141 18.936334595084194 5.8409683108329764
leaf_count=9 46 702 38 13 22 256 33 22 34 28 28 127 32 33 33 10 36 27 35 19 25 32 38 74 21 26 38 36 15 4 12 22 76 29 40 25 2 29 22 30 20 185 39 21 54 22 15 73 120 15 38 18 3 16 213 27 15 3 381 31 92 23
internal_value=-0.00011812 -0.0120543 -0.00715988 0.012038 -0.00853454 -0.0100989 0.00989864 -0.01197 -0.00741707 -0.00908213 -0.00565631 -0.00927915 -0.0159089 -0.0117771 0.00652021 -0.0152579 0.0207872 0.010898 0.0223391 0.0071655 -0.00609426 0.0274148 -0.0171316 -0.0127324 -0.000181194 0.0281154 0.0287814 0.017449 0.0223588 0.0299714 0.0237835 -0.0224521 0.0254692 0.0270924 0.0185549 0.0153993 0.0322193 -0.0140743 -0.00155934 -0.0174341 -0.0232939 -0.0145816 -0.0109165 -0.0177644 -0.000958691 0.00623422 0.0190438 -0.0204928 -0.0215537 -0.00820556 0.0272881 -0.0159863 0.0324797 0.0326831 -0.0219588 -0.00750711 -0.0259669 0.032867 0.03343 -0.0183005 -0.0134636 -0.0194413
internal_weight=1160.68 809.668 550.526 36.7863 513.739 475.463 40.6814 434.782 201.671 193.226 151.586 134.228 233.111 124.049 19.8264 104.223 28.5917 38.276 22.8744 14.4527 15.4016 351.011 99.7638 70.3071 21.6055 340.155 328.943 31.2603 17.358 297.683 79.323 259.142 76.1146 72.4232 31.4301 13.8789 218.36 46.0887 15.6241 218.659 71.5906 147.068 105.69 62.6242 43.0663 30.9035 15.994 30.4645 41.6396 12.8094 23.8226 12.9637 217.525 216.828 56.2417 14.9095 65.5973 216.221 209.901 48.7016 32.2398 24.7773
internal_count=3603 2896 2048 115 1933 1824 107 1717 769 747 578 535 948 507 66 441 74 109 57 51 52 707 431 304 84 675 649 74 43 575 166 848 157 145 69 46 409 146 44 897 291 606 421 273 148 94 45 102 169 49 51 64 405 403 252 49 271 400 384 220 146 115
is_linear=0
shrinkage=0.03


Tree=31
num_leaves=63
num_cat=0
split_feature=38 38 36 26 73 25 73 56 83 70 18 29 28 9 64 64 26 74 55 26 6 34 55 82 26 82 39 15 18 26 33 47 52 6 58 50 69 20 1 82 26 74 61 18 25 18 81 34 85 26 45 58 83 44 56 16 84 89 64 26 47 82
split_gain=80.0841 43.4295 18.8201 16.825 12.2267 11.0498 9.77267 13.8112 9.3413 8.4043 6.98511 6.44705 8.81874 7.92924 8.01893 7.22721 9.60329 6.43824 8.18116 6.36591 6.3602 8.31765 6.2282 9.55235 6.67844 5.62239 5.58986 4.96117 4.93192 4.92563 4.83519 5.73547 4.96494 4.82444 4.79245 4.76963 4.76759 6.5256 4.69004 6.46143 9.10149 4.84614 8.0789 5.45397 4.50137 4.44213 6.31781 4.34082 4.25041 6.10665 5.79085 5.31011 5.12412 4.13657 4.09236 5.06323 6.97666 4.8824 4.03031 3.89413 3.86385 3.83322
threshold=-1.0000000180025095e-35 1.0000000180025095e-35 0.0084063213224064518 0.52825086382352648 -0.1961385196349851 41.006298034903985 0.28094116941193908 0.08644552876329116 0.010596122068587552 97.08499908447267 0.033319435744401056 264.72943115234381 0.095468185627822069 -1.0000000180025095e-35 0.061913048801407862 -0.024320312424884045 -0.5812581180760964 0.0053870442660145504 -0.88367747853372769 -0.034215083333568992 -2.1318597402025605 61.461697134570578 -0.81247030956025668 1.1082749380102543 0.333318963475497 0.034165659765969608 160.36000061035159 84.229505575271375 0.040061223348900353 0.30785387538002779 148839800.00000003 0.1213272325643646 16.32499980926514 -0.12211965567202028 3.0310000181198125 16.474999427795414 79.715000152587905 26.614782333374031 65.499726761013846 0.29548978176866575 0.66029368356850437 0.0048749042224327009 2.8545000553131108 0.034112092066269604 63.078363992889422 0.033618757668224704 55.019103441904242 85.514072505845078 14.151902198791506 0.73836112940292875 -1.905534397437961 1.6754999756813052 0.0055915728416263506 8.2949471144604932 0.046631423180954257 1.863988220286185 0.028471794483330756 46028507.000000007 0.0093569489347312528 0.22066989522856412 0.12090082067343076 0.087390107210623513
decision_type=2 2 2 2 2 2 2 2 2 2 2 2 2 2 2 2 2 2 2 2 2 2 2 2 2 2 2 2 2 2 2 2 2 2 2 2 2 2 2 2 2 2 2 2 2 2 2 2 2 2 2 2 2 2 2 2 2 2 2 2 2 2
left_child=27 2 3 6 47 36 9 10 17 25 29 12 13 -6 15 16 60 18 -5 -11 -13 -22 23 24 -7 -2 38 48 44 -8 31 35 -33 -17 58 54 37 -3 39 40 41 42 43 -24 -27 46 -18 -4 49 51 -50 -1 -53 -52 -20 56 57 -56 -14 -23 -15 -43
right_child=1 5 4 8 11 22 7 -9 -10 19 -12 20 34 14 -16 33 45 -19 30 -21 21 59 26 -25 -26 28 -28 -29 -30 -31 -32 32 -34 -35 -36 -37 -38 -39 -40 -41 -42 61 -44 -45 -46 -47 -48 -49 50 -51 53 52 -54 -55 55 -57 -58 -59 -60 -61 -62 -63
leaf_value=0.039479843454446405 -0.024725899717315446 -0.015772579660941331 0.026467135469997204 0.042244227900946313 -0.010046774529748191 0.0022861781731801649 0.0025446571829790825 0.04638098162472104 -0.013288637031893922 0.032194301022869028 -0.010826819774306417 0.025513964852949801 0.022319401287560485 0.011625386317648336 -0.010331289418887163 0.008177932026832738 -0.0058206383247811954 -0.0022134553458271478 0.037546182815428465 -0.0072551116055197904 -0.009145234960984067 0.0024577066553851386 -0.010514548546980839 -0.018413258101933418 0.033873947113153835 -0.0052624529592202691 -0.014970738770993555 0.0085253234390217578 -0.016130526079643451 0.036210818751071905 -0.0068582154460783184 0.017531506116403736 -0.016201918066068601 0.03239327217027959 0.0056602914514043458 0.051475159080149428 -0.015970746229279149 0.02331377247936426 0.02601876349918926 -0.016680231967673528 0.019271676140708006 -0.0045780382988178537 0.031234718270459014 0.015320319794591641 0.016209785361839625 -0.016394698885846885 0.031066459933865261 -0.0030397679483180253 0.068527471278878649 0.011204466070688607 0.064797075875562479 0.067206476732317041 -0.013654623259977405 -0.018068961933378317 0.025365485753480934 -0.0082731107570738205 0.035917675137447799 -0.0070550412025621283 0.042421327807543041 0.030239520674120265 0.038137064021478748 -0.025891313474930854
leaf_weight=1.7600222826004017 18.226433828473091 8.3841568380594236 71.497306227684021 11.339728474617003 16.881377458572388 10.55797800421715 9.6190185099840182 7.6842560619115821 11.463319495320318 8.2139875739812833 18.249831706285477 9.4706535637378675 37.848326310515404 10.305863499641417 12.454232364892958 10.312763720750807 12.150762915611276 16.021012842655182 9.1475581526756269 6.6717023253440848 37.558618396520615 9.6316805928945559 24.062171131372452 7.4776225835084906 14.027315542101858 51.298171043395996 29.608168303966522 8.8020488768815976 31.732201471924782 6.5914852172136298 8.1835095286369306 8.3824681341648084 7.3874040693044654 26.259185209870338 11.589330583810804 4.6235544234514228 83.791123881936073 7.0994813591241828 5.7391681671142569 21.386714085936546 20.537002488970757 23.165387898683548 7.766378015279769 10.591482773423193 10.603029340505598 12.294793814420698 6.3694579154252997 4.7875809222459784 0.70242197811603446 11.146313890814779 0.54396504163741966 0.71033230423927207 99.841277211904526 163.60361313819885 7.5210023671388688 6.79349361360073 14.090172752737997 9.412588492035864 11.767319545149801 8.5909170508384687 9.515743672847746 11.298881754279135
leaf_count=8 39 22 291 53 45 34 31 37 28 35 48 38 148 36 33 35 34 47 41 19 101 30 66 18 61 146 77 29 80 29 23 31 18 113 37 23 220 28 23 55 78 69 33 39 39 29 27 14 4 38 3 4 245 376 30 18 62 26 55 36 43 25
internal_value=0.000123851 0.0045769 0.00914361 0.0035145 0.0141375 -0.00506126 -0.00250215 0.0100126 0.0123996 -0.00666346 0.00190284 0.0108482 0.0138089 0.00896639 0.0121869 0.0154028 0.00806322 0.0152613 0.0184836 0.0145132 0.00278319 -0.00107609 -0.000751938 0.0112782 0.0203088 -0.00948154 -0.00325409 -0.0136495 -0.00651411 0.0162339 0.0149169 0.0175624 0.00172907 0.0255649 0.0230298 0.0224024 -0.0131446 0.0021491 -0.000468731 -0.00174824 0.00152975 -0.0032094 0.0035795 -0.00261842 -0.00158448 -0.002415 0.00686554 0.0246153 -0.0143508 -0.00988192 -0.0174265 -0.0121792 -0.0130834 -0.0177944 0.0195403 0.0151849 0.0203216 0.00734444 0.027087 0.0155552 0.0243528 -0.0115655
internal_weight=1175.14 888.035 602.542 283.256 319.286 285.493 168.89 42.1446 114.366 126.746 34.4603 243.001 177.749 116.544 99.6628 87.2086 50.6366 102.902 86.8815 14.8857 65.2519 55.7812 186.218 32.0629 24.5853 111.86 154.155 287.11 93.6334 16.2105 75.5418 67.3582 15.7699 36.5719 61.205 51.5884 99.2748 15.4836 124.547 118.808 97.4213 76.8843 42.42 34.6537 61.9012 30.815 18.5202 76.2849 278.308 113.458 164.85 102.312 100.552 164.148 46.9648 37.8173 31.0238 16.9336 49.6156 18.2226 19.8216 34.4643
internal_count=3603 2896 2048 903 1145 848 503 145 400 358 108 840 635 395 350 317 169 372 325 54 205 167 578 113 95 304 465 707 265 60 272 249 49 148 240 200 270 50 388 365 310 232 138 105 185 90 61 305 678 295 383 257 249 379 177 136 118 56 203 66 79 94
is_linear=0
shrinkage=0.03


Tree=32
num_leaves=63
num_cat=0
split_feature=38 38 27 26 59 7 45 73 7 58 28 48 84 36 65 20 35 25 46 74 82 45 75 48 80 63 50 88 70 82 34 45 6 19 64 60 72 72 5 25 21 60 46 44 15 47 25 72 65 34 83 20 55 47 66 89 40 64 28 27 80 81
split_gain=250.102 65.4608 18.2369 16.7829 17.4595 12.9018 12.2387 12.1139 11.017 10.6943 10.556 9.89479 9.57147 9.53292 8.57069 7.35567 9.99797 8.85239 7.35517 11.0966 7.90144 7.34815 7.32102 7.11173 7.03213 10.2495 8.08005 8.66663 6.78797 6.75447 6.64988 10.2756 11.5654 6.52552 6.51909 7.06445 6.39866 6.2882 6.03193 5.8589 5.7803 5.45743 7.42233 5.40605 5.34531 5.33935 5.02198 5.58744 5.08455 9.29715 6.4856 5.0791 6.06811 5.34242 5.62151 5.07588 5.00518 4.86561 4.70271 4.41997 4.1997 4.13017
threshold=1.0000000180025095e-35 -1.0000000180025095e-35 0.019676554653882055 0.70899898908537839 1.8575000166893008 0.012330684321460552 -0.011403737688162548 0.28094116941193908 0.0078091805458734009 1.3215000033378603 0.12107230432056856 -1.0000000180025095e-35 0.028559273342405555 0.0035661666987681505 0.013573482716747453 88.723083496093764 -3.2727602008595116 45.670787555244566 0.0064104693472837012 0.0043449630899800003 0.12250819495040942 0.56115075766479106 1.1249858761334341 -1.0000000180025095e-35 28691200.000000004 27.35075719593031 12.944999694824221 9.8467086065664073 94.255001068115249 -0.0047930589202262496 58.554354447301954 -0.21388126352506728 0.044456294294892652 -1.0000000180025095e-35 -0.0055852055404789491 2.7595000267028813 59.412033028512347 38.669276298420478 49.753669578593737 80.723457240399384 143.02209299925542 2.6369999647140507 0.0077498311296467009 21.756641704678881 38.54238214789364 0.10720179993744192 44.075715244471063 68.072691982165836 0.018045554058348803 62.984566796264467 0.0063242437770908511 114.75974655151369 -1.4078722591115047 0.12036305241510756 0.27266807257735715 62900981.000000007 116.89500045776369 0.087231243852349857 0.099541212755151307 0.011146695817319852 20169500.000000004 20.471522920710012
decision_type=2 2 2 2 2 2 2 2 2 2 2 2 2 2 2 2 2 2 2 2 2 2 2 2 2 2 2 2 2 2 2 2 2 2 2 2 2 2 2 2 2 2 2 2 2 2 2 2 2 2 2 2 2 2 2 2 2 2 2 2 2 2
left_child=1 13 3 4 7 8 9 24 -6 -5 23 45 28 -1 22 16 -7 34 58 59 29 -22 -13 43 25 -3 -27 -28 36 -21 31 32 44 -33 -18 -36 -11 -12 -39 -32 -15 42 -16 -2 -4 -10 -25 48 49 55 -51 52 -50 54 -54 -48 -30 -31 -19 -20 -17 -45
right_child=10 2 30 6 5 15 -8 -9 11 12 37 14 -14 40 41 60 17 18 19 20 21 -23 -24 46 -26 26 27 -29 56 57 39 33 -34 -35 35 -37 -38 38 -40 -41 -42 -43 -44 61 -46 -47 47 -49 51 50 -52 -53 53 -55 -56 -57 -58 -59 -60 -61 -62 -63
leaf_value=0.0024062198307092499 -0.030582102676163792 -0.029237615956008 0.0095464723634834242 0.025900918796790226 -0.015506147167085078 0.030757435112599478 -0.025438371595321588 -0.010284072373051864 -0.00015890912374363976 -0.028272675839005085 0.022055298217629304 -0.024360629497985703 -0.022312016734104729 -0.022723730625399046 0.025147735459218602 -0.0044700461807116966 -0.02372689621023498 0.030916554825937786 -0.0028413532836010632 0.016708021308793349 0.03443561954767984 -0.0098468973257388112 0.017616997613416958 0.026428942884177783 -0.0053598297166395125 -0.029535529856905343 -0.029709657457812972 0.030831437794558433 0.0035555168672785423 -0.024701546170651009 -0.023075540241258151 0.0135378918464627 0.028857870048309104 -0.019046373780569094 0.018988767432643487 -0.028213788775900063 0.01565650585583379 0.012404824613747364 -0.025147322983457468 0.014643128087692886 0.0024655562366384717 0.03823517892985951 -0.011214942015108659 -0.032896189798773331 -0.02345229810732841 0.037158236775350156 0.0020404270396335977 0.03300429754399415 -0.0048000229085779101 0.031340136369765847 -0.0012996493202418135 -0.0027807142910125453 0.025178757539850018 0.037794526092165423 -0.0033053721433842173 -0.03179640685501791 0.040480115808763824 0.0088543021843168496 0.00083239878500486291 -0.028250518390598514 -0.027910820449814498 0.035317869986387598
leaf_weight=15.361966729164122 1.1754642874002446 3.1436817198991767 8.0207947790622764 9.7620186656713468 13.519969731569288 7.6987026184797278 33.657269194722176 14.147946596145628 4.23708148300648 7.9493007212877291 10.390173569321634 11.53854361176491 23.595291659235954 253.55985680222511 10.841894239187246 11.076951757073404 28.896064698696136 10.474235162138941 9.7349112480878848 9.2769127935171145 11.952433913946154 4.698178142309188 5.5318565815687171 107.28711380064487 8.5967257320880872 2.2424429655075064 2.2130401730537406 55.447104603052139 8.0737154781818372 12.981997922062876 51.185118496417999 6.3039511293172827 12.656872913241385 45.14132584631443 8.0380845516920072 4.4241995364427558 4.7777669727802277 7.0516568571329108 8.4782663583755475 3.9956717044115058 8.472985699772833 7.4422389417886725 9.4604626297950727 0.80988852679729362 9.8353879749774915 18.594170272350311 11.460469737648966 18.401003330945969 6.4505023360252371 14.646705061197283 8.7533759325742704 7.8507906794548026 28.094670102000237 21.323161199688911 8.0146538466215116 6.1211019158363333 5.5924792587757102 5.552387833595275 8.4483912587165815 16.784972086548805 18.150343835353851 58.587593927979469
leaf_count=33 4 13 30 27 57 20 135 53 17 35 26 39 101 652 32 38 107 26 30 30 30 23 15 253 26 10 12 132 28 52 260 23 34 209 21 19 13 20 41 13 22 17 38 4 49 39 38 43 26 34 35 26 69 45 29 29 14 16 33 71 61 126
internal_value=-7.22887e-06 -0.00862505 -0.0027713 0.00027578 0.00340998 -0.00060638 -0.0109697 0.0150837 0.0092167 -0.00281952 0.0223555 0.0141579 -0.00842819 -0.0205626 0.00596841 -0.0053469 -0.00246963 -0.00441843 0.000865677 -0.00356474 0.00559609 0.0219408 -0.0107573 0.0239477 0.0200933 0.023564 0.026335 0.0285078 0.0039838 -0.00418945 -0.0122933 -0.00687274 0.00692026 -0.0150536 -0.015905 0.00223152 -0.0117816 0.00399023 -0.00809606 -0.0203443 -0.0219092 0.0162592 0.00820351 0.033127 -0.00862962 0.0302328 0.0216155 0.0176768 0.0151746 0.00674469 0.0191304 0.0199906 0.0227891 0.0258877 0.0188566 -0.00974002 0.0186658 -0.0146491 0.0174849 -0.0189233 -0.0190269 0.0343878
internal_weight=1167.98 843.088 565.693 428.554 335.146 249.355 93.4078 85.7909 81.1662 59.7506 324.897 67.6462 49.9886 277.395 44.815 168.189 138.961 131.263 89.9044 70.9818 44.4619 16.6506 17.0704 298.976 71.643 63.0463 59.9026 57.6601 26.3933 27.8113 137.139 81.9583 30.5131 51.4453 41.3583 12.4623 12.7271 25.9201 15.5299 55.1808 262.033 27.7446 20.3024 60.5729 17.8562 22.8313 238.404 131.116 112.715 40.9817 23.4001 71.7338 63.883 57.4325 36.1093 17.5816 13.6662 18.5344 18.9226 26.5199 29.2273 59.3975
internal_count=3603 2755 2048 1430 1077 831 353 246 254 218 848 197 191 707 141 577 478 458 311 252 151 53 54 761 193 167 154 144 90 98 618 345 113 232 147 40 48 87 61 273 674 87 70 134 79 56 627 374 331 136 69 195 169 143 98 67 42 68 59 101 99 130
is_linear=0
shrinkage=0.03


Tree=33
num_leaves=63
num_cat=0
split_feature=19 9 23 9 59 67 27 61 39 44 56 28 11 5 19 50 30 21 7 83 9 56 34 44 4 66 72 73 0 43 73 4 52 54 73 50 40 50 54 22 49 5 59 11 27 34 4 46 5 72 67 8 8 64 52 59 34 8 36 36 27 22
split_gain=152.673 25.0451 22.0401 17.5807 15.6047 15.4694 15.8642 21.915 24.8462 15.8068 12.8748 12.7746 11.9312 11.3371 14.5142 11.1615 10.9838 10.9123 10.5562 10.4206 9.61922 11.7047 8.94569 8.68383 8.54791 8.06473 8.00189 7.91625 19.0703 7.59382 8.23772 7.57616 7.52675 7.14254 6.50287 9.93324 6.36415 6.1472 6.05581 8.68934 11.2271 9.34998 6.72789 5.4623 13.5003 9.71838 7.09339 5.41984 5.32757 5.31261 5.24794 5.07513 5.04067 6.83259 4.90232 4.86771 4.67331 4.57037 4.50441 4.14484 4.12895 4.09477
threshold=-1.0000000180025095e-35 -1.0000000180025095e-35 134.95282305939293 -1.0000000180025095e-35 1.6355000138282778 75.044998168945327 0.010689083930237051 2.5850000381469731 122.39500045776369 68.662444308599376 0.11432352395637531 0.12634489791211487 285.90661676119709 47.473159346276042 1.0000000180025095e-35 12.994999885559084 437.32563333081231 93.506583589601419 0.0064911045483305512 0.0088804741246118011 1.0000000180025095e-35 0.0833946040436465 40.889633671069845 71.501306105378717 675969000.00000012 0.28732032996415308 39.147014348459756 -0.062781061979080691 43.632602691650398 28183350.000000004 -1.0908808933850762 139192600.00000003 10.365000247955324 44.378803152774942 0.39352162755886871 13.704999923706056 120.54500198364259 16.914999961853031 45.05521370290294 87.380948061599497 24.515000343322757 75.430577908992362 3.7684999704360966 21.243209205818754 0.016510429437750055 73.437412349416817 134194800.00000001 0.010477201871803002 43.261200686654604 51.744659762809611 96.604999542236342 0.037199549075325862 0.078004239389212818 -0.0031757860535087993 17.554999351501468 0.72499999403953563 37.926204776626911 0.088736919783098459 0.0055605278414379003 0.0091691694871921022 0.013896103119342902 38.168170370316965
decision_type=2 2 2 2 2 2 2 2 2 2 2 2 2 2 2 2 2 2 2 2 2 2 2 2 2 2 2 2 2 2 2 2 2 2 2 2 2 2 2 2 2 2 2 2 2 2 2 2 2 2 2 2 2 2 2 2 2 2 2 2 2 2
left_child=3 26 5 11 -5 9 7 10 15 49 18 32 33 14 20 -9 -14 -16 -7 25 21 31 24 36 -21 48 58 -10 -29 30 -15 -8 -1 -4 47 -36 56 -24 39 42 41 -41 -32 -28 45 46 -45 -20 -6 -3 -43 -33 53 -48 61 -34 -23 -12 -2 -35 -22 -53
right_child=1 2 12 4 19 6 13 8 27 -11 57 -13 16 29 17 -17 -18 -19 34 22 60 23 37 -25 -26 -27 43 28 -30 -31 38 51 55 59 35 -37 -38 -39 -40 40 -42 50 -44 44 -46 -47 52 -49 -50 -51 -52 54 -54 -55 -56 -57 -58 -59 -60 -61 -62 -63
leaf_value=-0.026779849787165761 -0.028297470480842329 0.035796623253072021 0.035453652843946117 -0.018588288858349646 -0.010486876609253565 0.020561063795962165 -0.015077841508931438 0.016902743568444702 0.03866643367453277 -0.019975952154819766 -0.00075581290369563148 -0.0044010576900082414 -0.028419798381255499 0.019436381614908696 -0.02584255195760355 -0.027756110910649692 0.017271109195154552 0.010060863587178776 -0.021540463826391663 0.022196644834816211 0.0024742268904371359 -0.020363061959531036 -0.0044103020092093005 0.026844475607162722 -0.018049496864502874 -0.017474312752364527 0.023138868366289179 -0.022336500723063753 0.043161561349262904 0.01039186676793682 -0.020680453923945599 -0.0035987984859378198 -0.030158005691521415 -0.0059118643250416691 0.017592483692698647 -0.023202651505521484 -0.027808901162254009 0.034115043860842166 -0.023523338095057373 -0.022651401852887464 0.030584905161705558 0.027207755316088822 0.007956359383754134 0.027973059362385734 -0.027841969561673657 -0.015219053493075192 0.03166058459321909 0.005527367778319978 0.018430212191085621 0.0057371994848758722 -0.011106034097278105 -0.0044312006112644129 -0.010892789823749319 -0.00017045692207397361 0.033620701804565674 0.030062767988924335 0.011992049866979305 0.030328480351176936 -0.00085040658309837119 0.027469958551743071 -0.024604818674907488 0.027332034194154569
leaf_weight=2.1692054569721213 7.4902960360050228 14.092696383595468 16.965823650360111 14.255723059177397 7.5394337773323086 7.6323336958885184 7.1461876928806296 7.5040006339550045 21.268746763467789 10.549238651990889 8.8079453259706515 11.354253917932509 10.48838382959366 5.2138995677232733 46.389661535620689 15.318773135542868 8.6324304491281492 9.1160131841897947 84.07824470102787 11.790117204189302 6.9412011504173305 6.8636403083801296 4.1256149411201468 5.2986635863780966 7.9536274224519721 11.912057429552076 21.991676330566406 7.9234110265970257 8.0812067836523038 8.7692522555589658 113.54899568855762 7.6799202263355246 1.2186834067106236 8.8951982706785184 11.720073953270914 9.9171963930129987 16.356883764266968 38.635815143585205 126.86661350727081 20.838882088661194 7.4033321589231482 7.076535299420355 7.8971843123435965 24.332665219902992 9.2403989434242231 10.948630973696707 11.075591638684269 7.2301852256059638 23.946058973670006 8.4732174128293973 5.9001823961734772 7.7912379503250104 10.185433134436606 13.426487639546398 18.726664289832115 138.0810928195715 9.6897874623537046 8.2393489331006986 19.112409591674805 5.3675844371318808 18.776186153292656 6.8768622130155563
leaf_count=7 24 29 33 36 20 14 26 18 35 39 24 30 44 17 167 51 24 26 289 25 24 30 12 13 30 39 52 27 14 27 499 28 5 30 33 33 76 75 506 89 17 18 25 58 39 37 25 22 65 31 26 23 35 37 42 266 32 17 54 15 81 18
internal_value=-0.000136476 -0.0062157 -0.00830145 0.0194644 0.0108784 -0.00967658 -0.0106675 -0.00353543 0.011579 0.0103382 -0.0101354 0.0262152 0.0108715 -0.0136604 -0.007399 -0.0130725 -0.00779183 -0.0199459 -0.0135855 0.0148449 -0.00118908 0.0036036 0.0226863 -0.00879876 0.00598377 0.00355114 0.00606271 0.0266733 0.0107354 -0.017119 -0.0179375 0.0134309 0.0286724 0.0222988 -0.015893 -0.0011055 -0.0145374 0.0303981 -0.0186105 -0.0147788 -0.00287709 -0.010203 -0.0188183 0.00991144 0.00623897 0.0107399 0.0155554 -0.0193971 0.0115058 0.0245097 0.00978745 0.0183909 0.00684463 0.014218 0.0234479 0.0295359 -0.00142353 0.0142679 -0.00857844 0.00665088 -0.0172961 0.0104604
internal_weight=1153.14 880.157 752.354 272.982 120.158 702.004 668.889 197.721 60.0961 33.1152 137.625 152.823 50.3494 471.168 167.653 22.8228 19.1208 55.5057 120.578 105.903 112.147 86.4298 62.5052 38.209 19.7437 43.3976 127.804 37.2734 16.0046 303.515 294.746 48.2209 141.469 31.2286 112.946 21.6373 32.9103 42.7614 289.532 162.665 41.2189 33.8156 121.446 101.201 79.2092 69.9688 59.0202 91.3084 31.4855 22.5659 12.9767 41.0747 34.6875 24.5021 33.3948 139.3 16.5534 17.0473 26.6027 14.2628 25.7174 14.6681
internal_count=3603 2993 2632 610 302 2486 2387 577 145 99 432 308 146 1810 586 69 68 193 391 266 393 288 142 151 55 124 361 76 41 1224 1197 137 278 78 377 66 138 87 1180 674 150 133 524 283 231 192 155 311 85 60 44 111 97 62 83 271 62 41 78 45 105 41
is_linear=0
shrinkage=0.03


Tree=34
num_leaves=63
num_cat=0
split_feature=38 38 19 46 69 49 25 74 45 5 55 46 17 17 26 15 89 26 42 46 26 66 64 46 31 20 50 52 89 45 17 45 45 81 83 54 35 41 55 25 48 0 25 42 15 20 87 69 20 42 61 55 56 70 67 54 64 81 72 86 54 56
split_gain=75.5842 40.5393 12.7264 12.0503 13.1512 14.99 10.5104 8.32607 8.16275 9.13687 8.15799 7.61477 7.03005 6.6985 6.7297 8.71816 6.52289 6.41591 6.29208 5.98322 7.21525 5.75164 6.64479 5.62529 8.21592 5.54858 5.53984 6.17462 5.4622 5.14572 6.14704 5.12586 8.34613 8.88314 6.7013 5.94344 7.33338 4.96937 4.86141 7.64487 4.79218 6.80329 4.77683 6.46601 4.69851 5.33825 5.54621 4.63311 6.25846 4.49009 4.48023 4.4278 5.70753 4.35345 5.27147 4.22402 6.41409 6.02025 5.58713 7.9336 5.1664 4.82844
threshold=-1.0000000180025095e-35 1.0000000180025095e-35 -1.0000000180025095e-35 0.0095158608635193525 94.520000457763686 18.285000801086429 41.006298034903985 0.0034554659343057508 -1.6148209107358935 79.9266017559397 0.81519512396228155 0.0049307446009208512 0.026825856585821855 0.012304102287696952 0.51234436377339077 55.806191457102521 106217512.00000001 0.25335974896344743 152.98500061035159 0.0087009258215545015 0.31759325028909663 0.32763780913241852 0.014714049536341102 0.013471395743221651 340.8468398386766 91.432094573974638 16.914999961853031 14.045000076293947 258942081.00000003 -0.45787404029800877 0.0099858116547338026 1.0928313150486846 0.26847596463986184 42.937493983623831 0.0078249273911077024 41.565183861100287 0.16295350075193937 137.62000274658206 0.072893839676428471 53.312188251483896 1.0000000180025095e-35 5.23378610610962 37.647330205515139 126.90500259399415 51.884211259506252 22.508284568786625 8.8852105707484892 79.715000152587905 26.614782333374031 164.25000000000003 2.810000061988831 -0.9384087441100889 0.084341189571977768 81.115001678466811 79.93500137329103 39.51503167295224 0.053775987267517207 63.171718053109245 53.413104139590892 23.493492152443867 55.25536997542094 0.066964888973245221
decision_type=2 2 2 2 2 2 2 2 2 2 2 2 2 2 2 2 2 2 2 2 2 2 2 2 2 2 2 2 2 2 2 2 2 2 2 2 2 2 2 2 2 2 2 2 2 2 2 2 2 2 2 2 2 2 2 2 2 2 2 2 2 2
left_child=40 2 16 8 5 7 47 -5 17 11 23 25 31 18 21 49 26 -4 29 20 -11 22 -15 24 -7 -10 27 -2 -25 30 -8 32 42 -34 -33 -36 -37 53 39 -35 41 -1 43 -13 45 -12 -47 48 -3 -16 -41 -9 -53 54 -31 57 58 -44 -57 60 -60 -59
right_child=1 6 3 4 -6 10 13 51 9 19 44 12 -14 14 15 -17 -18 -19 -20 -21 -22 -23 -24 28 -26 -27 -28 -29 -30 37 -32 34 33 38 35 36 -38 -39 -40 50 -42 -43 55 -45 -46 46 -48 -49 -50 -51 -52 52 -54 -55 -56 56 -58 61 59 -61 -62 -63
leaf_value=0.0096005739095365739 -0.0065245993059560841 -0.015443670621487417 0.001552433761727051 0.024478250964246068 0.03063234027053224 0.038271643292373286 -0.0029831711499879012 0.015174072604655284 0.047531876778693402 0.004947305078847314 -0.010592647940535709 0.040485138789434189 0.030415758510056411 0.0019306035401998698 0.01313261181399546 0.035833064019144364 0.018052796412888202 0.036440640337437318 -0.019765666575896665 -0.0085471566264136694 0.037856776064313431 0.028052195428596591 -0.024367145054455794 0.011736150600683738 0.0027221860470128178 0.0033867187766325464 -0.016721038561837567 0.028819441236276066 0.042404867177297426 -0.012810610946453669 0.028285322258076853 -0.023219479439336624 -0.006213225229527281 -0.0073982964806944577 -0.012406315696535582 -0.0091106739436001925 0.024407793109852943 0.016792668554331949 0.039078921596595415 0.036403565423424794 -0.019152556543117469 -0.012253576593564283 0.026650808861891695 -0.0034285892591318298 -0.014796358387670107 0.04077612969249382 0.0062679609225782199 -0.015631942538128718 0.022888326672690418 -0.019921396704097333 0.0026534840153894035 -0.011555059366596449 0.014464285723708109 -0.015872443001409303 0.026339630133506941 -0.014969412275182432 0.021270916056970627 -0.013818485731061748 0.0031505152403314219 0.03209315980628949 -0.022547863549034187 0.01606634672677398
leaf_weight=13.788789778947828 16.558878883719448 8.2922195941209775 7.2000772058963802 11.793851628899573 42.575642749667168 32.939874991774559 13.717589005827906 9.9656048715114576 5.9322279542684537 9.2379872202873283 6.5395041108131471 5.8661233186721784 7.7630604207515708 38.171912312507629 12.300570964813238 12.670391619205473 10.160083517432211 13.907112017273901 22.869076237082481 5.330320492386817 17.08440850675106 5.6011713147163382 11.180159807205198 35.697992935776711 7.1148256212472907 4.5110447406768799 29.756766214966774 6.0826958119869223 6.1230881214141837 6.8951142579317075 9.6312273740768415 15.482709258794783 13.891616731882094 9.0035898089408892 19.799423947930336 10.401857718825342 13.497542738914488 6.9302370250225058 10.604947730898855 12.307363837957384 87.728115454316139 182.5017553716898 10.127977937459947 6.2148102521896362 7.5082038789987555 7.4226857870817211 9.6300341188907606 82.837231740355492 7.1292041838169089 5.2891027331352225 4.96918661892414 40.829422816634178 9.3193285316228849 34.755385249853134 5.6167769879102707 43.569401159882545 7.5505939424037924 11.993738502264025 21.623595729470253 6.1061137914657584 10.440116241574286 8.1871678829193097
leaf_count=46 47 22 22 47 181 150 42 36 29 30 17 27 33 122 44 56 38 62 57 15 77 23 25 125 22 14 72 25 29 18 40 34 39 25 51 28 54 26 48 55 200 461 41 18 18 34 31 220 28 12 16 107 34 90 23 110 29 30 69 26 23 30
internal_value=0.000144794 0.00445976 0.00886296 0.0103467 0.0156002 0.0121385 -0.00488713 0.00143131 0.00652419 0.0052197 0.0189536 0.00336595 0.00231504 -0.000687404 0.00549894 0.0168602 -0.00394649 0.0245396 -0.00593718 0.0204376 0.026307 -0.000757164 -0.00402686 0.0239221 0.0319571 0.0284631 -0.00821217 0.00297063 0.0162264 -0.00185904 0.00991487 0.00141226 0.00390075 0.0142334 -0.00625974 -0.000250822 0.00981938 -0.00693136 0.021934 0.0150154 -0.0133235 -0.0107184 -8.36005e-05 0.0178945 0.00587337 0.0124515 0.0212886 -0.0128212 0.00227691 0.00319348 0.0266962 -0.00309028 -0.00671979 -0.0104097 0.00476452 -0.00189961 -0.00518438 0.0077773 -0.00762817 0.000751579 -0.00521701 -0.00169454
internal_weight=1170.53 886.51 602.623 540.064 227.46 184.884 283.887 71.9082 312.604 291.497 112.976 259.844 249.401 185.629 85.2133 30.2601 62.5584 21.1072 100.415 31.6527 26.3224 54.9532 49.3521 81.8758 40.0547 10.4433 52.3983 22.6416 41.8211 77.5463 23.3488 241.638 182.456 50.7767 59.1815 43.6988 23.8994 54.1975 36.8851 26.2801 284.019 196.291 131.68 12.0809 31.1004 23.5922 17.0527 98.2587 15.4214 17.5897 17.2766 60.1144 50.1488 47.2673 12.5119 119.599 89.2898 30.3089 81.7392 38.1698 32.0637 20.1809
internal_count=3603 2896 2048 1866 831 650 848 224 1035 951 426 829 786 578 282 112 182 84 296 122 107 170 147 326 172 43 144 72 154 239 82 753 586 183 167 133 82 157 144 96 707 507 403 45 100 82 65 270 50 56 71 177 141 131 41 358 257 101 228 118 92 60
is_linear=0
shrinkage=0.03


Tree=35
num_leaves=63
num_cat=0
split_feature=38 38 27 26 59 56 7 73 16 7 28 54 36 83 48 28 35 16 64 54 51 39 73 48 80 50 23 25 45 7 25 89 5 25 44 81 84 73 34 65 27 25 5 5 44 35 66 82 75 1 26 27 14 43 4 83 66 84 82 73 83 65
split_gain=234.496 62.8421 17.363 15.9208 16.4346 13.941 12.2132 11.4607 10.6547 10.1506 9.92812 9.34925 9.30563 7.46288 7.39117 7.02603 11.487 9.77402 13.5946 9.56447 9.50591 8.92256 6.84373 6.74209 6.69771 6.81725 7.37921 6.49652 9.59651 8.46592 7.33476 6.50516 6.04733 6.23289 6.03664 6.62829 5.68012 8.02428 5.42762 5.32162 11.5455 6.30517 6.16162 5.24055 5.1283 5.07731 4.82991 7.96888 10.7496 6.0354 5.71053 5.57118 4.9073 7.08601 4.79345 4.62693 4.61322 4.6091 4.37475 4.36359 4.41687 4.26366
threshold=1.0000000180025095e-35 -1.0000000180025095e-35 0.019676554653882055 0.70899898908537839 1.8575000166893008 0.15205460373162613 0.012330684321460552 0.28094116941193908 0.23611568094041149 0.0076285391959876004 0.12107230432056856 54.296043258103531 0.0039088109304695508 0.0044809086006546003 -1.0000000180025095e-35 0.10287735422440476 2.6167709009463214 -0.19900506511848973 -0.00063502271170094986 39.51503167295224 16.125000000000004 123.84999847412111 0.172326623090477 -1.0000000180025095e-35 28691200.000000004 12.944999694824221 27.867998467001595 52.649773125403847 -0.21388126352506728 0.020384421792674006 44.2547116319408 258942081.00000003 69.199138899596704 53.140551103433999 66.805743875510686 52.490487448692583 0.028559273342405555 0.32896233469060837 85.514072505845078 0.026703901495827253 0.008388142178128952 17.003365889400765 25.236128589358859 67.198607189923493 21.756641704678881 1.2038971467180348 0.32064845405472903 0.11973709744363557 1.0973191162275733 145.98537439913699 0.327937714766458 0.019563956209435702 32197350.000000004 9800650.0000000019 493442600.00000006 0.0059811502568938007 0.25037225908102684 0.030632392992563453 1.1082749380102543 0.22159837252548442 0.006862987150824151 0.018713613982390454
decision_type=2 2 2 2 2 2 2 2 2 2 2 2 2 2 2 2 2 2 2 2 2 2 2 2 2 2 2 2 2 2 2 2 2 2 2 2 2 2 2 2 2 2 2 2 2 2 2 2 2 2 2 2 2 2 2 2 2 2 2 2 2 2
left_child=1 12 3 4 7 11 8 24 -6 -10 23 36 13 -1 -11 17 54 21 57 43 61 -8 32 44 25 -3 -27 28 29 -4 -31 58 33 -16 35 -12 37 45 -29 -14 -41 -42 -43 -20 -2 -5 49 48 -48 50 -25 52 53 59 -17 -44 -13 -19 -30 60 -52 -21
right_child=10 2 27 5 6 -7 15 -9 9 14 34 56 39 -15 22 16 -18 18 19 20 -22 -23 -24 46 -26 26 -28 38 31 30 -32 -33 -34 -35 -36 -37 -38 -39 -40 40 41 42 55 -45 -46 -47 47 -49 -50 -51 51 -53 -54 -55 -56 -57 -58 -59 -60 -61 -62 -63
leaf_value=-0.01941614415477589 -0.030297679308549725 -0.029045306617924663 0.02520483108225147 0.0044545124336445195 -0.012441293219583087 0.030402499366006825 0.024902665837406513 -0.010108576723362258 -0.014240779318097989 0.033611204845650527 0.012026986886561689 0.018212328353707324 -0.024542772713095084 0.016750171264843215 0.025709983697402551 -0.025546376041974218 0.020588808982740042 -0.024156085577144024 -0.027795199457452222 0.0096079094601427013 -0.010096152124051044 -0.0063347331430865924 0.0290175137711179 0.026847032052881921 -0.0053722962627946198 -0.029395727377317202 0.026739535804423471 -0.021737721276737683 -0.02082989675441289 -0.027964386818112096 0.016456043526026799 0.019932653442811969 -0.022428244095419509 -0.014092574722072428 0.0250191774717048 -0.024675062996581853 -0.025410580892669541 0.019550865545856763 0.014719852770087229 0.054949507047759395 0.057184128431231031 0.032279836360391577 0.016803221512292771 0.0059308922051620385 0.033252168391476059 -0.027606217227430722 -0.030473186524641798 0.034613745290263766 0.023070509694770674 -0.0041319771999791212 0.031070410079034598 -0.010249088185682749 0.029191467248433214 -0.011671434734408093 0.0068627839154315057 -0.021416029372920954 -0.018381012035936072 -0.00012512404816939748 0.010680764892318026 -0.0067432531595462593 0.0073667236763236537 0.038461073125339827
leaf_weight=9.9904023259878176 1.1651766002178181 2.1981234997510901 13.316692113876345 6.5006706118583741 16.636190742254257 6.8635393381118766 20.188398838043213 14.086839437484739 9.4477982670068723 20.639017328619957 8.9708128273487144 10.591255113482474 181.4379940032959 10.565704271197317 9.8825573921203631 33.955590143799782 6.8263367116451255 33.258445680141449 9.5845058262348193 7.5731671750545564 9.0381070226430875 13.893101647496222 12.14287620782852 133.4249704927206 8.5891629606485349 2.1858219653367987 58.865561127662659 56.502489253878593 39.564315795898438 7.6180014014244062 5.9651770293712616 4.5705757588148108 6.8524287194013587 5.5179077833890906 8.2165524214506132 8.7463030964136106 43.040040537714958 7.0844725519418708 3.9308401942253104 2.0702136456966391 1.0172354280948628 2.1199074238538733 2.9862562417984 7.3083995729684821 59.625976085662842 14.062342956662176 7.4452701807022112 6.2942699939012519 6.1720471084117889 7.6026203781366339 20.611315935850147 6.3705712854862204 26.791543677449226 8.5128705650567991 4.672478422522544 62.862348914146423 4.383987993001937 9.1619919389486295 4.4070421308279029 5.1974909007549277 10.772847235202788 11.77772383391857
leaf_count=22 4 10 36 23 57 17 55 53 45 47 26 34 475 24 24 136 18 128 35 28 34 48 33 313 26 12 145 284 192 40 24 15 26 22 22 39 180 20 12 4 2 6 8 27 130 60 33 14 17 23 48 28 63 32 14 166 19 29 15 19 37 25
internal_value=-1.04241e-05 -0.00842771 -0.00269709 0.000276314 0.00332464 -0.0107368 -0.000587971 0.0146336 0.00896426 0.0144868 0.0215734 -0.014033 -0.020237 -0.000826895 0.0194184 -0.00522127 -0.0152863 -0.00146461 -0.00676267 0.00466937 0.0153051 0.0121689 0.0109021 0.0231129 0.0194853 0.0228609 0.0247297 -0.0120371 -0.00616596 0.00820731 -0.00845675 -0.014131 0.00101699 0.0114489 0.00376528 -0.0060915 -0.0185947 -0.00798421 -0.0193664 -0.0218172 -0.0148577 -0.0169525 -0.0180621 -0.0132042 0.0320341 -0.0174707 0.0208456 0.00669858 -0.00620451 0.0221302 0.0230734 0.0166395 0.0190223 0.0129807 -0.0216261 -0.0196828 0.00749966 -0.0189659 -0.0176717 0.0187174 0.0229339 0.0271691
internal_weight=1161.65 835.734 562.684 426.809 334.283 92.5263 248.357 85.9255 81.1188 64.4826 325.921 85.6628 273.05 20.5561 55.0348 167.238 45.4544 121.784 87.7023 45.2819 28.389 34.0815 34.3958 299.987 71.8387 63.2495 61.0514 135.875 75.4418 26.8999 13.5832 48.5419 22.2529 15.4005 25.9337 17.7171 70.6875 27.6475 60.4333 252.494 71.056 68.9857 67.9685 16.8929 60.7912 20.563 239.196 19.9116 13.6173 219.284 211.682 78.2566 71.8861 45.0945 38.6281 65.8486 14.9752 42.4204 43.9714 36.5817 31.3842 19.3509
internal_count=3603 2755 2048 1430 1077 353 831 246 254 197 848 336 707 46 152 577 168 409 306 149 87 103 105 761 193 167 157 618 322 100 64 222 72 46 87 65 283 103 296 661 186 182 180 62 134 83 627 64 50 563 540 227 199 136 150 174 53 157 207 104 85 53
is_linear=0
shrinkage=0.03


Tree=36
num_leaves=63
num_cat=0
split_feature=38 38 67 27 79 0 86 63 74 58 6 82 40 43 64 69 63 72 64 84 6 65 64 25 25 26 49 15 12 8 0 80 4 43 35 8 46 35 81 85 46 45 89 45 5 70 47 6 63 25 55 63 18 46 35 8 82 8 65 34 15 87
split_gain=378.436 43.0504 14.6614 15.9529 15.8433 14.6154 13.6077 11.6178 11.2483 10.4574 9.65297 9.54402 9.16909 7.86316 7.85519 7.40026 8.79427 6.94301 6.43829 6.34852 6.16675 7.82938 6.42003 6.16892 6.45013 6.05349 5.46568 5.38329 5.22022 5.03836 5.38418 6.12054 4.65807 7.96502 4.24852 5.98856 3.67408 3.66859 6.87848 4.06825 4.65494 5.26474 4.61581 4.00445 3.77755 3.65938 7.26643 3.63728 3.35925 3.35421 3.34603 3.14456 3.89434 5.02211 5.12482 3.0946 2.97554 2.61205 2.27927 2.16892 2.16386 4.38799
threshold=-1.0000000180025095e-35 1.0000000180025095e-35 75.665000915527358 0.010849805464199053 9.7799405244761868 37.619802474975593 30.046619742491583 70.956009567792236 0.0053111142255260002 2.3335000276565556 1.1388198170310313 0.16871866188788506 166.89500427246097 11115550.000000002 -0.037033056101531243 97.325000762939467 28.887748632571718 59.225138112007279 -0.092486534715847585 0.046507689871344057 0.23328271933420908 0.026825814095792055 -0.10097410245053694 60.629995542934097 65.065113152133975 0.38407526952448023 47.175001144409187 82.566727438121788 286.07848626528431 0.092340248816833614 20.536856651306156 20731900.000000004 780738000.00000012 17012050.000000004 3.5899612063981299 0.1188018415307792 0.0097736176985822026 0.41776107006819535 35.308761483837948 24.008176803588871 0.0058299321573720012 1.3036319160076462 24498000.000000004 -1.1068040851850465 51.761516106683281 81.365001678466811 0.11681212175648877 0.72200842110487085 52.732350839894387 42.235104842698512 -0.12133826156894303 45.474561468118303 0.025739358378372254 0.011638706968298202 0.09540227150720422 0.065393460463919015 0.070345689137470718 0.13017975889441266 0.026469037877072752 64.875349283451129 28.301413574904448 13.719193789342677
decision_type=2 2 2 2 2 2 2 2 2 2 2 2 2 2 2 2 2 2 2 2 2 2 2 2 2 2 2 2 2 2 2 2 2 2 2 2 2 2 2 2 2 2 2 2 2 2 2 2 2 2 2 2 2 2 2 2 2 2 2 2 2 2
left_child=27 2 4 5 55 8 11 12 17 -10 14 15 48 59 -7 16 18 25 -5 57 22 36 -18 26 56 29 51 28 32 30 -4 -32 37 -34 60 -36 -22 -1 -39 40 -40 42 -42 44 -44 -26 -47 -16 -8 -6 -27 52 53 54 -24 -2 -25 -13 -45 -14 61 -3
right_child=1 34 3 6 49 10 7 -9 9 -11 -12 19 13 -15 47 -17 20 -19 -20 -21 21 -23 23 24 45 50 -28 -29 -30 -31 31 -33 33 -35 35 -37 -38 38 39 -41 41 -43 43 58 -46 46 -48 -49 -50 -51 -52 -53 -54 -55 -56 -57 -58 -59 -60 -61 -62 -63
leaf_value=0.032187559520861081 -0.026733645274860295 -0.026343269914790458 0.017174944527467921 -0.011036669910873265 0.0091511084165276819 -0.016635550167413953 0.021952003782625695 0.028166663432446049 -0.0079376768825974442 0.034871488539777409 -0.011511107887167898 -0.026102315811960219 -0.027744754251212072 0.018462047056843855 0.038602151354657374 -0.02685995956974881 0.019676015077345201 -0.027221018776366204 0.021731814824185368 0.0029574067801111863 0.026937879076344203 -0.020602979657936171 -0.017638581633700547 0.023626039019552261 -0.023636183112031882 -0.024512072998412075 0.0072692720387650825 0.0049601633973504972 0.0073942385812421326 0.024321811172099486 -0.02767954267670238 0.0092563055354913451 0.028770131695035926 -0.0019174014143298205 0.0082838591246512869 -0.026794653620684235 -0.005390580069626295 -0.019488102386019657 0.0053821342309776816 0.033799559407520732 -0.0013808790481253804 0.0081708782988124482 0.028447316218879411 0.035069055150266364 0.0016965432350474095 -0.020863041890819764 0.022841013787321073 0.016142383175729351 -0.0057284599356800707 0.033360741518291825 -0.00019435337204734898 -0.025225717107230792 -0.022730004965722826 -0.027122791528784777 0.020335893285170319 0.0040186339965323781 -0.0023915390384327859 -0.0078101414252027277 0.02173612772476945 -0.008393994593783401 -0.023865706523955262 0.001670156700944093
leaf_weight=124.8907880038023 8.1333872675895673 11.076089605689051 7.5443053394556108 8.8558275401592272 7.4928882420063045 3.7759186923503902 11.418688610196115 11.949142053723333 10.070340842008592 10.480324670672415 8.9476331770420057 77.042758986353874 17.468213543295867 5.2400879710912696 16.124281421303753 22.3523990213871 5.1896481513977042 18.307432904839516 13.81398895382881 8.3667606264352781 9.982806548476221 7.7538962066173545 5.1921405047178295 7.7684555202722541 15.141606360673906 17.021208152174953 6.9526529163122168 10.890331849455832 12.546553760766981 7.4062110334634772 10.359935134649279 6.6164387166500083 18.474541619420055 12.946500256657599 9.6045521199703234 8.0522514283657056 4.6318817585706702 3.013782486319541 11.70384559035301 46.453049182891846 4.6575255542993537 14.144676715135573 11.236078992486002 58.70403741300106 8.2314356714487058 8.0910032242536527 5.9357291162013999 10.860412269830702 6.0293102115392676 16.476389661431313 7.266426905989646 52.013043642044067 22.400462120771408 6.0537388920783988 8.3295740336179716 4.6167362928390494 8.0616518259048444 7.7307450622320166 14.362840861082075 7.4304863363504401 213.34216070175171 9.2227390557527524
leaf_count=226 46 37 16 39 21 13 26 29 29 21 37 371 69 16 28 108 15 82 38 31 29 33 24 23 71 70 24 32 30 17 32 17 38 36 23 29 21 9 28 82 10 39 22 102 25 40 19 28 23 30 22 233 104 29 23 18 30 28 28 25 731 28
internal_value=-0.00015571 -0.0116372 -0.00688366 -0.00821201 0.0114204 0.0006282 -0.0114219 0.00172017 -0.00575627 0.0138939 0.0159144 -0.0139324 -0.0049206 -0.0149402 0.0238919 -0.0105049 -0.00864138 -0.0111751 0.008931 -0.0219736 -0.0109374 0.00376393 -0.0131134 -0.0142794 -0.00504143 -0.00594946 -0.0183975 0.0257239 0.0263863 0.00263699 -0.00391268 -0.013284 0.027111 0.0161259 -0.0219028 -0.00771343 0.0166919 0.0282716 0.0254365 0.0262353 0.0233795 0.0252714 0.0277601 0.0292269 0.0171363 -0.0134089 -0.00236868 0.0295629 0.0123868 0.0257927 -0.0172366 -0.0202962 -0.0141879 -0.00441302 0.00575425 -0.0155984 0.0103763 -0.0244342 0.0324482 -0.0219699 -0.0229752 -0.0136154
internal_weight=1146.25 793.995 542.697 505.978 36.7194 134.781 371.197 59.5359 95.0726 20.5507 39.7082 311.661 47.5868 30.1388 30.7606 218.521 196.168 74.522 22.6698 93.1403 173.498 22.3686 151.13 145.94 44.9984 56.2145 100.942 352.256 341.366 31.9269 24.5207 16.9764 328.819 31.421 251.298 17.6568 14.6147 297.398 172.507 169.493 123.04 111.337 97.1919 92.5344 19.4675 29.1683 14.0267 26.9847 17.448 23.9693 24.2876 93.989 41.9759 19.5755 13.5217 12.7501 15.8301 84.7735 73.0669 24.8987 233.641 20.2988
internal_count=3603 2896 2048 1933 115 412 1521 188 306 50 106 1333 159 110 69 903 795 256 77 430 718 83 635 620 183 174 437 707 675 82 65 49 645 74 848 52 50 571 345 336 254 226 187 177 47 130 59 56 49 51 92 413 180 76 47 64 53 399 130 94 796 65
is_linear=0
shrinkage=0.03


Tree=37
num_leaves=63
num_cat=0
split_feature=38 38 27 27 45 19 39 16 25 26 5 12 27 37 16 46 60 26 27 41 20 33 11 15 26 58 0 27 31 36 82 26 55 73 17 56 15 26 26 26 27 21 46 19 24 16 35 73 56 49 27 69 20 27 36 73 44 67 80 80 64 27
split_gain=72.2822 37.7122 29.9862 11.443 16.1304 12.9875 12.3659 13.9132 10.0468 8.55182 7.72982 7.2602 7.1106 6.9762 6.81331 6.76907 6.71562 7.70407 9.84803 6.58088 6.71717 6.29881 6.07271 5.90568 5.85642 5.40398 11.8106 6.4198 5.34613 5.29215 4.90637 4.73326 6.59247 7.90789 6.5407 4.68382 4.67233 4.62039 7.792 7.93235 5.26243 8.16545 5.00792 5.64664 4.60075 6.15368 6.76923 4.87807 5.52734 4.48683 5.09069 4.48172 5.98291 4.39627 13.0743 4.31357 4.2121 4.09077 3.96342 3.96226 3.88788 5.88961
threshold=-1.0000000180025095e-35 1.0000000180025095e-35 0.022069384653104953 0.011146695817319852 -0.51669878003394831 -1.0000000180025095e-35 131.1350021362305 -0.16651670780406205 41.006298034903985 0.55818507809744144 78.272238021376054 20.864858577282924 0.0076511554434743508 0.12941959210189277 1.863988220286185 0.0064407390756007514 1.7045000195503237 1.4938811536151564 0.015336580622783551 137.87500000000003 26.614782333374031 224432900.00000003 213.62192780639637 56.485376558322258 0.66029368356850437 2.2584999799728398 72.124134063720717 0.0087377027657270512 146.15312324224539 0.010634589569783753 1.1250271193784303 1.2605883075890552 -0.44858743150387331 0.28094116941193908 0.014778905788166203 0.11432352395637531 84.229505575271375 0.96541398942025591 0.73237443228380539 0.24194134101333198 0.064168046880430263 21.734887325135983 0.020453893107690153 1.0000000180025095e-35 12445350.000000002 0.32752624816759918 1.7854626994579379 0.15536735270489996 0.075898208865377306 15.835000038146974 0.0137980663399193 79.715000152587905 26.614782333374031 0.01212651825906485 0.0059350915939501503 0.28094116941193908 53.576334622968481 74.274997711181655 16536700.000000002 18919500.000000004 -0.070790084795287242 0.020644621040291956
decision_type=2 2 2 2 2 2 2 2 2 2 2 2 2 2 2 2 2 2 2 2 2 2 2 2 2 2 2 2 2 2 2 2 2 2 2 2 2 2 2 2 2 2 2 2 2 2 2 2 2 2 2 2 2 2 2 2 2 2 2 2 2 2
left_child=36 2 3 4 10 49 7 13 51 -6 15 37 -10 -7 44 -2 22 18 23 -8 -21 29 -14 24 28 26 -11 -27 -18 -20 -13 32 -22 -34 -33 -35 53 38 39 40 41 -4 43 -43 -9 -46 47 48 -47 50 -5 52 -3 57 -55 -49 -23 -1 -36 -51 -56 -62
right_child=1 8 11 5 9 6 19 14 12 25 -12 30 16 -15 -16 -17 17 -19 21 20 31 56 -24 -25 -26 27 -28 -29 -30 -31 -32 34 33 35 58 -37 -38 -39 -40 -41 -42 42 -44 -45 45 46 -48 55 -50 59 -52 -53 -54 54 60 -57 -58 -59 -60 -61 61 -63
leaf_value=0.063024041627094934 -0.010431968742687411 -0.015110581040048227 -0.021385845387383393 -0.0069360334127652737 -0.013819107010811857 -0.0046991189027598386 -0.010009338933818397 0.039762452163684639 -0.018435003086073494 0.027563652929205051 0.040022830905095785 0.034377498540526866 -0.015939829150720251 0.025307853980846076 -0.0033989459336979718 0.019216380575534722 0.01820818988324531 0.029133149092917709 0.050094668944377654 0.032952777864681537 -0.010832358258120494 -0.0096478400396320073 0.0093695570820247504 -0.010212000350668901 0.029912716573012473 -0.022758364596974605 -0.022841425702048931 0.012017269357615089 -0.010545753797585182 0.016404834889624902 0.0030785017140252768 0.028933088760260049 0.001592332559229558 0.04065611080680525 0.014892846770108133 0.0036487838361586814 0.0084312411415745567 0.040596871720520879 -0.016313100176331259 0.040883901212548722 0.031254148238596555 0.026645553418317456 -0.0075002774265418475 -0.0063239029545409317 0.032133485556685965 0.0020472470487511874 0.042244888461096738 -0.018110935058295426 0.032289435430398326 -0.022959613837023149 0.030706894069504772 -0.015273862273909413 0.022428345932977791 0.026788627397470125 -0.02226968663420701 0.016366471947110241 0.022876213812057837 -0.018933263875982247 -0.018103697435757536 0.0013831907912642337 -0.014513835455507579 -0.00043167456468734712
leaf_weight=0.55095545947551627 11.26756599545479 8.1966389268636686 7.1940370500087729 9.3057537972927076 70.203986540436745 30.909157246351242 23.463376089930534 16.437980383634567 18.0850690305233 15.481269195675852 8.6920255422592145 42.021103635430336 30.743423908948898 9.0042815953493101 8.049273416399954 18.005838826298714 8.9981611669063586 10.776891663670538 6.2784720957279232 8.5605089217424375 25.703615546226501 10.124726623296736 11.809775978326796 45.949619099497795 7.4108121246099463 11.202404379844667 5.7330906689167014 8.330450698733328 16.474032521247864 12.654186069965361 5.0491892248392096 15.82532946765423 48.512664705514908 8.7080910801887494 7.455173194408415 4.7607298940420142 8.8092281818389875 6.3533103466033927 6.9357467591762534 10.590994134545324 10.740508660674093 21.917969554662708 7.8610338866710654 5.9429864436388007 32.086799755692482 10.137152329087259 6.7544191777706137 8.3095791786909086 11.73645496368408 17.699995025992397 4.9549879580736151 81.817207932472229 7.1580969691276541 7.9665102064609519 30.258633673191071 5.3807992190122595 5.5471424609422675 106.35924559831619 5.844782292842865 9.1179185658693296 89.520121201872826 38.107956528663635
leaf_count=3 30 22 16 26 180 88 63 76 46 64 40 188 79 36 24 68 34 45 31 37 67 28 41 129 31 24 12 29 45 47 16 66 152 40 27 15 29 30 17 50 46 89 21 17 138 32 32 20 51 39 21 220 28 32 65 20 22 245 13 28 219 114
internal_value=0.000165091 0.00438032 0.00861995 0.0052008 -0.00169816 0.00832617 0.0105797 0.0170207 -0.00467311 -0.0074738 0.0151807 0.021726 -0.000567768 0.00207031 0.0230548 0.0078045 0.00136984 0.00489347 0.00259062 0.00457259 0.00730162 0.0159321 -0.00891572 -0.00326579 0.00644061 0.00345862 0.0139419 -0.00792711 -0.0003883 0.0275771 0.0310201 0.00542176 0.00194133 0.00723855 0.0159 0.0275754 -0.0130726 0.0160839 0.013896 0.0171572 0.0124739 0.00777386 0.0136463 0.0196129 0.0253987 0.0222254 0.0147129 0.00948395 0.0182739 -0.00745316 0.00614325 -0.0124828 0.00238938 -0.0137671 -0.0107093 -0.0045601 0.00186422 -0.0185109 0.000392226 -0.0146832 -0.0126013 -0.0103091
internal_weight=1165.84 884.267 602.242 477.635 148.917 328.719 287.64 138.806 282.024 110.951 37.9654 124.607 184.852 39.9134 98.8925 29.2734 166.767 124.214 113.437 148.834 125.371 34.6045 42.5532 78.8326 32.883 40.7472 21.2144 19.5329 25.4722 18.9327 47.0703 116.81 87.6851 61.9815 29.1253 13.4688 281.573 77.5366 71.1833 64.2475 53.6565 42.916 35.722 27.861 90.8432 74.4052 42.3184 35.564 21.8736 41.0787 14.2607 97.1719 15.3547 272.763 165.853 13.6904 15.6719 106.91 13.3 26.8179 157.887 127.628
internal_count=3603 2896 2048 1558 447 1111 997 517 848 309 138 490 578 124 393 98 532 412 367 480 417 128 120 239 110 129 76 53 79 78 204 380 274 207 106 55 707 286 256 239 189 143 127 106 369 293 155 123 83 114 47 270 50 678 430 40 50 248 40 67 398 333
is_linear=0
shrinkage=0.03


Tree=38
num_leaves=63
num_cat=0
split_feature=38 38 27 26 59 56 7 73 16 7 73 20 36 54 46 83 20 35 56 25 73 54 25 34 45 6 80 63 49 64 19 83 27 59 81 37 24 44 34 67 10 64 18 80 84 65 27 65 27 25 5 24 10 82 46 23 26 83 66 80 60 74
split_gain=221.028 60.9984 16.5205 15.1776 15.6363 13.202 11.6327 10.8133 10.1742 9.56912 9.4409 9.93939 9.06274 8.99793 7.50564 7.1795 6.84238 9.20831 11.6089 8.73822 7.40491 8.61751 6.73835 6.38426 9.58753 10.5215 6.36187 9.70044 7.29324 7.32801 6.24121 6.03729 8.67945 5.89685 7.18204 6.05805 8.93757 7.64705 5.88463 5.86046 5.84086 9.29788 5.8134 5.64955 5.55796 7.7935 5.41907 5.26513 10.9075 5.94159 5.93004 5.10376 5.0613 4.56646 4.45557 7.82085 8.99118 4.45117 4.3785 4.1227 3.88974 3.88301
threshold=1.0000000180025095e-35 -1.0000000180025095e-35 0.019676554653882055 0.70899898908537839 1.8575000166893008 0.15205460373162613 0.012330684321460552 0.28094116941193908 0.23611568094041149 0.0076285391959876004 -0.81678672105069683 114.75974655151369 0.0039088109304695508 54.296043258103531 0.0086005524222115531 0.0044809086006546003 88.723083496093764 -3.2727602008595116 0.093844869655940008 45.670787555244566 0.066253511072559917 41.890993472124961 41.006298034903985 58.554354447301954 -0.21388126352506728 0.044456294294892652 28691200.000000004 27.35075719593031 12.234999656677248 0.0088243981839497519 -1.0000000180025095e-35 0.011127997585812201 0.014583078629494753 1.8794999718666079 66.428201814546512 0.12392642485737741 13329050.000000002 47.778260424292945 87.150278699501442 96.375000000000014 26.469058036804203 -0.0055852055404789491 0.019391452798254352 18679600.000000004 0.028559273342405555 0.027773241157105905 0.013177542588400901 0.026703901495827253 0.008388142178128952 17.003365889400765 25.236128589358859 8507950.0000000019 266.59645080566412 0.069199565202287816 0.0062912538452853505 41.299203235044565 0.21499169226688508 0.0059811502568938007 0.25037225908102684 20169500.000000004 3.0935000181198125 0.0042730347199500009
decision_type=2 2 2 2 2 2 2 2 2 2 2 2 2 2 2 2 2 2 2 2 2 2 2 2 2 2 2 2 2 2 2 2 2 2 2 2 2 2 2 2 2 2 2 2 2 2 2 2 2 2 2 2 2 2 2 2 2 2 2 2 2 2
left_child=1 12 3 4 7 13 8 26 -6 -10 -2 22 15 44 -13 -1 17 -8 19 40 21 -21 60 24 25 -4 27 -3 -29 -30 -26 32 43 -24 35 37 39 -35 -25 -37 -19 -42 -39 53 45 -5 -23 -14 -49 -50 -51 -36 -16 -22 -11 -56 -57 -52 -15 -18 -12 -58
right_child=10 2 23 5 6 -7 16 -9 9 54 11 14 47 58 52 -17 59 18 -20 20 31 46 33 38 30 -27 -28 28 29 -31 -32 -33 -34 34 51 36 -38 42 -40 -41 41 -43 -44 -45 -46 -47 -48 48 49 50 57 -53 -54 -55 55 56 61 -59 -60 -61 -62 -63
leaf_value=-0.019193275815497342 -0.022437919702886711 -0.029200797596113461 -0.0081742412683813177 -0.018589199486675485 -0.012235179006772491 0.029385027673108577 0.029396851822148098 -0.0098385986762393376 -0.013915556927946859 0.035034926767439002 0.030945962040951111 -0.013111268798918586 -0.02429901345704702 0.017699494177946411 0.00097978724027004624 0.016312597847157839 -0.0039823427007219629 -0.02520280460614796 -0.023793257642522228 -0.017342573620223449 0.003183587684248874 0.027908152932022919 0.028141777308979158 -0.02250913408445929 0.013458734549619284 0.027570784685249601 -0.0052824772152973319 -0.028895559205087202 0.032503731915605655 0.0064908799211445172 -0.018458434370040733 0.034174735862372095 -0.022478785598815484 0.02567927957096889 -0.031545799695620769 0.027100183551111476 -0.02295695667495105 -0.014755732446313757 0.016379332976704544 -0.010642435893981814 -0.021995267648484772 0.029852108956427363 0.015158937336003257 -0.0094889663228370398 -0.025115057484716929 0.015860973196954585 -0.0085149789747612226 0.05263197940305777 0.054526195552271089 0.031362062692122418 0.016206500605784938 0.027319920650769242 0.034518085468418724 0.034363404515679596 0.030157229735550191 0.020354592654402703 -0.028517936510977279 -0.021133939131167841 -0.018060732841891424 -0.027436324066215739 0.012431054896736154 0.0065987101310156764
leaf_weight=9.9055361598730105 4.4635563045740119 3.1337802857160559 17.613653734326366 18.838069856166843 16.530357763171196 6.9013326764106742 7.7686573266983023 13.993583247065542 9.3507924526929838 12.046011760830877 98.256075710058212 12.283651515841486 178.51207946240902 10.634077921509741 7.9878869950771358 10.621440470218657 10.923030182719232 17.313640683889393 22.554317846894264 20.766509041190147 6.4094388484954932 8.6724148839712125 52.351134732365608 49.94022773206234 6.3023667782545081 12.794852063059805 8.5672625303268415 2.1831437498331061 45.716185256838799 12.38759173452854 44.076565980911255 9.948873817920683 6.8625787943601599 33.633520841598511 1.3651060760021199 9.9517640620470065 10.188419535756109 9.4726691544055956 3.7661322653293601 5.8964513391256324 6.8175809532403946 5.7287341207265836 15.273590430617331 6.0917875170707694 42.30670203268528 8.611866429448126 6.3814800381660453 2.1064283251762381 1.0385187864303578 2.1391985565423957 3.0128619223833075 45.788213700056076 8.214051738381384 12.41752368211746 17.091836914420128 14.002102717757227 7.386466979980467 61.956252098083496 4.3388497233390799 17.635128170251846 11.396743088960646 4.5979742258787155
leaf_count=22 19 13 79 78 57 17 20 53 45 27 207 47 475 34 22 24 38 66 98 75 19 23 120 262 23 34 26 10 105 39 209 25 28 88 7 25 47 36 11 18 29 16 45 25 180 25 24 4 2 6 8 115 18 30 43 36 29 166 19 61 34 17
internal_value=-1.21075e-05 -0.00824917 -0.00260198 0.000298524 0.0032715 -0.0105148 -0.000560076 0.0142918 0.00876238 0.0141458 0.0208931 0.0214936 -0.0199801 -0.0137646 0.00457444 -0.000821183 -0.00510132 -0.00233033 -0.00422682 -0.000118215 0.00519138 -0.00481435 0.0231353 -0.0117656 -0.00643636 0.00686603 0.0189824 0.0222603 0.0249353 0.0269579 -0.0144656 0.0137801 0.00739573 0.0196259 0.0162374 0.0109989 -0.0010352 0.0163659 -0.0197821 0.0130577 -0.013908 0.0016786 0.00370784 0.0156231 -0.018294 -0.00778115 0.0124681 -0.021561 -0.0146039 -0.0166821 -0.0177841 0.0256157 0.017983 0.0237486 0.0189059 0.0143957 0.00402905 -0.0194023 0.00733691 -0.0184656 0.0290216 -0.015045
internal_weight=1155.22 828.696 559.403 424.91 333.279 91.6309 247.297 85.9815 81.0055 64.4752 326.523 322.059 269.292 84.7296 28.4856 20.527 166.292 137.734 129.965 107.411 77.5506 35.8204 293.574 134.494 80.7874 30.4085 71.988 63.4207 60.2869 58.1038 50.3789 41.7302 31.7813 183.921 131.57 84.4164 26.0366 58.3798 53.7064 15.8482 29.86 12.5463 24.7463 24.9188 69.7566 27.4499 15.0539 248.765 70.2533 68.1468 67.1083 47.1533 16.2019 18.827 55.1244 43.0784 25.9865 64.9691 14.9729 28.5582 109.653 11.9844
internal_count=3603 2755 2048 1430 1077 353 831 246 254 197 848 829 707 336 87 46 577 478 458 360 249 122 742 618 345 113 193 167 154 144 232 127 102 501 381 259 90 169 273 43 111 45 81 74 283 103 47 661 186 182 180 122 40 49 152 125 82 174 53 99 241 46
is_linear=0
shrinkage=0.03


Tree=39
num_leaves=63
num_cat=0
split_feature=19 9 20 40 25 65 60 41 48 30 35 9 5 83 19 22 55 17 36 47 49 56 46 73 72 41 14 69 67 18 59 67 5 60 16 6 5 49 64 46 11 35 5 82 15 44 56 56 26 50 51 18 84 17 28 10 28 25 52 82 49 35
split_gain=135.416 22.6149 20.0391 16.2508 17.452 15.9234 15.8351 23.8873 12.4047 13.3626 14.281 10.9584 9.66039 9.36447 8.87704 11.4458 9.06226 8.86414 10.5848 8.23846 8.10944 7.56177 8.47005 7.67242 7.34552 6.83499 6.69866 6.14034 8.73275 5.99605 5.97411 5.84765 5.84513 10.7414 7.35356 7.52788 10.7143 7.00729 7.17874 6.46326 6.18441 5.84097 9.32935 6.9887 8.4891 5.64875 7.28691 7.02439 5.19309 7.09414 5.7267 5.63697 6.69615 4.99937 4.96824 4.85102 5.77321 4.74007 11.5057 4.40786 4.19098 4.79911
threshold=-1.0000000180025095e-35 -1.0000000180025095e-35 117.58717346191408 173.96500396728518 70.42389603421654 0.024076260805052003 1.6355000138282778 163.2600021362305 1.0000000180025095e-35 88.470562076748692 1.6870512010952583 -1.0000000180025095e-35 65.554783655056937 0.0088804741246118011 1.0000000180025095e-35 93.908554170645687 -0.78282119973648523 0.022565737075553954 0.0075102255236200012 0.10830743863662251 10.635000228881838 0.068977167579523505 0.0068327538548051013 -0.38347975416274233 39.147014348459756 124.20000076293947 76119250.000000015 79.99499893188478 76.24499893188478 0.010853042556843752 2.0304999351501469 95.895000457763686 76.666785625699632 2.5724999904632573 0.54649347224248157 -0.33816912154771289 44.307169123561714 12.34500026702881 -0.039482929956964292 0.005507430897196801 20.804925878460036 -3.2727602008595116 40.743202873993738 -0.098159272577833037 49.874757077997835 48.632714331654228 0.057067330082356212 0.06269561495993177 -1.0799255786233455 17.105000495910648 16.605000495910648 0.026222595134326204 0.028907213438283456 0.013298087327773251 0.10139373322429555 19.902192115783695 0.092335855832468269 77.223659236576012 14.894999980926515 0.11185078065513381 15.47499990463257 -1.3782988166915258
decision_type=2 2 2 2 2 2 2 2 2 2 2 2 2 2 2 2 2 2 2 2 2 2 2 2 2 2 2 2 2 2 2 2 2 2 2 2 2 2 2 2 2 2 2 2 2 2 2 2 2 2 2 2 2 2 2 2 2 2 2 2 2 2
left_child=6 24 5 4 12 8 7 31 14 -10 21 20 -4 30 15 19 -16 57 -19 26 -8 22 54 -24 59 -23 -3 28 -22 -15 -13 -1 34 -34 35 -21 40 -38 -39 -36 -37 -20 -43 44 -44 47 -47 -32 -26 51 -51 -50 -53 -14 -11 -52 -57 -7 -59 -2 -31 -62
right_child=1 2 3 -5 -6 17 11 -9 9 10 -12 13 53 29 16 -17 -18 18 41 32 27 25 23 -25 48 -27 -28 -29 -30 60 45 -33 33 -35 39 36 37 38 -40 -41 -42 42 43 -45 -46 46 -48 -49 49 50 55 52 -54 -55 -56 56 -58 58 -60 -61 61 -63
leaf_value=0.0069094118620118784 0.0062726894354197954 -0.01968288883066132 -0.024032643850221413 0.026949552961539787 0.03174235523638301 -0.020990942609548684 -0.026300562929413213 -0.020717440686723883 -0.02675516873753098 -0.021231688302632591 -0.027205668822627201 0.02797183194826456 -0.0082208530110106492 -0.0040197783042543482 0.0073033556541260381 0.031995024707456757 -0.020381483840974986 0.024968316733882293 -0.027101952231827476 -0.017825393060881909 0.036201412074587651 0.0081626309205145436 -0.0082020994571595594 0.031084278899171924 -0.015183069672651284 -0.022300574778307457 0.013763411746380173 0.032217716142446798 0.0037542407495793867 -0.0041336130330382288 -0.030082069081767037 0.039018959314337916 -0.019635668321233951 0.025834411281274387 0.0065016852243075518 -0.0069459813812724732 0.01618581812247415 0.010465072034324672 -0.018849635643505509 -0.026770529512461332 0.027384920061569638 0.017293187864983791 -0.019069791243256921 -0.020603772454445304 0.030050184868571066 0.024448407910816223 -0.012463609850526381 0.011868471783841572 0.015321917044376137 0.035383002779456135 0.026095220023415657 -0.024383591824913824 0.006707066353571052 0.024698859305956434 0.01757889941546241 -0.011538923827509985 0.019353791033426146 -0.026834796749011198 0.024022864372593516 -0.018718767091632647 0.011065696272393056 0.032768511386945982
leaf_weight=9.3392028510570544 10.797845289111139 53.836990132927895 23.88926012814045 24.13377933204174 10.435052767395971 157.02954950928688 2.4918792098760596 21.55946971476078 12.088796004652975 6.5033450424671155 9.9280619472265226 7.3578083068132392 9.949639633297922 7.2129295468330374 12.241336494684218 7.0191693603992453 81.4134521484375 8.2121743410825712 15.779583930969237 20.21313850581646 12.490160495042803 24.516879364848137 5.2101370990276257 31.662975490093238 7.1825735867023459 9.085073769092558 5.9888368248939505 92.962581321597099 18.555531606078148 4.0786497741937628 10.110927745699881 11.257602512836455 6.8674402534961727 14.651189178228377 6.8966525644063976 6.3040061295032528 10.74059799313545 10.180047065019602 28.754207298159603 22.067523196339607 18.823996797204018 11.76216448843479 6.2304864078760058 30.573863506317146 6.4391980320215225 11.454105123877527 8.3022600561380369 5.5720220357179633 17.813742861151695 13.839786440134047 14.590255096554754 10.95244984328747 14.473502457141874 7.1251501590013495 5.4615629762411118 11.007021725177767 10.772989973425863 8.8911057263612765 7.2829261720180503 15.425375297665594 12.11267629265785 37.746392011642456
leaf_count=23 25 222 94 58 23 638 8 61 57 23 42 17 36 24 38 14 290 20 70 72 20 73 14 67 23 32 21 165 56 12 39 17 26 33 22 22 27 33 114 88 49 31 27 140 15 26 23 18 47 24 35 46 42 19 17 37 29 45 20 53 31 70
internal_value=-0.000177197 -0.00598751 -0.00799832 0.00664206 -0.00289305 -0.0096671 0.0182605 0.00135523 -0.00602178 0.00290455 0.00678631 0.021353 -0.011716 0.0141361 -0.00906891 -0.00567547 -0.0167629 -0.0155998 -0.00727188 -0.00696326 0.0272832 0.0108799 0.0184163 0.0255331 0.00571364 -7.38091e-05 -0.0163348 0.0283599 0.0168082 0.021669 0.00337274 0.0244595 -0.00310991 0.0113231 -0.00561498 -0.00158107 0.00280845 -0.00526677 -0.0111848 -0.0188481 0.0187721 -0.0110122 -0.00639655 -0.0128401 0.00589478 -0.00173445 0.00893679 -0.0151774 0.00939877 0.0112881 0.0189587 0.00238104 -0.0066855 0.00551624 -0.00351601 0.0127089 0.00374146 -0.0193982 -0.00393435 -0.00842812 0.0251043 0.0274961
internal_weight=1137.65 865.045 738.189 75.5329 51.3991 662.656 272.604 42.1563 410.455 104.457 92.368 230.448 40.964 103.948 305.999 212.344 93.6548 252.201 78.9975 205.325 126.5 82.44 48.838 36.8731 126.856 33.602 59.8258 124.008 31.0457 61.1506 42.7971 20.5968 145.499 21.5186 123.98 95.016 74.8029 49.6749 38.9343 28.9642 25.128 70.7853 55.0057 43.2435 12.6697 35.4393 19.7564 15.6829 100.632 93.4497 50.2101 43.2397 25.426 17.0748 11.9649 36.3703 21.78 173.204 16.174 26.2232 53.9377 49.8591
internal_count=3603 2993 2632 230 172 2402 610 101 1396 325 268 509 149 260 1071 743 328 1006 303 729 249 226 121 81 361 105 243 241 76 137 123 40 486 59 427 317 245 174 147 110 71 283 213 182 42 106 49 57 283 260 125 135 88 55 40 101 66 703 65 78 113 101
is_linear=0
shrinkage=0.03


Tree=40
num_leaves=63
num_cat=0
split_feature=38 38 27 5 25 27 36 25 39 33 58 46 85 23 27 66 73 51 27 35 65 46 51 6 60 5 64 44 18 58 16 21 18 55 72 7 7 43 24 9 51 49 27 15 48 1 4 34 72 36 42 42 7 40 25 69 20 43 73 70 46 33
split_gain=68.1694 35.1993 28.1746 9.56101 9.52112 8.34816 13.5394 9.84958 9.28703 11.2083 8.88098 6.94106 6.99066 6.84879 6.80604 6.98572 6.71831 8.05856 11.9908 6.19941 6.07078 5.97838 7.94298 5.73027 7.19429 6.69196 6.59828 5.58992 5.46687 6.2805 6.95632 7.33102 6.87011 5.75818 5.20098 5.13419 4.89772 5.08495 6.23854 4.91192 5.53561 5.75126 4.8036 6.54423 4.71547 7.00656 4.70628 4.6985 4.95118 4.4221 4.49285 7.10528 5.26957 4.32666 4.85572 4.32378 5.70283 4.18869 4.18199 8.09678 4.14461 4.93599
threshold=-1.0000000180025095e-35 1.0000000180025095e-35 0.016754355592427904 85.13408381942007 41.006298034903985 0.011146695817319852 0.0052553012478620013 60.99856011081814 163.21500396728518 170683150.00000003 1.6365000009536745 0.0064407390756007514 14.074486732482912 141.9081876711484 0.0076511554434743508 0.31557904045813118 -0.020548106372814297 24.454999923706058 0.029877690359507252 1.1366144442172159 0.018477835465691855 0.0059648705552637505 14.934999942779543 0.076111979824081466 1.9829999804496767 64.132784360780747 -0.049733636689395837 59.972148505453283 0.034112092066269604 1.563499987125397 0.42747957766479067 107.02314933327166 0.042323305491146011 -0.9904613145008988 44.653371515010036 0.0089023005477285519 0.010789228511262102 16851800.000000004 21879250.000000004 -1.0000000180025095e-35 18.005000114440922 15.585000038146974 0.015158676472193001 61.625945919006192 1.0000000180025095e-35 5.3104934536991433 143049800.00000003 73.076107405935389 61.326600348128743 0.009466121751632901 140.61999511718753 121.86499786376955 0.014537064723158452 120.76499938964845 46.876762020358463 79.715000152587905 26.614782333374031 12149350.000000002 0.78010206464053777 86.31000137329103 0.013532523214442602 266461550.00000003
decision_type=2 2 2 2 2 2 2 2 2 2 2 2 2 2 2 2 2 2 2 2 2 2 2 2 2 2 2 2 2 2 2 2 2 2 2 2 2 2 2 2 2 2 2 2 2 2 2 2 2 2 2 2 2 2 2 2 2 2 2 2 2 2
left_child=44 2 3 5 55 7 -7 21 9 10 -8 20 -13 42 -6 28 17 -4 34 -17 -9 22 -2 24 46 27 57 -25 33 -30 32 -32 -31 -16 -19 -12 -37 38 39 -38 41 49 -10 -44 45 -1 -18 48 -14 50 51 52 -41 54 -23 56 -3 -26 -28 -60 -20 -62
right_child=1 4 16 -5 14 6 8 11 13 -11 35 12 47 -15 15 19 23 18 60 -21 -22 53 -24 25 26 -27 58 -29 29 30 31 -33 -34 -35 -36 36 37 -39 -40 40 -42 -43 43 -45 -46 -47 -48 -49 -50 -51 -52 -53 -54 -55 -56 -57 -58 -59 59 -61 61 -63
leaf_value=0.010318700634514209 0.023242833336841819 -0.014790281744091487 0.031330149092811892 0.022807249754832351 -0.018109614366164633 0.036206405608220645 0.049534011688607729 -0.018720403869799101 -0.019677914595804046 -0.010678573896472544 0.036472198174512437 -0.008390566812727613 0.0067843456840329637 0.014697488603800494 0.016549501448790679 0.029272072496182688 0.010834588132845303 -0.015811769241551078 0.040100083445346643 -0.0074837831318619562 0.014788835923893587 0.01301185820849865 -0.020351306568234792 -0.015757504569249087 -0.01427179472773875 0.014675070927768452 0.026460057446488053 0.016400942235454827 -0.00934107940640631 0.053515547144672514 -0.0040246295908862627 0.033089851670083055 0.012086336381119599 -0.0086102364621286204 0.016504032449993912 -0.012237158149460848 -0.0062210823896678719 0.034778692073781307 -0.0036663481959535666 0.03885508248070399 -0.0047623496078812375 0.038307901482961086 -0.011338629092692856 0.028611223680746527 -0.018613235160963592 -0.011748954218935303 0.043049623451929399 0.047767456814371452 0.039149276534891898 0.042151509623395478 0.036423968853806561 -0.0066083235045089244 -0.00028411835941187801 -0.020373858455579319 -0.014912338946055334 -0.014927387782071476 0.021909925666105844 0.017450478993656125 0.035308681391916494 -0.0088104433447804692 -0.002753178056228248 0.034981645240580533
leaf_weight=13.959207952022551 9.6049842685461027 8.1040936112403852 49.104380860924721 21.505860283970833 17.861661851406097 12.467738300561903 5.2877172678709021 14.449122339487078 26.905168116092682 24.538820892572403 6.1718508005142203 9.2440059185028058 15.401603966951376 11.046547621488569 9.1902998834848386 13.701668694615366 5.8274729698896435 12.28821036219597 12.062274247407915 5.9118198305368415 7.3364323228597632 9.0627160817384738 6.1830128580331793 17.477483063936237 11.099374711513521 28.306206107139587 25.015762254595757 6.7410303950309745 17.618687719106674 5.9401694238185874 23.91695095598698 5.9892997145652762 9.1535839885473234 74.978387504816055 7.0560487657785407 9.5076908469200117 10.083170995116232 7.0916233956813803 27.45871365070343 7.700835585594179 9.4177957922220212 12.135843202471731 12.535053461790087 5.2301608175039283 85.576951920986176 178.92265611886978 13.620884671807287 5.1066219359636298 5.8774352967739096 4.6515702754259101 5.3006085604429236 16.514485314488411 5.1774082481861115 40.645827665925026 14.687131017446516 80.811979383230209 7.1926861256360999 5.6547824740409842 5.8212976455688503 10.489627107977865 6.4684196114540082 6.026557520031929
leaf_count=47 37 22 213 85 46 56 26 34 64 64 28 25 51 39 34 57 21 30 57 17 27 32 14 43 28 103 103 25 49 30 72 26 33 214 26 26 28 31 80 35 27 55 33 22 200 460 65 25 27 22 24 47 16 96 37 220 28 21 26 28 19 27
internal_value=0.000187941 0.00427445 0.00836708 0.00338111 -0.00450413 0.00221029 0.00584572 -0.00358168 0.00401491 0.00787664 0.011476 0.00590364 0.0140601 -0.00645352 -0.000511476 0.00137753 0.0168237 0.0229804 0.0136411 0.0181933 -0.00743594 -0.0103736 0.00617017 0.0124208 0.017604 0.0047702 0.0123158 -0.00680646 -0.000869363 0.00584291 0.0117878 0.00340826 0.0283909 -0.00586307 -0.0040242 0.00981581 0.0083857 0.0102437 0.00847618 0.0131734 0.0163846 0.0202532 -0.011684 0.000422791 -0.0127523 -0.0101519 0.0333968 0.0219254 0.0157238 0.0146843 0.0110016 0.00641698 0.02312 -0.0144297 -0.00425673 -0.012159 0.00246649 -0.00356505 0.018754 0.00693548 0.0275564 0.015447
internal_weight=1160.22 881.759 601.387 378.328 280.371 356.822 219.223 137.599 206.755 151.038 126.499 57.4152 35.6297 55.7169 184.263 166.401 223.06 93.0059 43.9015 19.6135 21.7856 80.1837 15.788 130.054 77.5292 52.5247 58.0808 24.2185 146.787 62.6187 45 29.9063 15.0938 84.1687 19.3443 121.212 115.04 105.532 98.4404 70.9817 60.8985 51.4808 44.6704 17.7652 278.459 192.882 19.4484 26.3857 21.279 39.3449 34.6933 29.3927 12.8782 64.3957 23.7498 96.1088 15.2968 16.7542 41.3267 16.3109 24.5573 12.495
internal_count=3603 2896 2048 1213 848 1128 723 405 667 509 445 189 128 158 578 532 835 372 159 74 61 216 51 463 292 171 206 68 458 210 161 98 63 248 56 419 391 365 334 254 226 199 119 55 707 507 86 103 78 144 122 98 51 165 69 270 50 49 157 54 103 46
is_linear=0
shrinkage=0.03


Tree=41
num_leaves=63
num_cat=0
split_feature=38 38 27 26 61 56 73 63 7 64 58 16 73 20 36 7 45 46 45 45 54 28 35 16 64 54 51 64 83 50 25 34 45 6 34 47 64 67 61 34 44 26 54 24 28 7 33 74 10 22 16 7 8 46 23 46 27 18 5 26 63 46
split_gain=207.405 58.5988 15.6443 14.4463 14.5919 12.5747 10.3837 11.2733 10.291 9.65389 10.3383 9.32471 9.00709 9.38911 8.87308 8.82507 8.69706 7.12542 7.09989 9.1247 8.86889 7.0826 10.8267 9.50766 12.9669 9.57104 9.19682 7.03925 6.88952 6.59883 6.33044 6.20151 9.16436 9.87776 5.65699 5.55498 6.01292 5.33502 5.2093 6.33486 6.95304 6.49682 6.20951 5.43215 5.1463 5.93943 4.98592 4.9329 4.81078 4.70404 4.57542 4.51694 4.43487 4.39914 4.72785 6.97643 4.60301 4.23032 3.95605 4.5926 3.7334 3.73003
threshold=1.0000000180025095e-35 -1.0000000180025095e-35 0.019676554653882055 0.70899898908537839 1.8034999966621401 0.15205460373162613 0.28094116941193908 27.35075719593031 0.012330684321460552 0.0084879583932459517 1.685499966144562 0.23611568094041149 -0.81678672105069683 114.75974655151369 0.0039088109304695508 0.0076285391959876004 -0.011403737688162548 0.0086005524222115531 -0.52883096161189502 -2.2207139610037667 54.296043258103531 0.10287735422440476 2.6167709009463214 -0.19900506511848973 -0.00063502271170094986 39.51503167295224 16.125000000000004 0.04440559611920001 0.0044809086006546003 12.944999694824221 41.006298034903985 58.554354447301954 -0.21388126352506728 0.044456294294892652 87.150278699501442 0.12500334385452927 -0.034846695247116394 95.655002593994155 1.8665000200271611 65.287651578505546 47.888114478631998 0.96541398942025591 42.169330805822 8779600.0000000019 0.086823400287681721 0.018329801819271303 154150200.00000003 0.0044029306289599009 266.59645080566412 138.50575327198285 0.080641199012420714 0.015354051164553552 0.0097140382553217528 0.010204106909725352 41.167856983168257 0.0077498311296467009 0.0081626452520557526 0.042323305491146011 68.58837651284027 0.42465563208077134 58.838699638491015 0.0091091538333351509
decision_type=2 2 2 2 2 2 2 2 2 2 2 2 2 2 2 2 2 2 2 2 2 2 2 2 2 2 2 2 2 2 2 2 2 2 2 2 2 2 2 2 2 2 2 2 2 2 2 2 2 2 2 2 2 2 2 2 2 2 2 2 2 2
left_child=1 14 3 4 6 16 7 -3 11 29 -11 -6 -2 30 28 -13 18 -15 19 -5 37 23 46 27 57 47 60 44 -1 -9 -14 32 33 -4 -33 -34 -37 -20 -32 40 41 42 -40 -41 45 -10 -23 -26 -19 52 -45 58 -16 54 -17 56 -56 -25 59 -42 -27 -8
right_child=12 2 31 5 8 -7 61 9 21 10 -12 15 13 17 49 53 -18 48 20 -21 -22 22 -24 24 25 26 -28 -29 -30 -31 38 34 35 -35 -36 36 -38 -39 39 43 51 -43 -44 50 -46 -47 -48 -49 -50 -51 -52 -53 -54 -55 55 -57 -58 -59 -60 -61 -62 -63
leaf_value=-0.01886579643227753 -0.022233661815497824 -0.028930828080878886 -0.0079402935263995483 0.015737657582521804 -0.011947146721101984 0.028539404131479363 -0.022793599032034349 -0.028692543236046506 -0.0091139981074206608 -0.024318824749383301 0.025749645228424892 -0.013712574075069426 0.028070444513098838 -0.012950331216303566 -0.0057729896433170195 0.038676465831331427 -0.025967132580587759 0.00078117515403027112 -0.021608612720311261 -0.02393654623198662 0.040274499478402413 -0.025237984988512659 0.019757930862304481 -0.022690415634069722 -0.027471831324488362 0.0064356155410718492 -0.010043680409889854 -0.01486146837559954 0.015991216718303794 0.030031855219363756 0.026858161423157893 -0.022201527180189508 -0.021724229762199634 0.026663795434226235 0.015872338144654646 -0.020971917769720873 0.014018500855396505 0.012793312057991318 -0.012738998999366162 -0.031726654154276737 -0.016393823763915689 -0.014319952702615608 0.024841188830909175 -0.0071197699057252957 0.032245157272600466 0.030788203471240037 0.0081065275326472133 0.0051297917929022507 0.033432841012906604 -0.0033050428514603261 0.027420531851686272 -0.018799788956986679 -0.023274112812977411 -0.0002998215563435869 0.00035317824546065278 -0.0062834176561353391 0.031086043926747065 0.0030850304788858879 0.028156730934796301 0.020583908225014953 0.034853195985583722 0.0086945600769503095
leaf_weight=9.7886292338371295 4.4431006908416739 4.2001543641090384 17.5019795447588 6.6665092855691936 16.385737642645836 6.9258079379796973 8.1112484931945783 1.7847366183996189 8.6413821280002612 7.4938495606183988 7.3539216220378876 9.2804651707410795 109.76271243393421 12.245447725057604 13.859468102455137 11.259154960513113 31.529907509684563 8.0010329782962817 7.9204003214836183 23.999841272830963 5.4391632527112952 33.349764928221703 6.8573446571826926 34.587056234478951 9.5297684222459811 5.8956514447927537 8.9808435291051847 6.868083879351615 10.661848604679106 49.11323419213295 53.485759884119034 49.091384425759315 31.740586429834366 12.893348038196562 3.7827942371368399 7.7011744827032116 10.374492451548575 8.3176302611827833 4.4167656898498526 1.5608972162008274 7.9379823207855278 5.2923534214496604 38.02628381550312 3.7066618502140036 13.590213209390638 5.4904659539461127 4.5915456265211096 7.4365531653165808 8.2472300678491575 12.457493916153906 50.161679983139038 9.3830786496400815 218.11398561298847 9.8582388907670957 5.6232130378484753 9.0837425440549833 19.936690002679825 6.8687086105346671 5.4722696840763083 4.8820066601037979 14.139489129185675 5.8117199689149848
leaf_count=22 19 17 79 24 57 17 34 10 33 26 20 45 241 47 35 23 133 22 32 109 12 135 18 133 38 21 34 22 24 114 123 262 154 34 11 36 42 26 17 8 26 24 96 14 35 14 16 26 18 33 124 42 593 38 15 30 47 24 13 14 33 19
internal_value=-1.4343e-05 -0.00806301 -0.00253068 0.000292214 0.0031913 -0.010312 0.01401 0.0187196 -0.000463638 0.0217637 0.000479483 0.00827915 0.0201892 0.0207735 -0.0196758 0.0133747 -0.0135201 0.00433064 -0.00602247 -0.0153118 0.00711904 -0.00473094 -0.0149329 -0.000985642 -0.00625253 0.00471694 0.0151829 0.0123282 -0.000693106 0.0279727 0.0223666 -0.0115013 -0.00624347 0.00673836 -0.0194776 -0.0141643 -0.000889238 -0.00398686 0.0189701 0.0157456 0.0100862 0.0170223 0.0209305 0.0234452 0.0190643 0.00638869 -0.0212027 -0.0131821 0.0173544 -0.0212641 0.0250438 -0.00187755 -0.0222285 0.0178829 0.0217879 0.0162991 0.0243248 -0.0184197 0.00680277 -0.00231226 0.0264909 -0.00964982
internal_weight=1147.91 820.889 556.008 422.922 332.123 90.7993 83.8689 69.9459 248.254 65.7457 14.8478 81.4272 327.025 322.582 264.881 65.0415 83.8735 28.4937 52.3435 30.6664 21.6772 166.827 44.7987 122.028 87.4381 45.9823 29.016 34.5901 20.4505 50.898 294.088 133.086 80.2116 30.3953 52.8742 49.8163 18.0757 16.238 184.326 130.84 75.4107 47.7354 42.443 55.4292 27.7221 14.1318 37.9413 16.9663 16.2483 244.431 53.8683 27.6753 231.973 55.761 45.9028 34.6436 25.5599 41.4558 18.2923 12.82 20.0351 13.923
internal_count=3603 2755 2048 1430 1077 353 240 187 837 170 46 255 848 829 707 198 336 87 203 133 70 582 169 413 309 152 88 104 46 124 742 618 345 113 273 232 78 58 501 378 232 137 113 146 82 47 151 64 40 661 138 95 628 153 115 92 62 157 53 40 54 53
is_linear=0
shrinkage=0.03


Tree=42
num_leaves=63
num_cat=0
split_feature=38 38 67 23 27 79 17 47 65 15 65 58 84 48 8 76 27 37 54 54 83 30 36 24 73 56 8 36 18 68 41 8 84 35 84 56 72 11 24 73 74 47 72 86 72 36 25 73 6 29 83 45 72 4 41 5 8 66 6 82 15 74
split_gain=338.437 40.7087 13.4496 14.6303 17.2 14.3935 11.5661 15.3875 11.4866 8.73888 7.89044 7.81779 7.30386 7.18696 7.50505 6.98378 6.51838 12.1334 6.18997 5.97231 6.038 5.36469 5.34536 5.28062 5.25355 5.14144 6.52389 5.09017 4.60565 4.44685 4.35966 5.71219 5.56609 4.42109 5.9391 5.48479 5.04828 4.11514 4.25979 3.9589 3.7796 3.7614 7.46637 3.6808 3.52371 3.21533 3.13495 2.97699 5.36802 3.19439 2.81104 3.1339 5.58641 2.5534 6.57911 2.51138 2.40082 2.21764 6.74561 2.1819 2.12451 2.12377
threshold=-1.0000000180025095e-35 1.0000000180025095e-35 75.665000915527358 134.95282305939293 0.0081626452520557526 9.7799405244761868 0.013646237791496051 0.11387546230336067 0.010038498851727152 39.404737295218268 0.019089972820296303 2.2734999656677251 0.046507689871344057 1.0000000180025095e-35 -0.0060440395702609992 74.53998184204103 0.022069384653104953 0.10012595014684941 44.203853679928081 34.574008576134396 0.019882448047644701 437.32563333081231 0.004595226803980201 56451200.000000007 0.95677382802229272 0.068738112526224762 0.071912113021146612 0.0042818810866683005 0.038391545778402057 73.139999389648452 179.46499633789065 0.098467557226767213 0.025399991354770602 1.0788240254572801 0.031502919869025751 0.085615305794111321 40.976472142480858 157.37919832771402 22891800.000000004 0.54229786429733207 0.0024100998481893505 0.099875973791567763 65.314035660752936 15.907310717260884 60.506121190412273 0.011006266912486252 32.95221812096122 -0.27833196227078355 0.11659387829844811 412.63212585449224 0.0071026517222905509 0.1322492941067139 61.461475844100931 95276800.000000015 169.18000030517581 45.327233205868829 0.087198486062361122 0.32379875408493858 -1.5890744279302709 0.1162985701971788 41.399915357093697 0.0045756360498442009
decision_type=2 2 2 2 2 2 2 2 2 2 2 2 2 2 2 2 2 2 2 2 2 2 2 2 2 2 2 2 2 2 2 2 2 2 2 2 2 2 2 2 2 2 2 2 2 2 2 2 2 2 2 2 2 2 2 2 2 2 2 2 2 2
left_child=13 2 5 4 6 45 7 -4 -6 10 -10 28 16 14 -1 18 17 -11 -5 -14 -21 -17 -9 24 30 -13 -27 44 43 -29 31 32 40 34 35 36 -34 -3 53 61 -19 42 -31 -12 -16 -2 -7 48 60 57 51 52 -42 54 -39 -38 -37 58 -49 -36 -43 -35
right_child=1 37 3 15 8 46 -8 22 9 12 11 25 19 -15 27 21 -18 23 -20 20 -22 -23 -24 -25 -26 26 -28 29 -30 41 -32 -33 33 39 59 56 55 38 -40 -41 50 47 -44 -45 -46 -47 -48 49 -50 -51 -52 -53 -54 -55 -56 -57 -58 -59 -60 -61 -62 -63
leaf_value=-0.028765170689949469 0.004828438456115039 -0.023242158396106535 -0.023539932415899134 0.03498937685974924 0.016987953604334353 -0.0017831740440161104 0.039253976861702719 0.0044702223686612311 -0.023224553573170464 0.024364293549443791 -0.02683647087277434 0.028183127016584118 0.020352416353254788 0.030431568361025167 -0.010020772094667877 -0.028008624263412944 -0.024591133294865494 0.0036550870902664445 0.0037459056511017436 -0.027359026952123274 0.0067596689067144231 0.0085603076496221196 0.037641823653283751 0.018883744691605746 0.013094324550945858 -0.015815680729672058 0.022530471302185724 -0.031982476340120872 0.017499234993075048 0.024548069494614033 0.0084683049289522375 -0.024956997881248947 -0.0068711657814563539 -0.024814737084544413 -0.023281932333021834 -0.021199390986589916 0.043181039427975854 -0.021902115453767728 0.0079924235450273811 0.0060978303897033202 0.011787099740235842 0.011768231921265923 -0.010069653158530345 0.00066461525748291099 0.017029689185089483 -0.026756432743463794 0.02899256185844843 -0.037552076488906259 0.00034904289327676905 0.012845980548817599 -0.023813398575934275 -0.02711031911840853 -0.026590007426433433 -0.024098932354388706 0.018668366574958128 0.015763974449613669 0.0064910183510482333 0.035795654773424709 0.026983922079445548 -0.0005158911775441996 0.031202835484706065 -0.0063431353079058204
leaf_weight=2.6696679145097724 4.5819307714700681 199.36750839650631 13.419178530573847 12.234676524996759 12.641432553529738 3.4836676865816143 9.0345253199338895 9.9619429111480731 12.545433714985846 7.4902193397283545 11.440327376127248 12.537692859768869 9.309600383043291 113.10175737738609 7.0427608489990261 5.9578634798526755 55.503302246332169 6.1883260309696189 10.696722656488417 8.6922340542078036 10.083733409643171 9.1635923385620099 7.7916382253170005 4.2224517166614524 5.8689094781875601 8.3476556241512316 7.6545942574739447 1.3114568889141072 4.5090700387954703 15.954053342342378 6.5713769048452368 53.154045477509499 7.2683276236057308 24.350030526518825 12.986503034830095 8.0075266361236555 4.2390930801630011 10.677766591310503 7.1926905661821356 5.9556806981563559 8.7757522016763705 7.3305834084749248 8.6461537778377515 7.0974991470575324 11.268667265772818 7.905755952000618 20.559188395738602 1.4763616919517506 11.694669410586355 13.831253603100775 63.583061844110489 7.4591012597084037 5.587107688188552 21.083844527602196 5.4251860380172721 10.344046562910078 4.3482531309127799 26.401069983839989 115.14915215969086 5.3495166450738898 16.360506936907768 7.2758424878120413
leaf_count=10 19 702 50 22 30 10 16 27 58 17 54 28 29 200 18 27 310 21 35 38 36 25 14 12 16 34 18 5 15 34 16 251 28 103 60 33 9 40 19 23 30 17 27 25 22 45 41 7 36 32 273 33 21 73 14 35 15 44 224 20 31 26
internal_value=-0.000196753 -0.0112436 -0.00660784 -0.00789757 -0.00937768 0.0109619 0.00936592 0.000703724 -0.0111747 -0.0120499 -0.00188624 0.00330304 -0.0139524 0.0242005 0.0212534 0.00997886 -0.0152613 -0.0132622 0.0204154 0.000705861 -0.0090354 -0.00584788 0.0190285 -0.0143826 -0.0149506 0.0137978 0.002527 0.0218181 -0.00969309 0.0230933 -0.0156323 -0.0163066 -0.0137762 -0.00848318 -0.00286375 0.00452067 0.0135538 -0.021403 -0.0131411 -0.0163398 -0.0189844 0.0234264 0.0123811 -0.0163072 0.00662581 -0.0151674 0.0245333 0.0248398 0.0169798 0.026613 -0.0206249 -0.0113344 -0.00314148 -0.0172288 -0.00823366 0.0237337 -0.0114546 0.0279443 0.026167 -0.01664 0.0251893 -0.0205652
internal_weight=1130.16 777.925 534.178 497.648 459.595 36.5305 40.2073 31.1728 419.388 406.746 64.1323 51.5868 342.614 352.238 239.136 38.0529 314.528 259.025 22.9314 28.0856 18.776 15.1215 17.7536 251.535 247.313 28.5399 16.0022 236.467 23.0469 218.155 241.444 234.872 181.718 90.1248 52.5433 34.2072 21.8515 243.747 44.3795 37.5816 91.5933 216.844 24.6002 18.5378 18.3114 12.4877 24.0429 192.244 35.3858 156.858 85.405 21.822 14.3629 37.1868 16.103 14.5831 12.3558 143.027 116.626 18.336 23.6911 31.6259
internal_count=3603 2896 2048 1933 1824 115 107 91 1717 1687 232 174 1455 707 507 109 1352 1042 57 103 74 52 41 1025 1013 80 52 497 94 457 997 981 730 352 200 120 72 848 146 152 378 452 61 79 40 64 51 391 84 307 357 84 51 127 54 44 48 275 231 80 48 129
is_linear=0
shrinkage=0.03


Tree=43
num_leaves=63
num_cat=0
split_feature=38 38 27 27 26 36 35 14 19 47 26 82 5 37 59 36 21 40 15 86 55 8 4 84 6 45 27 69 68 8 73 55 44 48 1 35 82 47 27 47 45 27 61 5 87 61 43 47 44 89 73 4 6 4 6 7 5 59 83 5 81 65
split_gain=65.148 32.6146 26.6715 10.2868 12.0114 11.0194 9.43924 9.44727 9.99747 9.368 9.17419 10.1532 8.56277 7.5486 7.6437 7.82408 7.43162 6.93732 6.58894 5.84994 6.40313 5.67225 5.49274 5.4595 5.20995 5.12112 5.66061 4.74285 5.83707 7.46681 4.70738 4.66821 4.97809 4.53403 6.71505 4.43576 4.30181 4.29378 4.28963 4.23282 4.22061 5.35417 4.1193 3.9531 3.86933 3.85242 3.81464 4.51552 5.43871 4.18506 5.33115 3.76942 3.70719 6.12134 3.68096 4.42206 3.62121 5.32214 5.11538 5.97263 5.05725 4.29886
threshold=-1.0000000180025095e-35 1.0000000180025095e-35 0.022069384653104953 0.011966790275431351 0.46417234241940269 0.0053295487673054006 2.7054339927136088 44376500.000000007 -1.0000000180025095e-35 0.12826133552722926 0.65458462052714783 0.29025246681274913 80.507686782546486 0.14523696025826277 3.0720000267028813 0.0060120601335024006 27.206651182289079 123.07999801635744 35.237127717146123 8.3617258713816565 -1.2269106701675179 0.12089668339263011 552878200.00000012 0.012087374426952001 0.25620700655733991 -0.53750012678425907 0.0093026332250242521 96.604999542236342 96.014999389648452 0.091210824703218604 0.20240544678847527 0.072893839676428471 55.753601063788203 1.0000000180025095e-35 5.3104934536991433 -2.3622774155348476 1.1250271193784303 0.12731626714484132 0.015889389794663051 0.13185715128378164 -0.42828598750031682 0.024191071686026151 2.3155000209808354 63.68010134813256 8.7609395438883091 2.1529999971389775 5348400.0000000009 0.11981105467194507 31.014109665094228 41058774.000000007 0.057430369777421157 76244550.000000015 0.72200842110487085 133394800.00000001 0.20401979131402204 0.019098099673053152 55.101558287126167 0.78649997711181652 0.0043045541264905007 75.430577908992362 75.744472050394606 0.0088035362653349509
decision_type=2 2 2 2 2 2 2 2 2 2 2 2 2 2 2 2 2 2 2 2 2 2 2 2 2 2 2 2 2 2 2 2 2 2 2 2 2 2 2 2 2 2 2 2 2 2 2 2 2 2 2 2 2 2 2 2 2 2 2 2 2 2
left_child=33 2 3 4 17 -5 7 8 -7 35 13 54 25 14 -3 -16 -17 24 44 20 -20 -13 -22 -18 -2 -6 42 28 29 37 39 32 -26 34 -1 45 40 -9 -8 -11 41 -21 43 -27 -4 -10 -37 48 -48 -50 -51 -35 53 -28 55 -12 61 -58 -59 60 -60 -36
right_child=1 10 18 5 12 6 38 27 9 30 11 21 -14 -15 15 16 23 -19 19 36 22 -23 -24 -25 31 26 52 -29 -30 -31 -32 -33 -34 51 56 46 -38 -39 -40 -41 -42 -43 -44 -45 -46 -47 47 -49 49 50 -52 -53 -54 -55 -56 -57 57 58 59 -61 -62 -63
leaf_value=0.010038584532744307 -0.009932005377162198 -0.010899032291519267 0.015016546173931925 0.041340518848044946 0.017373987344271796 -0.0079150272372197628 -0.012094225275446444 -0.0026787577850574378 -0.012104254167335762 -0.0095783453359867543 0.0052698208788705316 -0.011668444991690998 0.034463955997924803 0.024507683906763538 -0.020194331480523686 -0.005734992665579839 0.0070034334244644418 -0.014674817420014617 0.028299922798915859 -0.00065403261600644315 -0.0083375651483799506 0.020083134246174951 0.01930160573735026 0.045563427571396538 0.01879423365812179 -0.011334544620162921 -0.014418553142062305 0.03025098791532357 -0.022695917914615556 0.033223200737175988 -0.022371836715400106 0.033310745961875554 -0.013635856998258613 0.016466603494819841 0.071112320194927747 0.033453345133219313 0.0021282409339530017 0.020918367654451715 0.0076775049714901461 0.024919886001572345 0.037065286032549626 0.030457601414250655 -0.021296983896515957 0.021797853371839298 -0.016145686442003124 0.017582320324430703 0.033907152288889526 0.033552788440962399 -0.0065452099746247426 0.028866422793496736 0.0062978679162078903 -0.019459846897523034 0.028321682500523703 0.019217881862511742 0.034067502069612517 0.037696961198375289 0.06596877883881358 0.062758710833985071 -0.0063427064340989573 -0.020981200951321877 0.021434782002519023 -0.015760088831922505
leaf_weight=14.012509539723395 19.939518868923187 171.95649191737175 8.315122574567793 8.8549124896526319 19.650812640786171 16.31928776204586 29.171364724636078 60.628992035984993 6.5346839725971249 6.1114423125982302 20.596371263265613 28.836255773901939 9.5393059998750669 6.4672076404094687 8.0960436910390872 9.8523153811693209 5.9051517397165281 56.207881510257721 17.93565046787262 7.2126512676477459 13.426525980234148 6.1422915756702414 12.491770371794699 7.5039503872394562 8.6784375458955818 8.1421036720275897 9.5456880331039482 5.028283327817916 8.9147668629884702 6.6923998296260825 6.8075380474328986 6.1799582093954077 8.36721523106098 2.715846136212348 0.51532177627086539 22.528517186641693 5.079709827899932 7.8371815532445899 14.930444598197935 6.7213372737169266 37.697657808661461 16.071284472942352 14.157242372632025 5.3841077834367743 6.3054703474044791 9.8860931694507581 11.801639869809149 16.038151547312737 9.596326991915701 15.994963824748991 22.916767925024033 81.616678357124329 6.9047940373420706 9.9395832568407041 8.4875661283731443 4.6369669288396826 0.89712917804717918 0.92079675197601218 45.759587779641151 23.410189941525459 6.7718644738197318 99.367186456918716
leaf_count=47 55 487 30 42 73 45 78 180 17 16 68 80 42 26 20 29 20 145 77 22 37 24 48 36 33 22 23 21 19 29 15 27 21 10 3 99 16 30 50 27 175 70 31 21 15 37 52 70 27 68 76 190 29 38 37 21 5 5 128 52 26 241
internal_value=0.000209273 0.00420179 0.00813717 0.00490303 -0.000686219 0.00838325 0.00735733 0.0096982 0.0142631 0.0169453 -0.00428406 0.00523106 0.00771864 -0.00740008 -0.00841504 0.00520657 0.0140473 -0.00772856 0.0204974 0.0230141 0.0145197 -0.00609281 0.00498361 0.0285822 0.00131657 0.00425802 -0.000508447 0.00194896 0.000256262 0.00297868 -0.00220667 0.0109736 0.00287525 -0.0125062 -0.00995548 0.0202078 0.0286531 2.23565e-05 -0.00540061 0.00849056 0.0308626 0.0208202 -0.00998545 0.0018538 0.00157711 0.00576848 0.0226057 0.0194049 0.0156425 0.0111988 0.0155748 -0.0183029 0.00943302 0.00273965 0.0169773 0.0112287 -0.0115326 -0.00667814 -0.00752607 -0.00837828 -0.00276189 -0.0153119
internal_weight=1154.96 878.968 600.488 475.952 182.637 293.315 284.46 240.358 151.257 134.937 278.481 68.6995 83.2636 209.781 203.314 31.3575 23.2614 99.373 124.536 109.915 43.8539 34.9785 25.9183 13.4091 43.1651 73.7243 54.0735 89.1016 84.0733 75.1586 19.6403 23.2256 17.0457 275.987 191.655 115.297 66.0613 68.4662 44.1018 12.8328 60.9816 23.2839 27.6835 13.5262 14.6206 16.4208 98.8764 76.3479 60.3097 48.5081 38.9117 84.3325 26.3901 19.4853 33.7209 25.2333 177.642 77.7596 76.8624 75.9416 52.5315 99.8825
internal_count=3603 2896 2048 1558 560 998 956 828 549 504 848 230 279 618 592 105 85 281 490 445 162 104 85 56 136 237 164 279 258 239 58 81 54 707 507 446 283 210 128 43 267 92 74 43 45 54 392 293 223 171 144 200 90 61 126 89 460 216 211 206 154 244
is_linear=0
shrinkage=0.03


Tree=44
num_leaves=63
num_cat=0
split_feature=38 38 83 26 48 16 60 6 5 28 36 45 26 6 10 6 5 28 50 68 74 52 47 36 79 83 25 45 17 48 54 46 72 5 54 66 65 25 34 45 72 56 69 44 25 56 65 74 45 25 66 63 1 26 26 83 15 72 83 5 36 25
split_gain=195.987 56.7331 12.3452 12.1004 10.9238 9.36665 9.29338 12.1534 11.0636 8.69504 8.64084 8.39054 19.1431 8.2172 8.9242 7.53805 8.41126 7.48475 7.6842 7.23948 7.20046 7.47863 7.20193 7.18675 7.07496 6.79283 6.75731 6.53484 6.33563 6.19108 5.97727 5.78271 5.57724 5.62837 5.5434 5.64001 5.24565 9.97961 5.18973 4.89517 4.758 4.73821 5.15552 4.60227 4.52566 5.93687 4.46115 5.56903 7.08055 6.42964 4.26431 7.24419 5.27313 4.93938 4.22873 6.42291 4.20285 4.10105 4.03052 3.9194 4.66 4.79435
threshold=1.0000000180025095e-35 -1.0000000180025095e-35 0.012683654456286152 -0.93618349500830067 1.0000000180025095e-35 0.34411845797916385 2.211499929428101 0.32045186758442062 51.348582387491781 0.12107230432056856 0.0039088109304695508 0.07725533757689361 0.55818507809744144 -0.34270594444393898 18.475155830383304 3.688026707896356 24.545527897034209 0.10251705789290706 18.365000724792484 97.08499908447267 0.0063652603329131512 14.894999980926515 0.11801394545778622 0.0087417116275062007 35.564529065472549 0.017420796086730254 64.201737382580305 -1.0290978284014114 0.011612352479247851 -1.0000000180025095e-35 53.81093125701522 0.011991017048814003 38.669276298420478 49.753669578593737 54.296043258103531 0.32311004586089209 0.026703901495827253 17.003365889400765 73.970673645162989 1.1694389388786492 53.413104139590892 0.10978457177925861 99.795001983642592 21.756641704678881 32.726474997729106 0.12617508160413993 0.029113461238961452 0.0029715559799543003 0.35053550181592646 55.824118978350505 0.32064845405472903 58.838699638491015 145.98537439913699 0.327937714766458 0.27109364446811496 0.0069090183620546504 65.123851355700012 58.556498733702902 0.011619725884814502 27.238206013896278 0.010634589569783753 61.848736564124678
decision_type=2 2 2 2 2 2 2 2 2 2 2 2 2 2 2 2 2 2 2 2 2 2 2 2 2 2 2 2 2 2 2 2 2 2 2 2 2 2 2 2 2 2 2 2 2 2 2 2 2 2 2 2 2 2 2 2 2 2 2 2 2 2
left_child=1 10 4 19 5 13 11 8 56 29 26 27 28 30 -15 16 -5 18 20 44 21 23 -23 39 54 -21 -1 -7 -13 43 -3 34 -11 -34 35 58 -12 -38 -30 -16 -36 -27 -43 -2 -4 -46 -18 -48 49 -49 52 -52 53 -31 55 -9 -8 -20 -6 -39 61 -61
right_child=9 2 3 15 31 6 7 24 -10 32 36 12 -14 14 17 -17 46 -19 57 25 -22 22 -24 -25 -26 41 -28 -29 38 50 -32 -33 33 -35 40 -37 37 59 -40 -41 -42 42 -44 -45 45 -47 47 48 -50 -51 51 -53 -54 -55 -56 -57 -58 -59 -60 60 -62 -63
leaf_value=0.018097749482690488 -0.029891886752095202 -0.0035982801895196141 0.031575415599955511 0.027122064506898108 -0.024170148403313402 0.01003830129903931 -0.02315726235769739 0.016441924224268267 0.0220785818772378 0.019867059698069133 -0.023804327318353507 0.0342830717029627 -0.024465572524450519 0.02450315881663161 -0.023708569561503197 0.01498468731936041 -0.023278514347095516 -0.022505262523301588 -0.024922945192712879 0.021051801421482198 0.033413513483204586 0.019377599737470677 -0.011684516487371352 0.018988013839766529 0.021307717262039897 -0.026979706271988934 -0.016540528802568174 0.035035079746448657 0.020356393239849075 0.024439093858060052 0.029994909740960148 0.020365975672618993 0.011147540465504322 -0.025111924592656414 0.016873497079420659 0.012271457207929232 0.049611067995469042 0.019584246611528983 -0.020073651042225096 0.0085132143594518293 -0.019774935143776724 -0.019917725346759639 0.026254000369449158 0.03071063518337765 0.017555541744278355 -0.020428677666577535 0.018197991899037595 0.014067658859393437 -0.025153521900240373 -0.017273607332510276 -0.015528702861614438 0.021084662516856499 -0.004511710026878538 0.014968534410867875 -0.027062543975873338 -0.028103571800540267 0.011601501832270733 -0.0019000063949343106 0.0039128458198383117 0.0036892391852816546 -0.025054113241943298 -0.020579033630630308
leaf_weight=9.3458708673715609 1.149483025074004 8.2221364974975604 8.9867833554744738 3.9408917725086203 39.020338699221611 15.469724684953688 8.7468394935131055 6.3815046548843402 28.898200675845146 10.462301880121233 172.31006582081318 13.823969855904581 12.769099220633505 8.6432176530361158 21.898262768983844 7.5409252643585196 57.905514940619469 22.897617533802986 18.547317028045658 5.8188530802726772 5.9794381260871878 21.256933450698856 9.8218380063772184 5.9303702861070624 4.8199510723352423 12.941499322652819 11.075796723365782 24.039482668042183 7.2752448767423612 134.13962252438068 11.343831866979597 5.1548879891633979 7.1195371299982062 8.3970655500888807 9.0736805200576764 5.1641568541526786 2.1508410573005667 2.6661839932203284 4.7056675106287003 5.2632719576358786 4.9154523909091941 4.669196888804434 4.0769862681627274 59.796267166733742 11.40770271420479 5.4834649413824073 5.1978677362203589 11.128783985972406 26.262989968061447 12.517102554440497 8.440687760710718 11.47612342238426 7.5875762403011313 78.609259516000748 17.894571080803871 5.3600600957870483 4.8761846274137488 11.149072453379629 5.2141926586627951 14.276895344257357 34.281629502773285 15.04932004213333
leaf_count=20 4 35 22 9 155 47 41 22 87 26 475 31 60 23 91 20 271 95 79 18 15 62 38 19 15 57 26 56 20 313 28 15 20 41 29 15 4 7 20 13 20 25 15 130 37 24 15 40 129 60 35 29 23 227 77 23 15 39 21 42 95 38
internal_value=-1.69512e-05 -0.00790236 -0.0024555 -0.00896319 0.000635035 0.00305974 0.00823836 0.00084137 0.0115719 0.0195917 -0.0194243 0.0155306 0.00557792 -0.00225977 -0.00496084 -0.014087 -0.0159615 -0.0070356 -0.00348797 0.00298564 0.00192695 -0.00100697 0.00956103 -0.0109321 -0.0124008 -0.00772991 -0.000688499 0.0252477 0.0204444 0.021028 0.0158782 -0.0101902 0.00293908 -0.00847487 -0.0126752 -0.0173963 -0.0210137 -0.0139862 0.00447694 -0.0174647 0.0039961 -0.0154521 0.00160498 0.0295676 0.0143756 0.00522453 -0.0174639 -0.0113539 -0.0144316 -0.00252304 0.0188617 0.00556802 0.0200633 0.0209398 -0.0178831 -0.00389323 -0.0107158 -0.0162793 -0.0208598 -0.0160502 -0.0175438 -0.0087645
internal_weight=1140.77 813.592 552.435 177.879 374.557 306.014 155.061 76.9773 42.5212 327.178 261.157 78.0832 38.574 150.953 131.387 124.494 116.953 122.744 99.8465 53.3845 70.1501 64.1707 31.0788 33.0919 34.4561 27.5065 20.4217 39.5092 25.8049 301.199 19.566 68.5427 25.9789 15.5166 63.3878 49.3987 240.735 68.4249 11.9809 27.1615 13.9891 21.6877 8.74618 60.9458 25.878 16.8912 113.012 55.1067 49.9089 23.6459 240.253 19.9168 220.336 212.749 29.6361 11.7416 13.623 29.6964 44.2345 66.274 63.6078 29.3262
internal_count=3603 2755 2048 742 1306 1051 514 280 143 848 707 234 131 537 474 544 524 451 356 198 238 223 100 123 137 115 46 103 71 761 63 255 87 61 240 191 661 186 40 104 49 97 40 134 83 61 515 244 229 100 627 64 563 540 122 45 56 118 176 182 175 80
is_linear=0
shrinkage=0.03


Tree=45
num_leaves=63
num_cat=0
split_feature=19 9 20 42 65 27 25 58 42 40 67 44 9 81 52 83 20 61 5 17 36 46 27 61 64 7 77 57 66 48 4 70 27 85 34 51 33 34 48 39 18 35 27 67 7 73 73 50 4 65 15 14 4 1 33 25 52 64 6 15 25 89
split_gain=120.719 20.4719 18.4641 15.2244 14.8323 14.6872 14.4718 14.33 19.6013 12.3344 10.9198 10.7335 10.1694 9.40696 9.28141 8.98402 8.88988 12.6492 8.4775 8.46611 10.8115 7.80215 8.14579 11.6888 10.4045 7.86178 7.8586 7.19653 7.00346 6.9686 6.69318 6.55696 6.52664 6.94625 6.451 6.43222 6.37651 6.23489 6.10149 8.18343 6.06314 6.04014 5.79159 11.985 8.57329 4.96808 5.98438 4.85421 4.83284 5.92902 6.41627 6.54136 4.70101 4.48642 6.14774 4.47373 10.7571 4.34654 4.07437 6.49575 6.07737 3.85671
threshold=-1.0000000180025095e-35 -1.0000000180025095e-35 117.58717346191408 172.7600021362305 0.024076260805052003 0.0081626452520557526 70.42389603421654 1.6365000009536745 162.7799987792969 121.36999893188478 75.044998168945327 68.662444308599376 -1.0000000180025095e-35 71.460983138184559 11.934999942779543 0.0088804741246118011 89.382247924804702 2.9455000162124638 70.557430315186636 0.022565737075553954 0.0071041001488299513 0.0068327538548051013 0.012698236415729902 2.5010000467300419 -0.062808197594514989 0.014295037741254851 9.2974554475216014 2.3641503596501874 0.28732032996415308 1.0000000180025095e-35 116714600.00000001 97.485000610351577 0.020644621040291956 9.2828292846679705 40.889633671069845 26.164999961853031 177802350.00000003 73.437412349416817 1.0000000180025095e-35 124.32500076293947 0.029453593610922504 -4.0067025809694163 0.061022769311188253 93.264999389648452 0.027537254907881201 -0.029453854766494196 -0.13108309083421682 16.98499965667725 134194800.00000001 0.015094460182910352 46.708024893398608 51050800.000000007 139192600.00000003 36.230299442442508 174603100.00000003 77.223659236576012 14.894999980926515 0.0039590884060801508 -0.017541543289539548 82.566727438121788 60.425643086346582 26421207.000000004
decision_type=2 2 2 2 2 2 2 2 2 2 2 2 2 2 2 2 2 2 2 2 2 2 2 2 2 2 2 2 2 2 2 2 2 2 2 2 2 2 2 2 2 2 2 2 2 2 2 2 2 2 2 2 2 2 2 2 2 2 2 2 2 2
left_child=7 37 4 6 5 9 13 8 -1 14 11 -7 27 52 -3 28 21 31 57 55 -21 36 23 30 26 29 -24 -9 38 -25 -23 -18 61 -34 35 -17 -12 41 39 -14 -39 -2 43 44 -22 46 53 -36 -47 -50 -51 -52 -4 54 -43 -6 -57 -11 60 -60 -26 -29
right_child=1 2 3 -5 19 10 -8 12 -10 18 16 -13 15 -15 -16 34 17 -19 -20 20 42 22 24 25 58 -27 -28 32 -30 -31 -32 -33 33 -35 47 -37 -38 40 -40 -41 -42 45 -44 -45 -46 48 -48 -49 49 50 51 -53 -54 -55 -56 56 -58 -59 59 -61 -62 -63
leaf_value=0.023180887218081082 -0.027584288310882551 0.020278370020199738 -0.025724751948314147 0.025305791085819394 -0.020509413044986293 0.022604299208688644 0.029296068119980631 -0.025816132949963145 -0.018678715152971037 0.022399314739387714 -0.021093789994005911 -0.018107539718718015 -0.019673273794047576 0.011082261982020601 -0.026934998810160135 0.021535065126365133 -0.020367876570325773 0.026737796690757036 0.035442475805012939 0.026446533344536397 -0.0097963594487846771 0.0072291933868608377 -0.013381212448174666 -0.0094462914703605898 -0.014074196616829749 0.028339033448768741 0.021951935690768951 0.0063132978013914105 -0.017293128167589579 0.025036927254857511 -0.02001590599870751 0.015964713304196621 0.026054066171334919 -0.010337306937605099 -0.0041360441994305825 -0.013725193828812954 0.006289626836310896 0.0071213368635832516 0.030522119845414655 0.017229304532466811 -0.027293215097701159 -0.014319015937922019 -0.022496895677693158 -0.017436751900725005 0.031107713178735799 0.028092770196878704 -0.014884593393989697 0.030399611218925593 0.026723694349820182 -0.013277957781399154 -0.0044103033521552476 0.030696656120291169 0.0097894599090141733 0.030290309610424553 0.019366752019395472 -0.026488748561213516 0.02307892340923599 -0.0079260553211143222 -0.024543633348461564 0.012487918521936653 0.02190993532508656 0.0311435438146817
leaf_weight=18.782458677887917 4.0925323963165274 5.5697830021381405 24.137126430869106 25.311874374747276 152.58837398886681 19.096740156412128 9.8475301116704923 2.3859259486198416 21.699203565716743 7.5272128880023983 82.281058877706528 8.3884755820035917 9.4493199139833468 11.861288681626318 11.452958330512045 10.546256810426714 15.352458566427233 14.079971790313719 16.231342554092407 7.8408332467079154 7.9733692258596447 11.44229982793331 10.679712042212488 17.789108559489254 29.473107859492302 14.746944874525068 12.065994724631308 5.9688812643289557 11.601601928472517 7.4973161667585364 27.908975020051003 6.3069848865270606 11.253160536289217 8.1317904740571958 4.0533541589975348 8.3370500952005369 8.4381990581750852 8.8885563910007495 9.2015784978866595 12.646751016378401 9.5659057796001417 9.9206877946853691 24.386573731899261 26.358080267906189 10.938007175922392 17.746645867824554 13.574307337403296 38.025935053825378 13.027067467570303 13.262709453701971 9.1725046187639254 9.9671080410480482 3.8959668576717368 6.9617373049259177 9.589022755622862 8.5988782942295057 7.2734667211771002 9.7814504355192167 57.364648640155792 4.605381727218627 4.9308106303215018 99.120531409978867
leaf_count=36 17 13 101 60 638 52 22 8 62 18 314 31 35 35 35 25 75 32 28 19 32 37 45 56 122 35 27 14 39 19 102 16 23 26 12 26 21 28 18 32 35 35 121 107 24 40 47 74 28 41 30 21 12 12 27 45 20 31 259 12 16 180
internal_value=-0.000220528 -0.00578211 -0.0077228 0.00636475 -0.00935204 -0.00580892 -0.00327367 0.0172062 0.000743073 0.00931151 -0.00797812 0.0101791 0.0200947 -0.0113132 -0.0114869 0.0131339 -0.00951384 0.00460163 0.0198675 -0.0151576 -0.00695141 -0.0112581 -0.00792708 -0.000482738 -0.0128882 0.0109305 0.00536209 0.0257936 0.00261588 0.000777835 -0.0120938 -0.00978824 0.0267828 0.0107883 0.0205355 0.00596753 -0.0185467 0.00538996 0.00999587 0.00144803 -0.0107175 0.00815991 -0.0107108 -0.00436172 0.0138618 0.00957709 0.00131047 0.0270729 0.0148171 0.00963106 0.00275911 0.0138719 -0.0207891 0.00961515 0.00223754 -0.0189326 -0.00377447 0.00526188 -0.0171955 -0.0217916 -0.00891691 0.0297332
internal_weight=1120.99 849.791 724.022 75.0538 648.969 403.011 49.7419 271.204 40.4817 50.5627 352.448 27.4852 230.722 39.8944 17.0227 103.862 324.963 35.7394 33.54 245.958 77.4969 289.224 198.504 79.3846 119.12 40.0334 22.7457 126.86 42.8993 25.2864 39.3513 21.6594 124.474 19.385 60.9626 18.8833 90.7193 125.769 31.2976 22.0961 18.4545 107.314 69.656 45.2695 18.9114 103.222 40.0458 42.0793 63.176 45.4294 32.4023 19.1396 28.0331 26.4714 19.5097 168.461 15.8723 17.3087 96.3739 61.97 34.4039 105.089
internal_count=3603 2993 2632 230 2402 1396 170 610 98 125 1271 83 512 148 48 261 1188 123 77 1006 303 1065 730 249 481 110 72 251 124 75 139 91 243 49 137 51 335 361 85 67 63 298 284 163 56 281 121 86 160 120 92 51 113 74 62 703 65 49 409 271 138 194
is_linear=0
shrinkage=0.03


Tree=46
num_leaves=63
num_cat=0
split_feature=38 38 27 25 81 35 26 27 49 40 27 66 6 44 66 73 51 27 27 63 82 55 26 58 42 27 35 36 6 61 32 4 17 52 26 34 83 83 44 40 72 25 58 74 81 16 82 7 70 80 48 1 83 69 75 56 24 59 44 83 63 83
split_gain=61.4278 30.4014 24.9963 8.76331 8.67935 8.66142 9.86947 12.0697 7.27046 6.87446 6.40864 6.4026 6.32197 8.0362 6.29729 6.14301 7.49684 11.083 6.07687 6.66813 5.84129 8.10386 5.73105 8.52425 6.98069 5.78797 5.6387 5.53218 5.37788 6.7352 5.93648 7.1541 5.72755 5.2745 5.14613 5.04012 4.82714 6.1356 5.49854 6.84625 4.8173 4.79776 4.63159 4.54922 5.31221 4.47612 5.17057 4.51725 6.11921 4.4171 4.37971 6.39144 4.32059 4.20121 5.52622 4.07753 5.39138 8.03866 4.00763 3.9298 5.02687 3.8701
threshold=-1.0000000180025095e-35 1.0000000180025095e-35 0.016754355592427904 41.006298034903985 83.584469367401468 4.2127258019808389 0.52825086382352648 0.011827636314539503 15.835000038146974 123.07999801635744 0.0076511554434743508 0.31557904045813118 0.19338588637297688 49.132343796825673 0.27749287972971642 -0.020548106372814297 24.454999923706058 0.029877690359507252 0.0076511554434743508 79.863371037657359 -0.014916001633062897 0.072893839676428471 0.68827733330488716 1.5565000176429751 142.2850036621094 0.015336580622783551 1.1366144442172159 0.0064033428479336012 0.076111979824081466 2.3155000209808354 108.89586916787313 101234000.00000001 0.017704942496553452 28.185000419616703 -0.11466195436867634 81.580084611617437 0.0059489419990125013 0.0069090183620546504 70.768120389320572 172.11499786376956 44.653371515010036 48.745418958976593 3.8009999990463261 0.0053307088028539508 59.935510605819836 -0.25061907229401997 -0.042192548231787891 0.027224749135766505 86.665000915527358 20496500.000000004 1.0000000180025095e-35 5.3104934536991433 0.0059489419990125013 79.715000152587905 1.067763345222587 0.087910086313207916 36653800.000000007 1.8054999709129336 81.596235741759287 0.023585263089744502 39.409112582627834 0.0074223192995848007
decision_type=2 2 2 2 2 2 2 2 2 2 2 2 2 2 2 2 2 2 2 2 2 2 2 2 2 2 2 2 2 2 2 2 2 2 2 2 2 2 2 2 2 2 2 2 2 2 2 2 2 2 2 2 2 2 2 2 2 2 2 2 2 2
left_child=50 2 4 53 5 6 7 9 12 20 -5 22 41 -14 49 16 58 40 -8 36 -2 27 25 -24 35 52 34 61 29 32 43 -32 -17 -34 -13 -25 -20 -38 39 -39 -18 -9 45 -30 -45 47 -47 -31 -49 -6 51 -1 -12 54 -3 56 57 -27 -4 -19 -61 -22
right_child=1 3 15 10 14 -7 18 8 -10 -11 11 26 13 -15 -16 28 17 59 19 -21 21 -23 23 24 -26 55 -28 -29 30 42 31 -33 33 -35 -36 -37 37 38 -40 -41 -42 -43 -44 44 -46 46 -48 48 -50 -51 -52 -53 -54 -55 -56 -57 -58 -59 -60 60 -62 -63
leaf_value=0.0097802301493127419 -0.021079165855508255 -0.016771053901783444 0.03316494456431715 -0.017562313916144906 0.034715982039957606 -0.020181360826120799 -0.016480806095544753 0.010151663311606671 0.00017330956782562475 -0.015722856614251681 0.0085656640068915921 0.0080098950277928856 -0.0078196712527497467 0.027651233731489481 -0.0094173160130229024 0.041132135757243483 -0.015680092566305596 0.038162851338210159 0.030147621866270968 -0.018697409914338017 0.00081413714653495825 0.031896079136623186 -0.014201913372413163 0.015121270260795981 0.040476698225214713 -0.0067225638244649347 -0.007066179015194224 0.022631990346255154 -0.020217388793512855 0.033259071812817523 -0.0025701273565004357 0.029281810183940059 -0.005310651691784238 0.03306951361109655 0.044819979243217255 -0.011645770100391761 -0.010794833619853122 0.015146514166088912 0.043462892314842572 -0.012099958306651757 0.01539013481731207 0.043203149703029173 0.033329085906402399 -0.010417285556142006 0.024699508905746275 -0.021311242593475235 0.013705670701934229 0.026849409158028071 -0.0072562319057689548 0.0048055292843066852 -0.017949187848540389 -0.011240790447201911 -0.014289066617187035 -0.014325411421215831 0.019641281524966213 0.026395752116412853 -0.015869600580077553 0.035850523616148086 0.0080050479838427915 0.033525297593339692 -0.0049092717737751045 -0.024543005314205821
leaf_weight=14.058064848184584 9.4700797945260984 6.9294371306896201 42.556962326169014 17.479168221354485 16.08566930890084 15.282992169260977 7.3613185733556739 6.5102327466011074 74.18202418088913 54.245916575193405 8.7567617446184141 6.2656383216381082 14.601853162050249 9.4808032959699613 5.4934079051017752 14.938685804605486 12.21881525218487 12.230139777064325 13.574346125125883 6.144019052386283 14.098155632615095 8.0808050483465177 12.652157634496687 24.189112797379494 7.3437490761280051 9.7061520367860847 5.8469374477863303 6.3944619446992865 11.181830629706385 7.678465053439143 11.770048171281816 13.772410526871679 6.4590886384248716 6.4314771741628647 7.5212562382221231 8.5757224559783918 10.332777842879294 65.395631209015846 5.2447577118873587 9.5064918845891935 7.1012909412384024 10.061951518058775 6.6649243086576453 8.9517537504434568 6.8387268781661978 8.9265961199998838 6.6019029915332785 7.8047093302011517 12.036251232028006 6.1396224647760382 82.906237736344337 175.9002702832222 49.675726741552353 79.020532473921776 8.1787858307361585 6.3279473036527625 11.658877164125441 6.7799586951732627 6.5786711871623984 6.0671691000461561 6.1845265328884125 8.7973704487085325
leaf_count=47 22 18 190 46 72 36 18 23 227 139 31 21 41 40 15 71 30 58 58 14 44 35 33 89 34 28 17 25 25 34 35 59 19 29 36 24 27 240 25 25 26 48 30 24 28 20 24 32 33 20 200 460 133 220 32 26 30 30 23 27 18 19
internal_value=0.000233942 0.00410404 0.00790156 -0.00411724 0.00318696 0.00190282 0.00291491 -0.000893207 0.00576146 -0.00845306 -0.000287361 0.00153933 0.015958 0.00614443 0.0193444 0.0158613 0.0217516 0.0127272 0.00990934 0.0116722 -3.39887e-05 0.00529904 -0.000628308 0.007268 0.0140406 -0.0051126 0.0176213 -0.00203881 0.0116522 0.0166725 0.00423925 0.0146043 0.0284896 0.0138383 0.0280911 0.00811538 0.0134654 0.0109627 0.0137677 0.0116884 -0.00425993 0.0302192 0.0100573 -0.00557636 0.00479151 0.00645419 -0.00642389 0.0137209 0.00615968 0.0264534 -0.012196 -0.00968511 -0.010864 -0.0115541 0.00294064 0.00463622 -0.000256063 0.0107857 0.0297963 0.0261328 0.0141239 -0.00892908
internal_weight=1149.25 876.387 599.479 276.908 376.485 348.766 333.483 215.924 114.837 101.087 182.779 165.3 40.6548 24.0827 27.7187 222.994 92.9376 43.8019 117.559 110.198 46.8409 37.3708 145.666 52.7607 40.1086 92.9054 19.6338 29.29 130.057 77.5421 52.5148 25.5425 27.8293 12.8906 13.7869 32.7648 104.054 90.4797 80.1469 74.9021 19.3201 16.5722 49.7128 26.9723 15.7905 43.0479 15.5285 27.5194 19.841 22.2253 272.865 189.958 58.4325 94.1288 15.1082 34.4729 28.145 16.4861 49.1356 24.4818 12.2517 22.8955
internal_count=3603 2896 2048 848 1213 1106 1070 663 379 284 578 532 152 81 107 835 372 159 407 389 145 123 458 180 147 278 74 88 463 292 171 94 119 48 57 113 375 317 290 265 56 71 173 77 52 143 44 99 65 92 707 507 164 270 50 114 88 58 213 103 45 63
is_linear=0
shrinkage=0.03


Tree=47
num_leaves=63
num_cat=0
split_feature=38 38 27 26 59 56 7 54 73 7 36 73 20 46 46 28 35 64 67 15 25 7 45 89 69 25 80 50 54 5 27 82 25 18 69 36 34 59 15 24 81 5 84 54 46 33 64 80 45 73 26 22 67 67 84 17 25 84 7 1 55 60
split_gain=183.962 54.496 14.0801 13.3546 13.4501 11.5454 10.126 9.42084 9.32659 8.6995 8.4771 8.47242 8.48744 6.62669 6.43916 6.22381 10.2074 6.98959 10.2429 8.73953 5.93281 8.50136 7.32783 6.43816 6.26021 5.78123 5.64414 5.73607 5.30998 5.69236 5.46449 5.79676 7.10166 5.29236 5.13415 6.93809 5.09425 5.07003 7.38906 5.91597 5.72403 5.37901 5.49624 5.66067 5.19988 4.71023 4.62358 4.55954 4.42573 11.2485 6.43764 4.40894 4.07344 5.97637 3.83344 3.88288 5.44074 3.76836 3.72804 3.59352 3.57133 3.53286
threshold=1.0000000180025095e-35 -1.0000000180025095e-35 0.019676554653882055 0.70899898908537839 1.8575000166893008 0.11205307511651826 0.012330684321460552 54.296043258103531 0.28094116941193908 0.0078091805458734009 0.0035661666987681505 -0.81678672105069683 114.75974655151369 0.0086005524222115531 0.0062912538452853505 0.10287735422440476 2.6167709009463214 -0.0077712180842854492 95.655002593994155 52.987629075851622 52.649773125403847 0.020384421792674006 -0.21388126352506728 282179360.50000006 100.0550003051758 41.006298034903985 28691200.000000004 12.944999694824221 40.32870535333759 64.475016946248644 0.015006491967579551 -0.0047930589202262496 52.649773125403847 0.050991115370631911 96.764999389648452 0.0066074010974790003 87.150278699501442 1.8794999718666079 60.599709778219768 8779600.0000000019 37.819583494418232 76.666785625699632 0.014640777199065952 53.81093125701522 0.011271099008523253 154150200.00000003 0.0088243981839497519 15836900.000000002 1.4916723398268206 -0.072405727926358979 0.35936375344403976 138.50575327198285 93.354999542236342 81.805000305175795 0.0055388745204607006 0.014589168894483152 53.033007871335805 0.024520964788009556 0.013843825207513051 141.09078326937001 -0.6039616481020883 3.0935000181198125
decision_type=2 2 2 2 2 2 2 2 2 2 2 2 2 2 2 2 2 2 2 2 2 2 2 2 2 2 2 2 2 2 2 2 2 2 2 2 2 2 2 2 2 2 2 2 2 2 2 2 2 2 2 2 2 2 2 2 2 2 2 2 2 2
left_child=1 10 3 4 8 7 9 34 26 -6 -1 -2 25 59 -11 17 45 18 -8 -20 21 22 -4 24 -23 61 27 -3 29 -19 31 -30 -33 -24 -5 -36 -22 54 40 -40 -39 42 44 52 -42 -17 -29 -15 49 -16 60 -12 53 -44 -27 -56 -57 -32 -37 -14 -51 -13
right_child=11 2 20 5 6 -7 15 -9 -10 14 51 12 13 47 48 16 -18 28 19 -21 36 23 33 -25 -26 37 -28 46 30 -31 57 32 -34 -35 35 58 -38 38 39 -41 41 -43 43 -45 -46 -47 -48 -49 -50 50 -52 -53 -54 -55 55 56 -58 -59 -60 -61 -62 -63
leaf_value=0.0025591210308993657 -0.022257921199849318 -0.028078082155864083 0.023355011347331724 -0.023899702894019444 -0.014333394236727215 0.023917931956585693 -0.019676548942317181 0.008767572284958388 -0.0093183616180074601 0.030607236762013341 -0.021440757804037099 0.028320508513783024 0.0013828744167450565 -0.0041195156881002502 -0.019744473316294076 -0.024777696055398802 0.019073760026672989 -0.022874975241476612 0.021518163024863545 -0.017438682519875789 -0.020639894700174632 -0.021738159718455326 -0.016531399983384834 0.019901679116424424 0.018960894472109795 -0.036946994329060436 -0.0053255747427314601 0.026489415130769026 0.042264001384807716 0.0079449413287031052 0.0075265388610044849 -0.0079003213347597946 0.024891565870047584 0.022513922442674666 -0.022977908477980782 0.026227754053768312 0.015376170602771544 0.026858464149045549 -0.031545156409804813 0.024455157207641159 0.027791639931827223 0.02474630314297295 -0.0093175051962495637 -0.027337126631426324 -0.0090508686776429245 0.0076833577598009999 0.0059352425375179645 0.028675460079868011 0.024670074871440201 0.038626278066556712 -0.0067228449619582903 -0.003030472793932842 -0.013175634845485477 0.026486961088235662 0.032504987310057826 0.026587273949110715 -0.009603335336471586 -0.027719591576795863 -0.0095624265532983921 -0.031481527633967804 0.012781912386752881 0.010736907760961274
leaf_weight=15.254078179597853 4.4306993931531897 2.098273277282714 13.478157356381418 45.217714175581932 12.945916324853895 8.1998503953218442 33.040595322847366 14.185071006417273 13.777108043432234 14.024675980210302 229.19991740584373 98.19757653772831 6.9150670021772402 6.099636614322665 13.103614300489417 32.313293471932411 6.8766264319419852 10.262914180755617 13.661726534366609 8.3507751673459989 53.289442732930183 35.053677782416344 12.174619361758234 4.5577335059642783 3.7669684141874304 0.86582423746585746 8.506025478243826 49.076174333691597 6.9280973523855236 11.367559373378752 7.0453035533428174 10.218674793839456 14.208484917879103 4.2028672099113455 10.900361731648447 6.1619859933853132 3.7856048792600623 12.612932071089743 1.7512620836496342 55.619858026504517 10.49550701677799 10.084099873900412 7.718572720885283 8.3065919876098615 5.1344089657068244 4.5951992869377127 12.322858661413191 10.188860550522802 11.062660440802572 8.1483202427625603 9.4354718774557096 12.337439522147177 11.208442807197569 9.1927747130393964 34.551282629370689 11.749086782336237 5.4834422618150702 4.4572445005178452 4.5560647249221802 5.2814030796289444 11.753374800086037 11.486760750412939
leaf_count=33 19 10 36 189 57 20 132 51 53 34 641 207 26 18 49 134 18 38 39 31 285 182 60 15 15 2 26 118 14 40 24 32 39 14 51 19 11 31 9 137 26 26 31 36 18 16 39 22 25 16 35 33 44 23 70 28 20 20 23 21 38 34
internal_value=-1.91011e-05 -0.00772278 -0.00238793 0.000291717 0.00307903 -0.0100046 -0.000515808 -0.0134377 0.0132961 0.00819428 -0.0191306 0.0189452 0.0195105 0.00387358 0.0125131 -0.00480743 -0.0144839 -0.00126318 -0.0091144 0.00673929 -0.0110001 -0.005349 0.00697161 -0.0138288 -0.0177889 0.0210231 0.0176231 0.0206973 0.00543935 -0.00667805 0.011555 0.0180432 0.0111737 -0.00651141 -0.0181505 -0.00612531 -0.0182511 0.0177844 0.0146475 0.0227457 0.00843225 0.00469219 0.000807407 -0.00557799 0.0156889 -0.0207362 0.0223642 0.0163946 0.00777014 0.00336499 0.013687 -0.0205004 0.000849668 0.0101453 0.0256567 0.0267034 0.0150713 -0.00613136 0.0110139 -0.0128483 0.0233633 0.0264791
internal_weight=1133.28 805.903 549.111 418.802 329.581 89.221 243.801 81.0212 85.7804 80.474 256.791 327.374 322.943 28.485 67.5281 163.326 43.7851 119.541 55.0531 22.0125 130.309 73.234 29.8556 43.3784 38.8206 294.458 72.0033 63.4973 64.4883 21.6305 42.8578 31.3553 24.4272 16.3775 66.8361 21.6184 57.075 184.774 132.124 57.3711 74.7533 62.1404 52.0563 36.4264 15.6299 36.9085 61.399 16.2885 53.5034 42.4408 29.3372 241.537 28.1198 16.9113 52.6496 51.7838 17.2325 11.5025 10.7181 12.1965 19.9017 109.684
internal_count=3603 2755 2048 1430 1077 353 831 333 246 254 707 848 829 87 197 577 168 409 202 70 618 322 110 212 197 742 193 167 207 78 129 85 71 74 282 93 296 501 381 146 235 204 178 134 44 150 157 40 163 138 89 674 98 54 120 118 48 44 42 47 54 241
is_linear=0
shrinkage=0.03


Tree=48
num_leaves=63
num_cat=0
split_feature=38 38 69 27 79 0 86 66 72 63 82 40 6 69 63 73 43 73 25 6 69 48 8 81 84 27 7 56 80 18 4 27 5 5 56 54 25 7 50 11 24 15 24 69 4 83 54 63 8 25 63 12 25 25 80 46 28 8 4 41 5 4
split_gain=303.268 38.4366 12.2038 13.0287 12.5327 12.3635 11.13 10.5122 11.5497 9.93938 9.64169 8.2256 8.05816 7.18153 8.44923 7.07287 6.97025 6.7569 8.87956 8.6387 6.63577 6.58279 6.94552 6.34436 6.1646 5.68468 5.62098 7.99001 5.45493 5.33625 5.29146 5.16403 4.99156 4.80669 4.71061 7.29709 6.60461 6.28202 6.20453 4.00608 4.1896 3.90504 3.8954 3.96711 3.80685 3.32667 3.14276 3.04913 3.0405 3.03102 2.91219 2.7143 2.65732 7.58444 2.59397 2.80242 2.76878 2.52368 2.46403 6.12984 2.32297 4.17796
threshold=-1.0000000180025095e-35 1.0000000180025095e-35 74.895000457763686 0.010849805464199053 9.7799405244761868 37.619802474975593 30.046619742491583 0.23575735518096463 45.469178769617024 70.956009567792236 0.16871866188788506 166.89500427246097 1.1388198170310313 97.325000762939467 28.887748632571718 -0.95799217415238747 11115550.000000002 0.86530612187762312 60.629995542934097 0.35640838640895645 94.055000305175795 1.0000000180025095e-35 -0.0060440395702609992 51.996061537093745 0.046507689871344057 0.021699693581009604 0.017368197594060452 0.070835011222319513 22706800.000000004 0.026762530151163755 596243200.00000012 0.010153356874035402 53.484860033112952 11.219501803408471 0.052833936899516661 44.516141766292812 70.870870342932506 0.011824252008990151 19.925000190734867 157.37919832771402 22891800.000000004 52.396824531040956 9893000.0000000019 93.895000457763686 780738000.00000012 0.0088170322437712018 32.716147222199133 53.98422560099614 0.065393460463919015 42.235104842698512 52.732350839894387 269.93933548574859 39.207643343657757 37.361801720719605 9163400.0000000019 0.0048222512393435012 0.0087126676385862016 0.13017975889441266 95276800.000000015 169.18000030517581 51.761516106683281 108916650.00000001
decision_type=2 2 2 2 2 2 2 2 2 2 2 2 2 2 2 2 2 2 2 2 2 2 2 2 2 2 2 2 2 2 2 2 2 2 2 2 2 2 2 2 2 2 2 2 2 2 2 2 2 2 2 2 2 2 2 2 2 2 2 2 2 2
left_child=21 2 4 5 48 7 10 20 -9 11 13 50 42 14 25 -16 -13 18 19 52 -4 22 -1 -20 57 29 27 30 31 -5 47 45 -19 -23 35 37 38 -24 -37 -3 58 -10 -7 -44 46 -22 -36 -25 -2 -6 -8 54 53 -17 -48 -56 -57 -12 59 -41 -58 -62
right_child=1 39 3 6 49 12 9 8 41 -11 24 16 -14 -15 15 17 -18 32 23 -21 28 33 34 26 -26 -27 -28 -29 -30 -31 -32 -33 -34 -35 44 36 -38 -39 -40 40 -42 -43 43 -45 -46 -47 51 -49 -50 -51 -52 -53 -54 -55 55 56 60 -59 -60 -61 61 -63
leaf_value=-0.028479162267916122 -0.026194336726741103 -0.022781293368849213 -0.024626434872931743 0.03222501726972346 0.0090288188447630504 0.033579955993657436 0.020489891081167798 0.023982479251004822 0.0036429713501219159 0.025775942330278568 -0.025357410523790643 -0.021338100964333601 -0.010829418762595215 -0.026046902953108599 0.027615237607882804 -0.023718033523444197 0.016681500569561362 0.020897910616026767 0.019216734538205101 0.019855735458188625 -0.026730430369722939 -0.03401715443788942 -0.0036808480293695129 -0.002504632056408758 0.0037247027992833577 -0.013060704462492126 -0.026273140982441157 0.023077022474436788 0.01872101766302179 -0.003440597529468928 0.020836404640860434 0.014597687636100793 -0.012641463498047631 0.029426980430572965 0.003439820742277631 -0.020695913392592396 0.022939797802928152 0.028490881865008623 0.01185653942569264 -0.021469625721267486 0.0083123528726070286 -0.026941561355028159 0.027303579195425701 -0.0019433374154108893 0.0063437690809564126 -0.0018962627786027473 0.0050862713062084569 -0.026397190789737967 0.0061973224252360746 0.034460765004943439 -0.0054293588716846633 0.012621575695494909 -0.023116753024212514 0.013527314161447198 -0.0018206369698503195 -0.031421607605560412 0.031629299128271358 -0.0070166381563769656 -0.0237015093853075 0.017751632767812504 0.037676450107842346 0.01788664650093973
leaf_weight=2.6294752061367026 6.7089279145002383 192.70787604153156 25.308337926864624 10.307980746030813 6.1554821133613613 13.96641653776169 11.406253889203073 18.393268287181854 7.6048683226108533 12.089157819747923 72.36027979850769 23.963630154728893 8.6969991177320463 20.888075202703476 4.4216919839382163 14.623204767704012 5.299637258052825 9.8879220038652438 9.5252019017934781 5.0916230827569953 13.13627621531487 1.085225760936736 6.6156854182481757 8.0377145707607323 8.1634037345647794 7.0691420435905448 11.07454741001129 8.7054964154958707 7.2642721086740485 5.957677721977233 4.042932152748107 5.7335400432348242 6.6995148062705985 111.29660122096539 6.1211482733488074 11.814295649528509 10.446233749389647 31.338288590312004 9.512790307402609 10.409760802984236 7.1373881995677939 7.4260648936033249 8.0381417572498339 8.6828582286834699 11.129015371203421 7.7002896517515174 4.837843418121337 11.960646092891691 4.2667831480503082 13.397455126047133 5.9294875115156165 13.648970067501066 70.653820663690567 7.4161485433578482 2.8776196688413611 0.6991325169801702 78.585326924920082 7.4470553398132315 20.488311812281609 5.4712378382682791 13.195337951183317 35.248844295740128
leaf_count=10 39 702 100 23 18 27 26 38 24 29 371 94 37 108 13 69 16 31 28 16 54 2 19 34 31 31 59 28 17 25 13 18 29 198 17 38 21 59 23 40 19 30 15 27 30 25 13 61 16 23 23 31 329 25 8 2 136 28 73 14 20 80
internal_value=-0.000241003 -0.0108735 -0.00635527 -0.00749066 0.0120533 0.000582427 -0.0104251 -0.00540747 0.0080406 0.00153688 -0.0127318 -0.00475145 0.0146607 -0.00932696 -0.00754031 -0.00983669 -0.0144527 -0.0108241 -0.0128189 -0.01819 -0.0130076 0.0228275 0.0200088 -0.0029738 -0.0211061 0.00940008 -0.00779723 -0.00154891 -0.00431659 0.0191617 -0.0104661 -0.0106151 0.00735166 0.0288143 0.0205489 0.0140034 0.00339642 0.0228831 -0.00617613 -0.020925 -0.0127025 -0.0114674 0.0218848 0.0121163 0.0232926 -0.0175528 0.0245078 -0.0167943 -0.0136022 0.0264545 0.0116245 0.0253728 -0.0202798 -0.0111851 0.0266578 0.0274568 0.0281164 -0.023646 -0.0168267 -0.00795732 0.0284441 0.023277
internal_weight=1112.8 761.717 525.502 494.974 30.5286 131.951 363.022 92.5669 33.4242 58.6882 304.334 46.599 39.3844 216.363 195.475 172.14 29.2633 167.719 151.131 97.7848 59.1427 351.082 238.7 53.3465 87.9707 23.3348 43.8213 32.7468 33.8344 16.2657 24.0413 26.5701 16.5874 112.382 236.071 69.7273 31.7733 37.954 21.3271 236.215 43.5067 15.0309 30.6874 16.721 166.343 20.8366 155.214 19.9984 10.9757 19.5529 17.3357 149.093 92.6932 22.0394 135.444 130.606 127.729 79.8073 36.3693 15.881 127.03 48.4442
internal_count=3603 2896 2048 1952 96 412 1540 306 92 188 1352 159 106 922 814 735 110 722 662 439 214 707 507 223 430 79 195 136 114 48 108 97 60 200 497 160 82 78 61 848 146 54 69 42 337 79 307 95 55 41 49 290 423 94 259 246 238 399 127 54 236 100
is_linear=0
shrinkage=0.03


Tree=49
num_leaves=63
num_cat=0
split_feature=38 38 27 81 27 26 35 33 26 82 27 28 65 39 40 12 16 5 47 82 7 81 65 27 16 16 61 36 51 82 17 5 25 26 36 28 16 48 1 14 25 52 16 1 12 48 5 81 6 50 7 65 73 11 5 61 5 80 73 26 54 44
split_gain=58.6876 28.1829 23.6498 9.41958 9.00884 12.2372 9.39909 9.45625 8.34001 9.28608 6.96949 10.1712 6.68986 6.62471 6.59539 6.1427 6.03099 7.31306 5.77089 7.7726 5.64645 7.65644 5.93238 5.40258 5.2754 8.94117 5.11751 5.07929 5.02984 4.4877 4.46976 5.48111 7.82518 4.66135 4.25333 6.83739 5.964 4.23289 6.08308 4.20653 4.20421 5.49848 5.44126 4.10767 5.68551 5.48133 5.12346 4.57619 7.30235 7.29114 3.93447 3.9168 3.73076 3.60332 3.53543 4.93263 4.6912 5.35942 5.33129 5.32212 6.12185 4.37842
threshold=-1.0000000180025095e-35 1.0000000180025095e-35 0.022069384653104953 84.142966720419949 0.011966790275431351 0.5054581263085095 2.7054339927136088 176700500.00000003 0.65458462052714783 0.29025246681274913 0.014218031616215002 0.075531488549704914 0.018426677073732852 115.67499923706056 123.07999801635744 20.864858577282924 1.5129493802185296 68.384779088018647 0.10265135701901858 0.24716612245319958 0.021597737399867405 73.099840527710299 0.014829757061866152 0.0076511554434743508 -0.25061907229401997 0.33323158050984253 2.6345000267028813 0.0079185747704591022 22.144999504089366 1.1250271193784303 0.010892911332368601 45.713510875629474 82.245796884024045 0.88448078212334036 0.011624146412363151 0.10046060772910882 0.31528321747166294 1.0000000180025095e-35 5.3104934536991433 52288300.000000007 38.52252360657446 16.224999427795414 0.45625490846215661 2.7924025748434738 16.363640519297675 -1.0000000180025095e-35 47.307490365858165 51.996061537093745 0.17898653898643513 32.045000076293952 0.021198976513558003 0.017947470575994353 0.090197582015512909 276.71542632446079 55.101558287126167 0.79050001502037059 76.666785625699632 11466300.000000002 0.1342240721765933 0.73836112940292875 45.291635994981398 22.525862293623764
decision_type=2 2 2 2 2 2 2 2 2 2 2 2 2 2 2 2 2 2 2 2 2 2 2 2 2 2 2 2 2 2 2 2 2 2 2 2 2 2 2 2 2 2 2 2 2 2 2 2 2 2 2 2 2 2 2 2 2 2 2 2 2 2
left_child=37 2 3 4 5 14 7 12 10 -10 -3 51 20 -13 24 43 -11 -18 27 40 21 39 -22 -7 -2 -26 -5 -14 53 -17 -25 -32 33 -33 35 36 -15 38 -1 -6 50 42 52 -4 -45 -46 -47 -48 49 -49 -20 -12 -42 -8 -40 -56 57 -57 59 60 -59 -60
right_child=1 8 15 26 6 23 28 -9 9 16 11 13 18 34 -16 29 17 -19 19 -21 22 -23 -24 30 25 -27 -28 -29 -30 -31 31 32 -34 -35 -36 -37 -38 -39 54 -41 41 -43 -44 44 45 46 47 48 -50 -51 -52 -53 -54 -55 55 56 -58 58 61 -61 -62 -63
leaf_value=0.0094545867614375043 -0.020619722546317575 -0.011976795043384064 -0.0091139869042405827 0.027494903532388416 0.03411485015531826 -0.015362391296929095 -0.015845825522832455 -0.0036153848302795436 0.016345908459135926 -0.022959338717389196 0.0096607323685595232 0.031036282860403119 0.008248972490370609 0.023021718337834174 -0.015413442907480849 0.031172522535804381 -0.0099872090395433082 0.02519596041780825 0.0027853714227133969 0.027437898341617192 -0.011587046745011686 -0.0069562190815559664 0.025301410667601078 0.022784170670718477 0.026813211107738801 -0.0052884640102625266 -0.003351603642539175 0.043990698221742425 0.018875341967667832 0.0013471871781657087 -0.012241266099362963 0.030478058391310799 -0.016468655690869024 0.0029650157570468051 -0.0070022362142325737 0.046290900753757122 -0.016339373198168389 -0.017661246790388312 -0.014797428586164776 0.010613572305825023 0.0095656320650076756 -0.005572895208540582 -0.0053093483667399988 0.02986126787839059 0.031570472219041301 0.025311972390912832 -0.01301289188725514 0.039478417238519442 -0.018848142077999432 -0.0064109248320206166 0.034451157159992835 -0.014173084469619682 0.036917673494332226 0.0053861482996448717 0.062785876616815686 -0.02092411924827008 -0.018759538403289495 -0.0096496568142635814 0.035961640405690831 0.039017210524273517 0.027750104478745336 -0.012637518049972507
leaf_weight=14.116584688425062 8.8643487095832807 112.12338152527809 6.2734244614839545 23.289831131696705 34.386857569217682 8.0072732865810377 27.014023467898369 41.839663207530975 33.813229769468307 11.991762176156042 7.3158975392580023 9.7991346120834333 7.1994448751211149 6.8785977959632891 56.090484142303467 41.706054776906967 14.009255081415178 8.5695348978042585 7.3572946935892087 13.138181135058401 9.014252230525015 5.9223620146512976 6.9478558152914038 19.311630830168724 11.630405500531195 23.764317706227303 6.1104764640331259 7.1148445159196854 6.2703707367181769 5.0951054692268363 11.55839955806732 14.779312595725065 6.7465318888425818 8.8672993928194028 18.213018596172333 4.3547572344541541 6.9803206324577332 81.722364634275436 97.902635842561722 8.5612016171216947 11.202882230281835 52.807946726679802 12.082162037491797 19.806907445192337 9.4514699131250364 9.7553123831748945 13.261235162615774 8.2336601912975329 5.5623092651367179 5.013558790087699 6.790999248623848 40.891288951039314 7.4878423511981955 9.8049975931644422 0.92175155878066917 11.034688740968702 21.849965959787369 10.401885688304906 1.8291469812393213 5.296022191643714 6.3397728800773612 18.985759377479553
leaf_count=47 21 317 17 98 154 20 69 121 126 29 26 42 25 28 145 188 40 35 23 55 23 17 29 77 48 69 18 34 24 16 30 63 16 28 53 21 18 200 244 30 39 150 36 87 42 40 34 39 13 14 30 113 34 32 5 25 51 28 8 24 26 49
internal_value=0.000254483 0.00403686 0.00769125 0.00463804 0.00355043 -0.00188673 0.00690476 0.00929599 -0.00391315 0.00516774 -0.00691952 -0.000914862 0.012139 0.0091396 -0.00858156 0.0193465 -0.00576556 0.00336618 0.00808797 0.00577347 0.0199608 0.0250207 0.00446946 0.00781183 7.66254e-05 0.00525987 0.0210839 0.0260142 -0.00596186 0.0279255 0.0108408 0.00534285 0.01203 0.0201609 0.00324918 0.0135002 0.00319672 -0.0119579 -0.00948767 0.0294301 0.00286102 0.000300964 0.0103808 0.0141563 0.01621 0.0109369 0.00627432 0.000483434 0.00999872 0.0221111 0.0179845 -0.0105561 0.0205234 -0.0101917 -0.0110195 -0.00619466 -0.00703418 -0.00227984 0.00252113 0.0128049 0.00451298 -0.00836678
internal_weight=1143.46 873.063 598.123 473.963 444.563 169.62 274.943 231.854 274.94 68.3838 206.556 94.433 190.014 46.2258 100.35 124.159 34.5706 22.5788 125.182 110.867 64.8325 48.8704 15.9621 69.2704 44.2591 35.3947 29.4003 14.3143 43.0894 46.8012 61.2632 41.9515 30.3931 23.6466 36.4267 18.2137 13.8589 270.401 188.678 42.9481 97.7291 83.5808 30.7729 77.3579 71.0845 51.2775 41.8261 32.0708 18.8095 13.2472 14.1483 48.2072 18.6907 36.819 174.562 76.659 75.7372 53.8873 42.8526 22.0377 16.7417 20.8149
internal_count=3603 2896 2048 1558 1442 517 925 800 848 230 618 301 679 162 283 490 104 75 426 367 253 201 52 234 138 117 116 59 125 204 214 137 107 91 120 67 46 707 507 184 312 259 109 286 269 182 140 100 66 53 53 139 73 101 460 216 211 160 135 78 54 57
is_linear=0
shrinkage=0.03


Tree=50
num_leaves=63
num_cat=0
split_feature=38 38 83 26 58 47 48 16 46 73 10 25 36 73 20 54 75 6 58 50 75 74 83 46 66 66 35 35 28 65 49 6 83 21 76 26 25 82 35 46 7 45 25 7 15 65 74 74 46 25 44 66 73 36 74 6 75 10 65 25 75 50
split_gain=173.848 52.7835 11.3226 11.2863 10.3183 10.8322 8.56234 8.77184 13.1708 12.4415 9.03298 8.42322 8.34912 8.06737 7.97927 7.96493 7.07509 7.04542 7.01812 7.73277 6.99658 8.6786 6.52589 6.27718 6.12544 5.53746 6.32482 9.604 5.47357 5.95471 6.49732 5.44434 5.39574 5.27232 5.09875 5.0242 5.01779 4.7034 4.66633 4.63833 5.39961 4.24665 4.15961 4.04753 3.6245 6.45099 4.32557 3.86478 3.8403 10.1278 5.50447 3.50086 3.41085 3.27516 9.18083 4.51277 8.95042 3.27138 3.2099 5.40475 4.65605 3.12771
threshold=1.0000000180025095e-35 -1.0000000180025095e-35 0.012683654456286152 -0.93618349500830067 1.7764999866485598 0.11848045310584916 1.0000000180025095e-35 0.34411845797916385 0.0053719543371483014 0.13036002932517479 18.475155830383304 63.078363992889422 0.0039088109304695508 -0.81678672105069683 114.75974655151369 46.908961757500485 1.1279160242186199 3.688026707896356 2.2325000762939458 12.355000019073488 1.135261837443114 0.0034725513698333006 0.0044809086006546003 0.0091711941450841016 0.32311004586089209 0.31698794713306916 1.1366144442172159 -0.48341013580984787 0.10188056119914911 0.020917401172198206 18.195000648498539 1.5738196918742846 0.0098312233013536018 143.02209299925542 19.115268707275394 0.78872230960416101 39.464213661815513 0.056511609971808562 -7.3134840165418771 0.0084743557998523521 0.014295037741254851 0.10586210074777821 41.006298034903985 0.0086786358185489011 59.860213462636423 0.017947470575994353 0.0034842013983959002 0.0029433543876168007 0.0094486329826102503 59.230230208336017 52.774972301686311 0.091822491067780412 -0.012590750167326749 0.011994598991021552 0.0034005281931686004 -0.14148254912549604 1.1337597826428496 56.242910385131843 0.026703901495827253 17.003365889400765 1.0788617345911122 17.105000495910648
decision_type=2 2 2 2 2 2 2 2 2 2 2 2 2 2 2 2 2 2 2 2 2 2 2 2 2 2 2 2 2 2 2 2 2 2 2 2 2 2 2 2 2 2 2 2 2 2 2 2 2 2 2 2 2 2 2 2 2 2 2 2 2 2
left_child=1 12 4 20 5 11 7 10 -9 18 -6 51 22 -2 25 -7 -13 53 19 -10 36 -22 -1 -16 -8 42 27 -27 29 39 37 52 35 58 -21 -11 -4 41 -23 -12 61 -31 -15 -44 45 46 -45 -46 -47 50 -50 -3 -17 -5 -55 56 -56 -30 -14 -60 -61 -41
right_child=13 2 3 17 6 15 24 8 9 32 28 16 33 14 23 31 -18 -19 -20 34 21 38 -24 -25 -26 26 -28 -29 57 30 -32 -33 -34 -35 -36 -37 -38 -39 -40 40 -42 -43 43 44 47 48 -48 -49 49 -51 -52 -53 -54 54 55 -57 -58 -59 59 60 -62 -63
leaf_value=-0.018388100821698179 -0.021951732276414164 0.014104249475501859 0.029097867238434549 -0.024173882352374824 0.024036478917923914 -0.019403368798789056 -0.016240923004708079 -0.023259473623604067 0.033560056460946716 0.031466967075108931 -0.022911476823529085 0.017311109642833635 -0.0235525274512851 0.026602962170929941 -0.010145455877491258 0.0098639642207562755 -0.02826566762877656 0.014414769805917578 -0.0098703184154299104 0.014973987802691553 0.019399294606887815 0.0094968422495391169 0.015710055619857402 0.018059461920059874 0.01409533527167652 0.01894949044622015 0.028536864322390269 -0.022355124987131932 -0.027293561527435381 0.0083463637391490118 -0.021201341568001342 0.024157077357505347 -0.0039069032824498662 0.0029506159983590046 -0.017479992806875802 0.0073730897551170117 -0.0060059212255192734 -0.0028232948292545878 -0.02079206276928635 0.01935547291812199 -0.018068590997137566 0.039501558201008369 -0.0056090396081510344 0.015969600106177234 0.0078832045654509617 0.027856398892781162 -0.0071947069322821347 0.028165040336759362 0.032184586041757592 -0.024064009614042411 0.00041023808941746502 0.034331979556105813 -0.020993053366663784 0.022578222217589677 0.018362011432439998 -0.019360493817619825 -0.022604861227318453 0.0015304393270678177 0.051601363829706738 0.013664239113544585 -0.01898208498846184 -0.0063278417337019324
leaf_weight=9.5847265720367449 4.3984486162662497 11.78726516664028 12.173742160201074 29.133744597434998 8.6552285850048047 14.613875880837439 49.449390351772308 12.128905251622198 9.2429355382919329 30.096093639731407 18.521651610732079 7.494729131460188 163.57501648366451 100.49706234037876 14.393075436353685 6.923114210367201 5.1868651658296585 7.5583270341157904 29.423120260238647 9.2163544297218341 9.770795673131941 5.951238125562667 10.680532455444334 14.018338739871977 6.8161229193210593 10.337261378765108 9.3452225029468519 9.9361849427223223 17.10035198926926 8.8097789138555544 6.7281458228826514 11.05085004866123 6.6574602127075186 8.3246973901987058 8.262968644499777 10.509155452251433 5.2431769073009482 11.629197835922239 19.834907874464992 9.0834390074014717 13.522699743509291 7.1197897195816031 5.8698857873678199 14.289319425821306 9.9523213952779752 35.333066701889038 14.73829238116741 56.231601819396019 15.056574478745466 5.3677174299955359 7.279103308916091 22.210731580853462 6.0339695960283315 6.2173813432455054 9.3617034852504748 59.635939136147499 9.8497746586799604 4.4701248258352271 1.0618993043899525 4.230519473552703 55.682748883962631 8.0487902015447599
leaf_count=22 19 34 34 124 23 59 195 49 20 72 79 21 467 220 55 22 26 20 122 32 28 27 24 32 20 27 22 43 81 29 30 28 28 22 41 39 22 38 87 24 63 15 22 39 32 80 54 127 32 19 25 48 27 16 32 309 43 15 2 10 160 26
internal_value=-2.02574e-05 -0.00756447 -0.00231081 -0.00860687 0.000656124 0.00981152 -0.0020794 0.000494611 0.00631609 0.00978506 -0.00542149 0.0195357 -0.0188862 0.0184033 0.0189534 -0.0019415 -0.00133013 -0.013636 0.000237719 0.0113674 0.00295232 -0.00467825 -0.000417126 0.003771 -0.0125659 0.0204194 0.00811801 -0.00129425 -0.00784895 -0.00436739 0.00522923 0.00868772 0.0211268 -0.0204935 -0.000367923 0.0252312 0.0185302 0.0116819 -0.0138016 -0.0110583 -0.00389671 0.0222713 0.0217963 0.018853 0.0197604 0.0159108 0.0042083 0.0251152 0.0212997 0.0129373 0.0218295 0.0273189 -0.00450581 -0.0154926 -0.0125194 -0.0152869 -0.00264181 -0.0213203 -0.0213626 -0.0154878 -0.0166769 0.00728935
internal_weight=1125.71 798.664 545.524 174.731 370.793 85.3014 285.492 229.226 115.537 103.408 113.689 46.6796 253.14 327.043 322.645 38.6218 12.6816 121.757 56.1454 26.7223 52.9739 35.5569 20.2653 28.4114 56.2655 294.234 29.6187 20.2734 105.034 83.4635 34.2869 24.0079 47.2627 232.875 17.4793 40.6052 17.4169 27.5588 25.7861 49.1766 30.6549 15.9296 264.615 164.118 158.248 92.0641 29.0276 66.1839 63.0365 27.7034 22.3357 33.998 12.9571 114.199 85.0648 78.8474 19.2115 21.5705 224.55 60.9752 59.9133 17.1322
internal_count=3603 2755 2048 742 1306 265 1041 826 403 354 423 129 707 848 829 136 47 544 215 93 198 142 46 87 215 742 92 70 400 304 112 77 139 661 73 111 56 82 114 192 113 44 650 430 408 249 93 159 156 76 57 82 49 524 400 384 75 96 639 172 170 50
is_linear=0
shrinkage=0.03


Tree=51
num_leaves=63
num_cat=0
split_feature=38 38 69 27 79 0 86 63 82 74 58 40 6 69 63 64 43 72 48 8 73 73 25 6 70 69 10 74 84 64 26 5 56 54 25 7 50 8 40 75 13 24 4 55 56 54 33 25 24 63 89 25 25 12 80 65 28 8 4 41 80 5
split_gain=285.632 37.2043 11.6405 12.4332 11.8901 11.6795 10.6677 9.45578 9.4269 9.23613 8.15258 7.79315 7.62833 6.9958 8.09264 6.72309 6.71047 6.32226 6.29025 6.61541 6.16852 6.41457 8.28673 8.11451 7.07875 6.13446 9.27635 8.15978 6.05132 5.68838 5.38732 4.64365 4.5134 6.94988 6.27113 6.00885 5.90975 4.36918 4.5185 3.98615 3.95682 4.068 3.661 3.19986 3.06003 2.99969 2.9596 2.8879 2.82134 2.59418 3.78969 2.64831 8.04474 2.59272 2.80446 2.93546 2.57569 2.50816 2.42082 5.89366 2.30596 2.20026
threshold=-1.0000000180025095e-35 1.0000000180025095e-35 74.895000457763686 0.010849805464199053 9.7799405244761868 37.619802474975593 30.046619742491583 70.956009567792236 0.16871866188788506 0.0053111142255260002 2.3335000276565556 166.89500427246097 1.1388198170310313 97.325000762939467 28.097466417772392 -0.037033056101531243 11115550.000000002 59.225138112007279 1.0000000180025095e-35 -0.0060440395702609992 -0.95799217415238747 0.86530612187762312 60.629995542934097 0.35640838640895645 86.31000137329103 80.579998016357436 20.832049369812015 0.0052161649577838008 0.046507689871344057 -0.092486534715847585 0.38407526952448023 11.219501803408471 0.052833936899516661 44.516141766292812 70.870870342932506 0.011824252008990151 19.925000190734867 0.092340248816833614 126.89500045776369 1.1241878435900641 154.96059058863077 22891800.000000004 780738000.00000012 -0.12133826156894303 0.062361778786606252 32.716147222199133 56773250.000000007 42.235104842698512 12630550.000000002 34.762101377438356 78829027.500000015 39.207643343657757 37.900393786400798 269.93933548574859 8872000.0000000019 0.0088035362653349509 0.0087126676385862016 0.13017975889441266 95276800.000000015 169.18000030517581 18575800.000000004 51.761516106683281
decision_type=2 2 2 2 2 2 2 2 2 2 2 2 2 2 2 2 2 2 2 2 2 2 2 2 2 2 2 2 2 2 2 2 2 2 2 2 2 2 2 2 2 2 2 2 2 2 2 2 2 2 2 2 2 2 2 2 2 2 2 2 2 2
left_child=18 2 4 5 44 9 8 11 13 17 -11 48 15 14 29 -7 -13 30 19 -1 -16 22 23 49 -23 26 -24 39 57 -5 37 -20 33 35 36 -21 -35 38 60 -27 -3 58 45 -32 -2 -34 -17 -6 -8 50 -22 52 -51 54 -47 -56 -57 -10 59 -42 -4 -58
right_child=1 40 3 6 47 12 7 -9 28 10 -12 16 -14 -15 20 46 -18 -19 31 32 21 24 25 -25 -26 27 -28 -29 -30 -31 43 -33 42 34 -36 -37 -38 -39 -40 -41 41 -43 -44 -45 -46 53 -48 -49 -50 51 -52 -53 -54 -55 55 56 61 -59 -60 -61 -62 -63
leaf_value=-0.028248156499792489 0.0060575757603016835 -0.02253311097129124 -0.027169573045522834 -0.0096382594063894132 0.0087861100200276963 -0.016555071338776355 0.021272300744673657 0.02508314329146168 -0.025149496887414465 -0.0071906125332005756 0.030839460631341263 -0.021055652144532731 -0.010644331815010351 -0.025819712652181793 0.024618504063053527 0.036733505750998506 0.016254486673069033 -0.026314601889145851 -0.033833928691858264 -0.0038192395018900758 -0.026242905416634058 -0.018572004821251653 0.012525643377565142 0.019170937044036076 0.022147731766599097 0.024376092786435981 -0.026085500441015003 -0.026463522539547622 0.0037365843995231731 0.022056488044540658 -0.02378118949855965 0.028599389081084 0.0031931185930081855 -0.020430219366188874 0.022148598668127 0.02765059964765601 0.011361533918643026 0.022817644728134787 0.010494088146403192 -0.0021669893904702748 -0.02119937075447114 0.0082263242831306389 0.0059753795959080645 0.00034851516053416651 -0.026444449283610071 0.0010298001547137865 0.016852011637843112 0.033602038583609703 -0.0033251776794343962 -0.026789555834550966 0.003046535534723835 -0.024778044417065374 0.018329452690412269 0.012170401555842288 -0.037715262495544667 -0.030936587426981434 0.030326851178626706 -0.0067900852395037931 -0.023461068031928014 0.017303476882321804 -0.0015305166155866795 0.022285452118133868
leaf_weight=2.5971221625804892 4.3565960675477999 189.05561388283968 7.0477987527847343 8.2471376061439532 6.1654361039400127 3.7207776606082943 10.265356153249742 12.128944054245947 71.007896155118942 9.7722089290618914 10.550442874431608 23.629383772611622 8.6510843187570554 20.443329736590385 4.6305142641067496 13.043062821030619 5.3142560273408881 17.040002524852753 1.0826662182807911 6.6150970607995978 6.6873281598091152 6.0605400800704983 8.3145924508571643 5.1209636926650992 10.497563689947127 14.314148843288427 17.153136447072029 5.3092855066061011 8.1541344076395017 13.339415177702902 16.033075317740444 110.74416203796864 6.1183697730302802 11.769433259963995 10.463805496692656 31.2902572453022 9.5181752592325193 7.4383749961853018 11.087524890899656 7.9036818444728842 10.248576432466505 7.1408074647188178 11.142006069421766 7.1527977883815756 6.4918131679296494 3.9652049094438544 13.941713333129881 13.378926485776899 7.0991138368844977 10.112957134842871 9.8053195476531965 60.804750099778175 5.4859443157911292 13.657712459564207 0.63484139740466972 0.68811832368373771 80.252717331051826 7.3943806737661353 20.128117859363556 5.4972149878740302 5.7189735919237137 49.519286170601845
leaf_count=10 16 702 24 37 18 13 25 29 371 29 21 94 37 108 14 22 16 82 2 19 31 31 29 16 29 44 86 31 31 36 70 198 17 38 21 59 23 17 24 33 40 19 30 22 39 11 34 23 24 53 35 292 17 31 3 2 141 28 73 14 17 102
internal_value=-0.000264052 -0.0106741 -0.00622247 -0.00733899 0.0117938 0.000565023 -0.0102257 0.0015032 -0.0125044 -0.00529447 0.0125526 -0.00467282 0.0142385 -0.00912857 -0.00736776 0.0212491 -0.0142052 -0.0103659 0.0221253 0.0193701 -0.00953835 -0.0104822 -0.0124258 -0.0175932 0.00724363 -0.00286838 -0.0134799 0.00694927 -0.0208598 0.00994752 -0.00537738 0.0279949 0.0198949 0.0134858 0.00313207 0.0221586 -0.0062154 0.00274317 -0.00351657 0.0149338 -0.0206646 -0.0124522 0.0225846 -0.0163372 -0.013392 0.0237798 0.0264617 0.0257736 0.0112161 -0.0196199 -0.00882955 -0.0219491 -0.0109217 0.0246268 0.0258864 0.0266383 0.0269514 -0.023418 -0.0165683 -0.00775715 -0.0156844 0.0272584
internal_weight=1102.94 752.885 520.815 490.422 30.3928 131.198 359.224 58.4371 300.787 91.8412 20.3227 46.3081 39.3566 214.231 193.787 30.7056 28.9436 71.5185 350.059 238.232 172.201 167.57 151.012 98.0173 16.5581 52.9948 25.4677 27.5271 86.5564 21.5866 54.4785 111.827 235.635 69.6568 31.7514 37.9054 21.2876 31.2927 23.8543 22.2178 232.07 43.0147 165.978 23.1859 10.8484 154.836 26.9848 19.5444 17.3645 92.8963 16.4926 76.4037 15.5989 148.718 135.06 131.095 130.46 78.4023 35.8739 15.7458 12.7668 129.772
internal_count=3603 2896 2048 1952 96 412 1540 188 1352 306 50 159 106 922 814 69 110 256 707 507 741 727 667 444 60 223 115 108 430 73 174 200 497 160 82 78 61 82 65 77 848 146 337 92 55 307 56 41 49 428 66 362 70 290 259 248 245 399 127 54 41 243
is_linear=0
shrinkage=0.03


Tree=52
num_leaves=63
num_cat=0
split_feature=38 27 38 26 27 36 83 81 65 7 82 33 49 52 88 76 2 15 45 27 47 73 66 72 8 47 34 6 43 34 89 24 43 47 66 8 68 4 82 65 67 15 27 36 89 58 26 83 45 43 33 16 83 73 73 20 79 67 29 4 18 28
split_gain=55.3016 26.5858 18.4559 14.6319 11.8379 9.9048 8.62832 8.26207 7.9439 10.2268 7.47447 6.97185 6.53857 6.12371 6.00113 5.86608 6.06668 7.29046 5.83304 5.47385 5.41201 5.15309 5.14526 5.10117 5.78409 5.10617 7.84686 5.08827 5.05514 5.0413 4.94604 4.86506 4.85365 4.82863 4.68317 4.88301 4.64892 4.61585 4.48396 4.36771 5.60667 4.31615 4.32948 12.4606 4.29658 4.25242 7.00546 4.2272 5.28739 6.34165 4.19917 4.16067 4.08444 6.46582 8.84726 4.47533 4.14087 3.79376 3.76959 8.41921 4.24702 4.2657
threshold=-1.0000000180025095e-35 0.011966790275431351 1.0000000180025095e-35 0.5732637369677428 0.022069384653104953 0.0053295487673054006 0.006862987150824151 83.584469367401468 0.017947470575994353 0.016596226826909252 0.93791993844464383 176700500.00000003 13.565000057220461 16.32499980926514 34.702268469460719 10.648132324218752 11.321223106918538 34.584273250822648 -1.3877006386127915 0.010999745206176402 0.11317727477269822 0.27297535111819832 0.088618052102063319 49.736720467947869 0.07124086067718792 0.11081633666425363 58.813557317874277 0.96844241282127208 6369650.0000000009 70.603020934272976 84292417.000000015 32091350.000000004 12338350.000000002 0.11520899380733102 0.32464887731673392 0.1264430367085492 95.665000915527358 89035750.000000015 1.1250271193784303 0.025684254150014105 95.225002288818374 84.229505575271375 0.01212651825906485 0.0059350915939501503 33895861.500000007 1.4605000019073489 0.65458462052714783 0.010923620326792951 1.163237314503782 5994600.0000000009 59977700.000000007 0.23611568094041149 0.0064703770346220503 -0.047636082405290346 0.16914441429639737 67.271820068359389 34.876451119625024 74.274997711181655 398.12847900390631 143049800.00000003 0.033701020970478855 0.097849005913491063
decision_type=2 2 2 2 2 2 2 2 2 2 2 2 2 2 2 2 2 2 2 2 2 2 2 2 2 2 2 2 2 2 2 2 2 2 2 2 2 2 2 2 2 2 2 2 2 2 2 2 2 2 2 2 2 2 2 2 2 2 2 2 2 2
left_child=41 3 4 7 5 -3 20 13 9 -4 11 22 37 18 34 16 17 -6 51 36 50 -12 -7 24 30 26 -25 31 -28 -30 33 -26 -19 -24 35 45 -14 -8 -17 40 -39 42 57 -44 -22 -10 -47 48 49 -45 -5 -2 53 55 -55 -20 -54 -1 59 -27 61 -61
right_child=1 2 8 6 15 10 12 -9 14 -11 21 -13 19 -15 -16 38 -18 32 52 -21 44 -23 23 25 27 58 28 -29 29 -31 -32 -33 -34 -35 -36 -37 -38 39 -40 -41 -42 -43 43 47 -46 46 -48 -49 -50 -51 -52 -53 56 54 -56 -57 -58 -59 -60 60 -62 -63
leaf_value=0.060568537582269225 0.030713157988252301 0.03899608366255658 0.030021236132776217 -0.0049060828279680682 -0.003513979919914046 -0.00077101442929702413 0.042358061822101063 0.019200239471444034 -0.021509741079663761 -0.0024531817820859551 -0.015839151303981711 -0.0024490867778150416 -0.017610584273524674 -0.019585634708413398 0.025050950040277881 0.031058174523968959 -0.0048286814084468289 0.0132261749474241 -0.021160439230106066 0.026068128875948865 0.012205861500010438 0.013428820259567304 0.019131766613372563 0.02939620662421644 0.034110545958931253 0.024558683692184276 -0.010526016479102382 0.0051704885651446602 0.035792671466219249 0.00076532201614124592 0.034667365237573043 0.00045044664646242847 0.031075615634501723 -0.0096977059302298298 0.013284945520495035 0.01398038356510203 0.014465404872353113 0.030341578616821629 0.0011318946476953807 0.043471488998086234 -0.0042783978927949618 0.0091398974906395872 0.027556110425032084 0.028965807516333972 -0.015629887306755939 -0.010176751845131692 0.013431324395312878 -0.014365483685787432 0.017047477280279832 -0.013204428327639239 0.024696692880374637 -0.00526736124685806 -0.015002568042489388 0.038952824989439284 -0.0044045313209074817 0.0057231333415953363 0.0092411336072183801 -0.017650350996732206 -0.013675089553899971 -0.0016832362087348641 -0.015510918169059137 0.029077700234774947
leaf_weight=0.5611964613199224 6.0726979076862317 8.8352771699428541 15.474242702126501 8.4589658081531542 12.083169281482695 30.547598451375961 8.1836705058813113 9.1633841693401319 20.754470005631447 20.018107295036316 20.352496489882473 44.492287680506706 11.569508820772176 44.838667035102844 5.9700453430414191 38.843237355351448 12.981348276138304 27.186543986201286 15.224190726876261 6.3658684045076361 6.113787665963172 7.3763023465871802 8.5596586763858848 21.096410229802132 32.472576275467873 15.350202798843382 11.124689862132074 9.2054491937160474 6.5970423370599738 8.4152935445308668 4.9664926826953879 4.3866109848022452 27.66062068939209 13.436284735798834 10.628780588507651 8.7430184334516508 6.2707781046628943 6.9568222910165849 5.097416326403617 4.1888349801301947 10.663345023989676 8.6897758990526182 7.8640302419662467 3.5930709838867179 27.16745163500309 69.32038451731205 13.518593251705168 107.21852180361748 9.1222743242979032 30.061793118715286 8.798195153474806 5.5232652574777603 70.116810917854309 6.9538733512163189 10.836187019944189 8.7912373989820463 6.9710774123668662 100.17513711750507 10.544529289007185 16.007636353373531 13.21002560853958 5.4347439110279074
leaf_count=3 26 42 66 25 35 93 39 35 51 63 53 131 28 113 24 177 38 100 37 26 22 26 33 90 146 63 30 31 30 27 22 14 124 37 39 32 23 30 16 20 31 29 32 15 72 201 49 272 34 77 36 16 185 32 33 30 24 245 26 48 33 23
internal_value=0.000278496 0.00394556 0.00764686 -0.00348564 0.0110083 0.00771573 0.00546982 -0.00856972 -0.000862813 0.0117053 0.00674114 0.00834457 0.0137846 -0.0100211 -0.00432246 0.0187818 0.0139404 0.0175807 -0.00673454 0.0021858 -0.00344717 -0.0080534 0.0106167 0.0125407 0.0186625 0.00839289 0.0157859 0.0251219 0.00480037 0.0161578 0.00762674 0.0301047 0.022228 0.0015212 -0.00574856 -0.00754943 -0.00633602 0.0231456 0.0275865 0.0159363 0.00939032 -0.0116565 -0.0123553 -0.00925445 -0.0105164 -0.00936649 -0.00632412 -0.0111844 -0.00321108 -0.00870224 0.0101863 0.0135753 -0.00871541 -0.00116474 0.0125432 -0.0113193 -0.0128102 -0.0172146 0.00262554 0.00606301 -0.00213014 0.00611337
internal_weight=1137.21 869.92 580.692 289.229 416.264 292.412 104.737 184.491 164.428 35.4923 283.576 255.848 54.1988 175.328 128.935 123.852 79.9117 66.9303 130.489 24.2062 50.5384 27.7288 211.355 180.808 73.0271 107.781 47.2334 46.0646 26.137 15.0123 26.9624 36.8592 54.8472 21.9959 122.965 112.336 17.8403 29.9927 43.9407 21.809 17.6202 267.286 258.596 157.86 33.2812 103.593 82.839 149.996 42.7771 33.6549 17.2572 11.596 118.893 41.8055 17.7901 24.0154 77.0879 100.736 60.5471 50.0026 34.6524 21.4424
internal_count=3603 2896 2013 883 1488 998 352 531 525 129 956 877 197 496 396 490 297 259 383 77 155 79 746 653 283 370 177 191 87 57 92 160 224 70 372 333 51 120 193 81 61 707 678 430 94 301 250 398 126 92 61 42 341 132 65 67 209 248 193 167 104 71
is_linear=0
shrinkage=0.03


Tree=53
num_leaves=63
num_cat=0
split_feature=27 26 48 34 65 58 46 86 28 57 42 35 83 42 74 61 16 25 35 73 6 83 87 51 73 75 75 28 2 56 84 25 81 55 81 45 64 27 75 57 27 56 27 69 75 56 26 43 39 44 26 26 37 26 29 26 55 6 23 65 64 55
split_gain=17.5451 18.6582 15.9215 14.41 14.6689 12.8382 12.7208 15.9206 12.7504 11.7742 11.9644 13.4236 15.2265 11.6318 12.4916 10.7696 10.6232 9.96372 12.8515 11.9762 9.29557 9.89623 9.27651 8.94369 10.7091 13.0101 8.48783 8.30068 8.09378 7.83984 7.83683 7.59731 7.24509 7.44461 7.15822 7.146 7.8633 9.57953 8.52531 7.80617 7.58206 7.05466 7.54249 6.92676 6.91409 6.791 6.40721 6.01602 5.97898 5.93453 6.81703 5.51305 5.1007 4.98425 4.97706 4.81747 4.77772 4.63498 4.34456 4.25927 4.23337 4.91219
threshold=0.014240169177586701 0.68827733330488716 -1.0000000180025095e-35 37.926204776626911 0.026208313659778805 2.8780000209808354 0.010040902925728502 34.544645578232128 0.096866892753595571 3.067820317568708 140.61999511718753 1.7702399980286716 0.0070198820056903014 159.9049987792969 0.0040374851940705005 1.797500014305115 0.34411845797916385 52.03170375998338 1.0283209911638809 0.01176260113124525 -0.089780366222702981 0.016514609715159351 34.865780657865109 13.734999656677248 0.48695620543475832 1.0946845861927152 1.1402323742538758 1.0000000180025095e-35 13.281285733745323 0.059827160042635455 0.029219834683499053 45.670787555244566 64.493426736723251 -0.63392677039593159 64.309678244015515 1.9165933730020017 -0.034093001451199791 0.020850837929286554 1.1023532823625113 3.4283259244587643 0.022704183467779655 0.045147118058928709 0.013394361068558151 98.014999389648452 1.1390746961613576 0.10262009512137686 0.24849302783825952 7311450.0000000009 131.1350021362305 69.721450047752128 0.31759325028909663 0.47225076875580291 0.12896455496653039 -0.45208842892182582 102.11174392700197 0.34410045837575259 1.7832420511432903 -0.11832978474448413 29.808025020393149 0.014520360612953552 -0.020327544019310795 -0.3581533341091187
decision_type=2 2 2 2 2 2 2 2 2 2 2 2 2 2 2 2 2 2 2 2 2 2 2 2 2 2 2 2 2 2 2 2 2 2 2 2 2 2 2 2 2 2 2 2 2 2 2 2 2 2 2 2 2 2 2 2 2 2 2 2 2 2
left_child=1 2 5 27 15 28 7 47 20 10 11 29 26 14 17 -5 23 18 19 -4 -8 -22 34 43 25 54 -13 -2 -1 -3 44 -10 -17 -34 -15 36 38 39 -29 -38 56 -19 -43 -16 -31 -21 -20 -6 -35 -49 -51 -30 -14 -47 58 -27 -40 -18 -25 -53 -59 -62
right_child=3 9 13 4 6 -7 8 -9 31 -11 -12 12 52 22 16 32 57 41 46 45 21 -23 -24 24 -26 55 -28 35 51 30 -32 -33 33 48 -36 -37 37 -39 40 -41 -42 42 -44 -45 -46 53 -48 49 -50 50 -52 59 -54 -55 -56 -57 -58 60 -60 -61 61 -63
leaf_value=-0.0149549520809957 0.026936194619674871 -0.025646739186977987 -0.021598580520650966 0.010270181813471611 -0.001559909637098052 -0.012251504155611081 0.024824421786792172 -0.027038964778441109 0.0070213899487944617 0.024616933773683174 -0.023396758935822857 0.030365810084608164 0.010160981670124967 0.032112895726823264 -0.021344930237343913 -0.02000866601075094 -0.015333658159787843 0.0082502371569487844 0.030437517356060297 0.02007736833284823 0.0071451213152493474 -0.018029438644540919 -0.010243891979872858 -0.0059535393212938534 -0.018867152101121318 0.03501449879561707 -0.0036134234053946603 0.034988082601786367 0.025377888903935705 0.030429451496137547 -0.028101672686437495 -0.025203273533228644 -0.016814601902275201 -0.0041474819495538754 0.0038393766958869217 -0.018718742323572672 -0.0015545819069085998 -0.019879421844758095 -0.00054810408445009275 0.034235358381348856 -0.014680861502108799 -0.021294027104577871 0.009891349674705641 0.014742526031989301 -0.010652570976102565 0.01196263712146799 -0.00017469789049682577 0.020994502279717431 0.028325040566214821 0.017069166676181833 -0.027658192480120729 -0.019086023370138174 -0.021687382697454842 -0.021457397715740369 -0.016831335220798702 0.011100861934000039 0.029856274753078685 0.036886980602587369 0.025582190471239753 0.01473319048298612 0.0052272191005246415 0.028621131837674205
leaf_weight=5.7778820544481269 13.803106337785719 26.214655980467796 24.749342292547226 15.886968672275541 24.358915701508522 12.867666646838186 11.425205647945402 11.220740288496016 7.8552986383438101 10.542236030101774 35.05383563041687 22.578307256102566 6.4486568272113827 26.478306651115417 20.798493906855587 109.25187346339226 3.3085101246833792 11.726380154490469 16.985202059149746 15.936903223395346 29.48792177438736 26.850119605660439 9.0767338275909406 8.5012939274311083 11.825803518295286 19.154233291745189 9.3586812168359739 12.809075042605398 75.697744801640511 7.7926993072032946 6.7079643905162802 40.702917762100697 28.326018944382668 16.431436613202099 11.585305035114287 12.902758389711378 21.247945889830593 18.794931352138519 8.0598744451999718 7.3931919485330573 10.570397436618803 52.718361854553223 8.0451999306678754 6.218126267194747 6.9980198293924332 6.9359098672866812 9.6493007540702802 47.229299694299698 7.4019893854856482 7.0993947982788068 5.3992414623498917 4.177618175745013 15.178378686308859 9.5413411408662814 12.267971515655516 12.549016043543814 10.999380156397818 11.779724612832068 7.314622536301612 16.950494721531868 17.706448331475254 14.855728328227999
leaf_count=16 31 98 89 50 95 42 35 39 29 27 142 51 20 53 64 438 13 33 40 39 101 110 26 27 34 36 30 27 171 20 34 187 133 64 34 38 69 79 21 17 38 186 26 15 22 17 29 125 19 22 29 14 69 30 31 31 24 24 20 41 54 35
internal_value=-2.27931e-05 0.00339333 0.00633654 -0.00415892 -0.00693203 0.0159952 -0.00159929 0.00652632 -0.00825699 -0.00592848 -0.0082905 -0.00306196 0.00724623 0.0031473 0.000987691 -0.0132974 0.00728839 -0.00490954 0.00213563 -0.00588383 0.000150912 -0.00485281 0.0170087 0.00166902 0.00721778 0.0123773 0.0204087 0.00509252 0.0195377 -0.0146342 -0.00120586 -0.0199903 -0.015617 -0.00641836 0.0235074 0.0021589 0.00515617 -0.0032371 0.0145378 0.00768394 0.00569701 -0.0130537 -0.017165 -0.0130391 0.0109921 0.00611494 0.0193471 0.0110054 0.00593757 0.0161299 -0.00225245 0.021596 -0.012191 -0.00738962 -0.00249164 0.0255488 0.0169987 0.0189197 0.00863126 0.00804619 0.0214754 0.0159001
internal_weight=1117.56 612.053 465.18 505.508 388.927 115.471 211.629 95.3076 116.321 146.873 136.331 101.277 53.564 349.708 302.568 177.298 146.28 156.288 83.798 57.1635 67.7632 56.338 47.1403 98.6296 71.6129 59.7871 31.937 116.581 102.604 47.7133 21.4987 48.5582 161.411 52.1594 38.0636 102.778 89.8748 47.4361 42.4387 28.6411 29.6297 72.4899 60.7636 27.0166 14.7907 32.4142 26.6345 84.0869 23.8334 59.7279 12.4986 96.8259 21.627 16.4773 28.0839 31.7032 19.0593 47.6504 15.8159 21.1281 44.3419 32.5622
internal_count=3603 1783 1270 1820 1476 284 772 310 462 513 486 344 170 986 873 704 384 489 244 175 246 211 113 258 179 145 81 344 242 174 76 216 654 216 87 313 275 165 110 86 83 245 212 79 42 86 69 271 83 176 51 226 89 47 78 67 45 126 47 55 113 89
is_linear=0
shrinkage=0.03


Tree=54
num_leaves=63
num_cat=0
split_feature=38 38 67 23 27 78 20 65 46 15 65 84 63 41 59 58 48 8 58 54 75 75 34 56 54 83 75 83 5 18 0 56 54 25 52 56 8 11 59 27 72 78 36 89 18 33 86 4 8 16 46 64 85 75 89 89 35 54 12 80 65 28
split_gain=270.935 36.3272 11.2567 12.4792 14.4845 10.2574 10.036 9.99416 8.6754 7.71449 7.30796 6.80918 7.10115 8.20496 8.0181 6.70412 6.06396 6.33028 5.92102 5.89906 5.71489 6.90914 5.57259 7.79717 5.46558 5.81677 5.15982 4.84464 4.49585 4.39305 4.38016 4.32834 6.60419 5.99631 5.6604 4.29049 5.85811 3.91784 3.79728 5.30605 4.30615 3.72839 3.67441 4.75407 3.77793 3.61026 3.54169 3.53979 3.51676 3.41203 4.39795 3.15647 4.98143 2.99229 4.10839 5.33208 2.93922 2.88738 2.52081 2.71326 2.85869 2.481
threshold=-1.0000000180025095e-35 1.0000000180025095e-35 75.665000915527358 134.95282305939293 0.0081626452520557526 9.6041012197530975 51.546981811523445 0.010038498851727152 0.0085254780769624516 39.404737295218268 0.019089972820296303 0.046507689871344057 48.835267044509443 179.46499633789065 1.6424999833106997 2.2734999656677251 1.0000000180025095e-35 -0.0060440395702609992 1.9564999938011172 44.378803152774942 1.0829484088326622 1.1293504206532208 66.883288392343033 0.071041609244275619 34.574008576134396 0.019882448047644701 1.1334123840181742 0.0071026517222905509 11.219501803408471 0.038391545778402057 138.61186981201175 0.052833936899516661 44.516141766292812 70.870870342932506 19.095000267028812 0.068738112526224762 0.071912113021146612 157.37919832771402 2.9455000162124638 0.010576674419879003 54.741819112291601 18.313313004131441 0.006721868351878651 49699885.000000007 0.032144394015816112 160848950.00000003 15.907310717260884 780738000.00000012 0.065393460463919015 0.24113231585906547 0.0086005524222115531 -0.020716973292068598 9.1797385215759295 1.1044231224121928 74355749.500000015 61382350.000000007 0.88352443573187867 32.716147222199133 269.93933548574859 8872000.0000000019 0.010486400216155703 0.0087126676385862016
decision_type=2 2 2 2 2 2 2 2 2 2 2 2 2 2 2 2 2 2 2 2 2 2 2 2 2 2 2 2 2 2 2 2 2 2 2 2 2 2 2 2 2 2 2 2 2 2 2 2 2 2 2 2 2 2 2 2 2 2 2 2 2 2
left_child=16 2 5 4 6 48 8 -6 -4 10 -9 12 14 53 -11 29 17 -1 22 30 51 -22 23 -16 -13 -26 -21 -8 -18 46 -5 32 49 34 -34 -17 -37 -3 39 40 -23 -41 43 -39 -44 -7 -12 57 -2 -19 -51 52 -20 54 55 56 -14 -33 59 -59 -61 -62
right_child=1 37 3 19 7 45 27 9 -10 11 15 24 13 -15 18 35 28 31 20 26 21 38 -24 -25 25 -27 -28 -29 -30 -31 -32 47 33 -35 -36 36 -38 42 -40 41 -42 -43 44 -45 -46 -47 -48 -49 -50 50 -52 -53 -54 -55 -56 -57 -58 58 -60 60 61 -63
leaf_value=-0.028021982429337698 -0.025671655237863678 -0.022331283970100965 -0.026248965254471582 0.034083119637745359 0.015957703810171427 -0.00026318609744550793 0.0098352326619795313 -0.022633583904628787 0.013421700274273838 -0.025680927033685293 -0.026295809249781338 0.019935181529666314 -0.0028397158587758721 0.019584258206630113 -0.025883443659158897 0.026141311318068811 -0.033608756243170369 0.031188184524677972 0.012344607254823231 -0.017302568784409035 -0.02356412718399134 0.019802172859101876 0.029363894062830777 0.013071778461515917 -0.026813995831356519 0.0072082375596151426 0.01431098816505634 0.039684689656716572 0.027917674105457677 0.017683317908249389 0.0050240100775540315 0.0029533757342478004 -0.020157287754863314 0.02154738941001394 0.010988429913289679 -0.015103188778505012 0.021518168375414488 -0.018880720931683713 0.019465511233819534 0.0048081429739663829 -0.01329076082953465 -0.026230494189361429 -0.0020089748296515889 0.015221126458254273 -0.026047367904172482 0.027217611172277431 0.001122666803003993 0.0056644333881853155 0.0093197147550029471 0.02743412618276319 -0.00055446027011527455 0.024030829216158803 -0.02721049755773822 -0.023761428403439012 -0.023222278717116969 0.0086691934232196264 -0.023018492961340589 0.0007851499731760138 0.011719148409175893 -0.0036520964390782959 -0.03053449290702092 0.026953409818192831
leaf_weight=2.5669382363557807 7.4024761915206891 186.02236922085285 9.9254529103636759 10.464388564229013 12.536953404545782 5.5600075125694302 10.440727815032007 12.019248455762861 9.9196435511112195 22.875184521079063 10.859431996941572 9.2773492485284823 10.100155904889109 4.8869078159332267 7.5337946861982408 12.575641080737116 1.0793559551239003 17.599061414599419 7.2634930014610308 10.027372896671297 33.747314319014549 8.0237566679716092 6.9189608395099631 11.974249348044394 8.3344114422798175 9.889048829674719 8.6590058952569944 9.2107686400413495 110.17007200419903 4.4664437919855109 8.4285809397697431 6.1108414381742469 11.715783402323728 10.467768266797064 9.5181413292884809 8.1146425902843458 7.6255686730146399 6.717026710510253 4.9804754555225363 4.5630352497100857 6.3311923891305915 14.716096624732016 8.4771384596824664 8.1351211667060834 19.237014904618263 19.023652821779251 6.9559060633182517 11.15633302927017 3.9721211045980453 9.8819155544042605 10.339587569236754 5.5925755351781836 4.7323474138975143 83.595389395952225 33.151764154434204 11.156175240874289 18.208678498864174 3.9624698907136908 13.66621285676956 2.8651955872774115 0.67925272881984611 127.12067297101021
leaf_count=10 46 702 36 18 30 17 32 58 25 111 54 29 38 12 30 28 2 31 24 42 163 21 18 39 38 36 22 14 198 15 27 17 38 21 23 34 18 22 13 18 25 81 29 22 73 37 25 30 15 20 27 17 28 431 163 34 86 11 31 8 2 238
internal_value=-0.000274998 -0.0104966 -0.00608646 -0.00729909 -0.00870861 0.0101034 0.00862908 -0.0104078 -0.00641944 -0.0112543 -0.00160549 -0.0130972 -0.0144054 -0.0186941 -0.00944387 0.00338965 0.0215402 0.0188342 -0.00625231 0.0092983 -0.00992013 -0.0136482 0.00623195 -0.00197231 0.00119085 -0.00835167 -0.00265329 0.0238258 0.0273207 -0.0089206 0.0211192 0.0193458 0.013064 0.00296464 -0.00619617 0.0130766 0.00263855 -0.0204525 -0.00498211 -0.00860227 0.00520667 -0.0188842 -0.0122421 -0.000201762 -0.0186946 0.0210024 -0.0155904 0.0219837 -0.0134523 0.0215293 0.0131231 0.00541775 -0.00325984 -0.0198916 -0.0154367 -0.00889656 -0.015819 0.0231628 0.0239956 0.0252418 0.0259835 0.0266479
internal_weight=1093.53 744.629 516.04 480.082 442.503 35.9583 39.4966 403.006 19.8451 390.469 62.6169 327.852 300.352 161.099 139.252 50.5976 348.9 237.65 116.377 37.5793 89.9503 72.3619 26.427 19.508 27.5008 18.2235 18.6864 19.6515 111.249 22.2818 18.893 235.083 69.5223 31.7017 21.2339 28.3159 15.7402 228.589 38.6146 33.6341 14.3549 19.2791 42.5663 14.8521 27.7142 24.5837 17.8153 165.561 11.3746 37.8206 20.2215 17.5884 11.9958 156.212 72.6168 39.465 28.3088 154.405 148.294 134.628 130.665 127.8
internal_count=3603 2896 2048 1933 1824 115 107 1717 61 1687 232 1455 1352 764 588 174 707 507 477 109 390 321 87 69 103 74 64 46 200 94 45 497 160 82 61 80 52 848 158 145 46 99 146 44 102 54 79 337 61 78 47 69 52 752 321 158 124 307 290 259 248 240
is_linear=0
shrinkage=0.03


Tree=55
num_leaves=63
num_cat=0
split_feature=38 27 26 38 27 34 65 50 27 52 55 60 36 45 33 25 83 45 65 37 69 17 12 82 47 39 74 7 16 17 47 64 64 54 5 83 55 5 51 63 17 72 7 70 33 82 48 1 8 17 50 36 26 26 26 27 21 83 19 38 28 54
split_gain=51.5108 25.1094 16.8442 13.5512 10.8254 8.49404 9.556 8.2116 8.05707 9.87704 7.91221 7.40319 7.35461 7.34798 11.7434 7.18093 6.80447 6.50629 6.31665 6.18822 5.96008 6.25881 5.67092 5.66644 5.583 5.02952 4.97394 5.21431 6.5796 5.68771 4.87116 4.84088 5.16543 4.81033 4.75959 4.73709 8.97324 8.11265 6.18048 5.65491 4.63283 7.29453 6.51235 4.2589 4.17982 4.12264 4.06109 5.79856 4.00437 3.89845 5.77717 3.79822 3.79097 6.90172 6.35844 4.26992 7.01169 3.84486 6.44721 3.77048 3.64013 3.55539
threshold=-1.0000000180025095e-35 0.014240169177586701 0.52825086382352648 1.0000000180025095e-35 0.0076511554434743508 37.926204776626911 0.017653687355146653 16.855000495910648 0.022069384653104953 16.164999961853031 0.072893839676428471 1.278999984264374 0.0095136828640532533 -0.47043769620288595 138397550.00000003 49.891733485200874 0.0093081495406616508 -0.29470529149131147 0.017947470575994353 0.12179755953878367 95.915000915527358 0.010817951494624301 20.864858577282924 0.13313213619509767 0.10641251452631546 119.73500061035158 0.0029433543876168007 0.014940455752700602 1.9561574293251172 0.018594356579173854 0.11081633666425363 -0.012244166523404248 -0.029332736436466295 51.715460808480756 61.662174913818468 0.011772210505250702 0.38378513874346792 66.371865438588529 26.444999694824222 59.316610612284371 0.014261209457890002 43.228110965600777 0.025291781259018657 98.365001678466811 177802350.00000003 1.1250271193784303 1.0000000180025095e-35 5.3104934536991433 0.076809417807993205 0.018639423627677353 21.185000419616703 0.0067943027013104016 0.96541398942025591 0.73237443228380539 0.24194134101333198 0.064168046880430263 21.734887325135983 0.020343382878032654 1.0000000180025095e-35 1.0000000180025095e-35 0.10924186219610726 48.3980221452614
decision_type=2 2 2 2 2 2 2 2 2 2 2 2 2 2 2 2 2 2 2 2 2 2 2 2 2 2 2 2 2 2 2 2 2 2 2 2 2 2 2 2 2 2 2 2 2 2 2 2 2 2 2 2 2 2 2 2 2 2 2 2 2 2
left_child=46 2 7 8 -4 12 -7 10 9 43 15 -6 -5 14 -13 19 23 -15 44 33 21 30 52 -12 -22 -26 61 28 34 -29 -17 32 -9 48 -28 36 37 60 -37 -39 -8 42 -42 -3 -11 -24 47 -1 -2 50 -43 -23 53 54 55 56 -10 58 -58 -36 -20 -19
right_child=1 3 4 5 11 6 40 31 22 18 16 13 -14 17 -16 20 -18 26 35 -21 24 51 45 -25 25 -27 27 29 -30 -31 -32 -33 -34 -35 59 38 -38 39 -40 -41 41 49 -44 -45 -46 -47 -48 -49 -50 -51 -52 -53 -54 -55 -56 -57 57 -59 -60 -61 -62 -63
leaf_value=0.0096324816559514147 0.029139102936513023 0.026731873904619487 -0.015826880891730458 0.02373932349318985 -0.025130245573942132 0.030958059674625709 -0.010749114339939825 -0.0099981988153279265 -0.021304442279662095 0.023145305367822278 -0.0032196240894672942 0.02707185798556043 -0.015541859024814685 -0.011536313095477055 -0.0087066923511915691 -0.0038077038277039097 0.036876572758410012 0.013513600446564909 -0.013451204477712097 -0.019741312064162016 0.035721703205744901 -0.020992751362326218 0.029691425269759403 0.025889246950460867 -0.014529987909247212 0.021252904612635588 -0.014300103229914912 0.030758012060858479 0.028155147939720387 -0.003112516933177913 0.024387215828291915 -0.018564820313186646 0.01722026546645021 -0.014134789891066358 0.02201826409110642 -0.0076524315414947097 0.043220496685085798 0.032018713072483503 0.020136098761189127 -0.002001011433511233 0.052018759154293943 -0.0088182127831264306 0.004694756904684615 -0.0033515942976021099 0.00069457470925496259 0.0010903142650708125 -0.017006450320476919 -0.01040574434931343 -0.0050517197508147069 -0.0099873034790374203 0.027302762563985686 0.00010441511802114937 0.035719887403934759 -0.01726588345091221 0.035822956448471756 0.027097971687095889 0.027477401847753029 -0.0019415254223627784 -0.0098102199402386441 -0.0071898061232920302 0.012095910420345959 0.043999259954499687
leaf_weight=14.067643031477926 6.3572283238172549 30.629256635904312 17.714769676327705 4.8785448074340811 5.5192172825336447 11.872321382164953 19.023934796452522 34.711512967944145 7.0838454812765113 23.949756532907486 23.572698220610622 39.46612548828125 35.544074282050133 16.856175854802132 10.440555229783056 13.32909317314625 7.0110997855663291 9.4385085105895978 19.614809677004818 40.361897930502892 7.3187005817890194 19.543891906738281 41.353840589523315 8.0822956413030607 7.03817270696163 7.103056013584137 21.600306868553162 12.188776433467867 6.2337197810411444 7.0388502925634375 9.4069156348705274 55.094036743044853 7.6598549783229819 11.966779679059981 7.9056743830442402 54.441981956362724 5.872928872704505 11.459387332201006 8.3017588108777982 7.1358786821365348 5.3375664949417096 7.3888437747955349 5.1346848011016846 4.9149203002452841 10.842198193073271 5.094560131430625 79.019579172134399 170.77767330408096 5.98552305996418 16.892641544342041 8.6508307158946973 12.652229651808737 6.230469971895217 6.8686058670282355 10.418602943420408 10.764731511473654 17.622578203678135 12.627777844667433 5.4683577567338935 8.0058040022850037 6.746090129017829 5.420225888490676
leaf_count=47 27 130 47 20 13 51 53 97 16 98 74 164 98 46 29 41 32 35 50 101 33 46 188 34 19 28 57 53 26 21 38 141 29 32 32 150 28 50 32 22 27 21 17 15 33 16 200 460 18 48 36 40 30 17 50 46 75 37 15 24 24 26
internal_value=0.000292185 0.00382371 -0.0011483 0.00906493 0.00635263 0.000266108 0.0062871 -0.00568976 0.0123482 0.00836792 -0.00188736 0.00897001 -0.0108011 0.0102716 0.0195869 -0.00518284 0.0101354 0.00536186 0.004965 -0.0125394 0.00104499 -0.00419251 0.0182739 0.00421258 0.0144517 0.00344355 0.00902152 0.00533764 -0.000385554 0.0183587 0.00785781 -0.0127015 -0.00507767 -0.000581713 -0.00512846 0.00153889 0.00834609 0.00379021 -0.00397567 0.0189637 0.0015953 0.00700578 0.0288152 0.022572 0.016149 0.0265544 -0.0113141 -0.00888074 0.0125585 7.0546e-05 0.0106633 -0.0127021 0.0132844 0.0113116 0.0143793 0.0102086 0.00596091 0.0113683 0.018647 0.00732233 -0.00691337 0.0246343
internal_weight=1131.05 867.189 445.024 422.166 167.829 114.723 74.3008 277.195 307.442 183.909 179.73 150.114 40.4226 144.595 49.9067 141.063 38.6661 94.688 148.365 64.6714 76.3921 54.9321 123.533 31.655 21.4599 14.1412 77.8319 62.9731 43.7455 19.2276 22.736 97.4654 42.3714 24.3095 37.5118 113.573 50.8291 44.9562 62.7437 18.5953 62.4285 43.4046 10.4723 35.5442 34.792 46.4484 263.865 184.845 12.3428 32.9323 16.0397 32.1961 77.085 70.8545 63.9859 53.5673 42.8026 35.7187 23.0909 15.9115 26.3609 14.8587
internal_count=3603 2896 1403 1493 573 371 253 830 1122 632 563 526 118 513 193 423 140 320 487 178 245 165 490 108 80 47 274 213 139 74 79 267 126 77 113 356 174 146 182 72 202 149 44 145 131 204 707 507 45 105 57 86 286 256 239 189 143 127 90 56 74 61
is_linear=0
shrinkage=0.03


Tree=56
num_leaves=63
num_cat=0
split_feature=38 38 27 26 59 45 7 36 73 16 28 7 59 84 23 44 6 44 33 6 42 67 14 28 35 16 64 54 40 50 25 48 48 73 37 65 16 65 27 44 81 11 73 25 5 25 47 5 75 33 84 44 75 5 20 65 6 25 3 43 50 80
split_gain=156.536 49.3682 12.0214 11.7465 11.5608 10.4745 8.85907 8.08168 8.06759 7.98013 7.68043 7.39236 7.32918 8.11982 5.7492 8.61529 5.86327 6.94109 5.86081 6.60263 5.69695 5.69017 7.19006 5.66824 9.57764 7.99069 11.028 7.29602 6.5294 5.64999 5.52495 5.45778 5.26207 5.40706 5.20859 7.69799 5.52872 5.1931 9.58242 5.07676 5.82428 5.05797 9.64006 4.96115 4.92066 5.16354 4.6073 4.53367 4.42938 4.35981 4.28923 4.16047 3.67641 5.26917 7.13438 5.44151 5.30314 3.99211 4.29942 4.33694 4.12518 5.6779
threshold=1.0000000180025095e-35 -1.0000000180025095e-35 0.019676554653882055 0.70899898908537839 1.8575000166893008 -0.011403737688162548 0.012330684321460552 0.0039088109304695508 0.28094116941193908 0.23611568094041149 0.12107230432056856 0.0076285391959876004 1.3334999680519106 0.028559273342405555 25.938849464821395 48.320508735272988 0.11659387829844811 42.852659919092538 468986250.00000006 0.17898653898643513 163.17499542236331 92.264999389648452 28888750.000000004 0.10287735422440476 2.6167709009463214 -0.19900506511848973 -0.00063502271170094986 39.51503167295224 124.4650001525879 17.550000190734867 63.078363992889422 -1.0000000180025095e-35 -1.0000000180025095e-35 0.172326623090477 0.13360540120845907 0.027346236115097306 0.076608629105946222 0.026703901495827253 0.008388142178128952 66.805743875510686 52.490487448692583 256.58740851442991 -0.13476015047501722 17.003365889400765 69.199138899596704 53.140551103433999 0.11553404232503837 67.198607189923493 1.0788617345911122 154150200.00000003 0.030632392992563453 21.756641704678881 1.0913702934567213 48.692375115430771 27.681172370910652 0.015911566529241906 0.044456294294892652 74.802103020673243 144.75230145912076 20078900.000000004 26.804999351501468 33478000.000000004
decision_type=2 2 2 2 2 2 2 2 2 2 2 2 2 2 2 2 2 2 2 2 2 2 2 2 2 2 2 2 2 2 2 2 2 2 2 2 2 2 2 2 2 2 2 2 2 2 2 2 2 2 2 2 2 2 2 2 2 2 2 2 2 2
left_child=1 7 3 4 8 12 9 30 34 -6 31 -11 -5 21 15 16 17 -4 19 -17 -16 -14 -23 25 49 28 50 47 -8 -29 -1 51 -13 44 35 36 -3 -9 -39 40 -12 42 -22 -40 45 -34 -38 -28 -45 -25 -27 -2 53 56 -55 -56 -33 58 59 60 61 -54
right_child=10 2 14 5 6 -7 23 37 -10 11 39 32 13 -15 20 18 -18 -19 -20 -21 41 22 -24 24 -26 26 27 29 -30 -31 -32 52 33 -35 -36 -37 46 38 43 -41 -42 -43 -44 48 -46 -47 -48 -49 -50 -51 -52 -53 57 54 55 -57 -58 -59 -60 -61 -62 -63
leaf_value=0.018658686685569009 -0.029799538538301029 0.02819786891409987 -0.014380000178704786 0.021592639822304468 -0.011291457896078513 -0.023806034900855384 0.021821168955333058 -0.02294521262309401 -0.0088375724215735973 -0.012831133340958307 0.0095743938718793938 0.028467601956832303 -0.014419687660432412 -0.020530706628626161 -0.022945587755576282 -0.026010980885595558 0.028370675044323355 0.021726340923826463 0.017187887384221143 0.0062661234078002894 -0.014591289387676379 -0.0016620218412005641 0.038659395310274666 -0.024215985737084118 0.018527155098312081 -0.022860638460570817 -0.026536269676678069 0.02336909410774252 -0.0051889687739778995 -0.0045014205729312909 -0.01332493059758798 0.0080204515163933166 0.022503585861736567 0.025308093609027294 0.02692007452667983 -0.018451964086635738 0.015751453098546527 0.049497881346382208 0.048674623631724388 0.021248547786963057 -0.024829133947793344 -0.026278741476442519 0.039549498421827194 0.013540333218689931 -0.021391613244100972 -0.013896311037886539 -0.013494861391922854 0.0055819218028351101 -0.018309766350090798 0.0070984786496754698 0.00089106252846386748 0.027946336652714024 0.021178059227236777 0.029353802524756712 0.015290119342575494 -0.023005235935534284 -0.025468403666199364 4.0355862975296396e-05 -0.00039162401381555458 0.0014308013522072204 0.03128958502747637 -0.0052399805160173833
leaf_weight=8.2475894242525118 1.1445622891187657 17.110037490725517 12.806149706244474 9.8534691631793958 15.952103614807127 30.166346795856953 20.440160289406776 160.68159115314484 13.577963724732397 8.9619641900062543 9.0553469359874779 20.754611194133759 9.1366400271654147 21.333670280873775 42.582364827394485 24.497441262006763 8.8373637497425062 7.6569599211215964 4.7599998861551276 7.4350181818008414 7.0431533902883539 9.5572431683540362 6.8207359164953223 31.060225009918213 6.8596181273460379 30.885965302586555 8.7666931897401792 18.12479075789452 13.293599665164946 10.247633397579191 11.837653979659079 13.601702585816385 9.9502434283494967 12.210793882608412 26.576938092708588 7.11792367696762 13.485884830355646 2.1421512365341178 1.0815377831459034 8.2407647967338544 8.6680235564708692 5.610221602022647 5.1054116785526285 4.2173644900321952 6.5433722287416449 5.4168664515018454 7.5684924870729438 7.2071720808744422 57.62043134868145 4.5932218432426444 8.7902484089136106 59.346547231078148 116.21615640819073 18.657140254974365 9.0960423648357374 5.2765985876321784 6.1936116963624945 9.7332318276166898 9.0292817205190641 9.7409964054822904 34.142715960741043 7.814321517944335
leaf_count=18 4 40 63 27 57 135 55 475 53 45 26 47 37 101 235 137 28 23 16 29 42 37 16 134 18 128 35 49 48 38 28 41 24 33 62 33 34 4 2 22 39 31 14 10 26 22 24 27 170 16 29 130 287 43 26 24 24 33 27 28 71 23
internal_value=-2.67986e-05 -0.007287 -0.00220325 0.000277287 0.00289301 -0.00952387 -0.00047991 -0.0184273 0.0123701 0.00768793 0.0174473 0.0124306 -0.0019255 -0.006872 -0.0102999 -0.00418033 0.00794961 -0.0008696 -0.0138666 -0.0184957 -0.0169927 0.00454852 0.0151301 -0.00454626 -0.0139359 -0.00115634 -0.00610806 0.00417229 0.0111772 0.0133027 -0.00019152 0.0188021 0.0165562 0.00931092 0.0163774 0.0101897 0.0155316 -0.0200498 -0.0128991 0.00179418 -0.00725145 -0.00271875 0.00816128 -0.0150235 0.000395628 0.00967272 0.00523818 -0.012045 -0.0161376 -0.0201818 -0.0175985 0.0268537 0.0167685 0.00978131 0.0171163 0.00123082 -0.00245763 0.0187457 0.0197747 0.0208591 0.0220556 0.0195136
internal_weight=1110.48 784.527 538.699 412.365 325.497 86.8681 240.059 245.828 85.4372 79.79 325.957 63.8379 56.7018 46.8483 126.334 65.9929 29.3005 20.4631 36.6925 31.9325 60.3412 25.5146 16.378 160.269 42.5131 117.756 84.0225 44.3463 33.7338 28.3724 20.0852 299.993 54.8759 34.1213 71.8593 45.2823 38.1644 225.743 65.0615 25.9641 17.7234 17.7588 12.1486 62.9193 21.9105 15.3671 21.0544 15.9739 61.8378 35.6534 39.6762 60.4911 239.502 52.8251 33.0298 14.3726 19.7953 186.677 176.943 167.914 158.173 124.03
internal_count=3603 2755 2048 1430 1077 353 831 707 246 254 848 197 218 191 618 296 114 86 182 166 322 90 53 577 168 409 306 149 103 87 46 761 152 105 193 131 98 661 186 87 65 87 56 182 72 46 58 62 180 150 157 134 627 158 93 50 65 469 436 409 381 310
is_linear=0
shrinkage=0.03


Tree=57
num_leaves=63
num_cat=0
split_feature=38 38 67 23 27 76 65 20 46 40 63 40 41 63 76 48 8 66 67 72 16 36 32 20 45 36 48 54 20 55 25 36 89 5 25 89 68 36 11 24 84 64 23 6 44 58 45 68 25 65 55 26 72 26 36 66 26 11 63 72 64 80
split_gain=255.324 35.1301 10.7091 11.939 13.9217 11.3938 9.54142 9.50414 8.36896 6.07596 7.63187 6.17996 6.39788 7.12611 5.97567 5.82611 6.0342 5.72676 6.96932 5.71702 5.11153 7.13649 9.15089 8.20273 7.31074 6.47225 5.06658 4.94929 4.80212 4.64223 7.79089 4.40468 5.70203 4.35063 4.13864 4.08417 4.02298 3.88407 3.88398 3.91492 3.87778 3.39163 5.0774 5.33857 3.60695 7.80321 4.94521 4.17447 4.00582 4.01145 3.75942 3.58481 3.32702 5.49976 4.56276 3.62601 3.24672 3.28533 3.10149 2.93399 2.57046 2.44749
threshold=-1.0000000180025095e-35 1.0000000180025095e-35 75.665000915527358 134.95282305939293 0.0081626452520557526 9.6635360717773455 0.010038498851727152 51.546981811523445 0.0085254780769624516 180.58500671386722 42.783228524572522 120.99499893188478 117.27499771118165 38.798153044987103 74.53998184204103 1.0000000180025095e-35 -0.0060440395702609992 0.31442978018891315 79.524997711181655 57.106963494782264 0.34411845797916385 0.0084063213224064518 124.4024093059367 40.96538162231446 0.93248406904447745 0.0077481552455365508 1.0000000180025095e-35 44.203853679928081 141.85157775878909 0.65393649871225012 60.849292776549099 0.0064760521243197007 42374350.000000007 11.219501803408471 35.003110792220369 24498000.000000004 73.139999389648452 0.006032680206981951 157.37919832771402 26255450.000000004 0.047296892298858306 -0.070790084795287242 27.197187885541094 0.11659387829844811 39.319918466986387 1.4894999861717226 1.518468175189071 96.405002593994155 68.896709453891802 0.010884156017152752 0.08360339670325076 -2.5604532202636032 49.408306713925882 -0.48532439731742366 0.0054297295808782503 -0.034776838832986191 0.52118198008424355 24.413882668906179 42.783228524572522 32.405964544106801 0.054807588970547862 32313100.000000004
decision_type=2 2 2 2 2 2 2 2 2 2 2 2 2 2 2 2 2 2 2 2 2 2 2 2 2 2 2 2 2 2 2 2 2 2 2 2 2 2 2 2 2 2 2 2 2 2 2 2 2 2 2 2 2 2 2 2 2 2 2 2 2 2
left_child=15 2 5 4 7 -2 -6 8 -4 10 11 12 13 26 27 16 -1 18 -13 -14 21 22 25 -24 -23 -12 -8 -5 -16 30 -26 -25 -33 -17 -7 -18 -37 -9 -3 58 -22 -38 43 -43 45 -44 48 59 49 -46 -48 -51 53 -53 -55 -56 57 -20 -40 -47 -60 -59
right_child=1 38 3 14 6 34 9 37 -10 -11 20 17 19 -15 28 33 35 -19 56 -21 40 24 23 31 29 -27 -28 -29 -30 -31 -32 32 -34 -35 -36 36 41 -39 39 -41 -42 42 44 -45 46 47 50 -49 -50 51 -52 52 -54 54 55 -57 -58 61 60 -61 -62 -63
leaf_value=-0.027803933093962802 -0.020127738281563928 -0.022092895499489156 -0.026028364097982992 0.031808592063743382 0.015521587119100759 -0.0038242768388704468 -0.021143698530607817 0.011556288757608793 0.01311530531786329 0.0081531590078722689 -0.02587327987938336 0.0089630043026744152 0.00022262715598934618 0.019433959738475289 -0.026822358049740855 -0.033427677110162757 -0.0072877254125430641 0.020710882204250363 -0.0026355733786646777 0.034769596710376403 -0.021783504166044011 -0.02262929070421902 0.0282597840841145 -0.017672798252343226 -0.026334528473993316 0.013778491268756457 0.0046464763923276609 0.0037180102755133893 0.0081476734842183002 0.024958861007057152 0.011751988798620905 -0.01250364939336137 0.026286005855039415 0.027176772061799876 0.025311045049199316 -0.032791033237220803 0.029800217213139302 0.038469400381963781 -0.0010644324414281672 0.013174647949684851 0.0010130868090099019 0.013733880245026904 -0.03494548414643607 -0.019803289963856979 -0.0165528175415907 -0.03454875445632527 -0.0033787925618041542 0.00072527706188391149 0.034737233995405868 -0.035261281915871835 0.024945880387657889 -0.037615233103348203 0.028981551336950587 -0.0036883905720894589 -0.0058774504580192217 0.027554243006940839 0.0026610659385197049 -0.026302499933675543 -0.025976406831201795 0.02291327257936589 -0.0047695573909398402 -0.0078191916801517939
leaf_weight=2.5336877554655066 8.6494431123137456 182.41761230677366 9.7294138669967669 12.158924341201784 12.549886897206305 5.5027911216020611 19.366868130862713 11.104820594191553 9.9357960224151594 14.26902700960636 18.428202882409099 10.429884374141691 8.9923120588064211 8.2748477309942228 5.8670863658189765 1.0765576362609852 5.3020887970924369 4.6442925631999961 8.3041766807436925 8.2815073579549772 93.030426181852818 58.770101383328438 10.743508547544478 10.657050266861917 10.753004163503652 4.6371287405490866 10.612287148833277 10.537003323435782 8.8879148811101896 4.3800579756498328 8.7811735421419126 6.4376163184642774 7.2537346333265305 109.43093654513359 21.658389195799828 1.3243250101804722 26.209749102592468 8.535851061344145 10.038742825388907 4.916992560029029 7.2381155341863623 15.573027074337007 2.8832058608531943 5.8865840584039679 2.407389983534812 0.8201853483915319 10.735733509063722 11.87179261445999 27.664252012968063 0.94897937774658103 6.9457901865243903 1.591971233487121 44.585347056388855 6.4343774020671907 3.2607627063989595 27.92405083775521 6.3675691187381736 37.823030345141888 20.225473031401638 32.055550932884216 6.8985355198383322 7.7726978138089171
leaf_count=10 53 702 36 22 30 17 89 33 25 39 89 37 34 25 23 2 12 13 36 17 455 313 21 48 54 17 39 35 29 10 35 25 22 198 45 5 46 13 33 14 29 39 9 21 8 4 31 30 45 3 14 6 81 18 8 53 26 180 73 64 26 34
internal_value=-0.000296871 -0.0103048 -0.00596168 -0.00715303 -0.00854281 0.00985904 -0.0102217 0.0084916 -0.00625113 -0.0110582 -0.0117951 -0.00596247 0.00163129 -0.0052116 0.00910476 0.0208979 0.0182451 -0.0115592 -0.0136791 0.0167853 -0.014961 -0.0112754 -0.0032233 0.00642448 -0.0169389 -0.0179016 -0.0120143 0.018767 -0.00575759 -0.00295463 -0.00921355 -0.00321014 0.00804727 0.0265864 0.0194083 0.0187428 0.0193451 0.0232527 -0.0201977 -0.0119819 -0.0201379 0.0196482 0.0183283 0.0045343 0.0199716 0.0128912 0.0225169 0.0159734 0.0247913 0.0216343 0.00774792 0.022719 0.0233757 0.0170014 0.0193127 0.0240585 -0.0175975 -0.0199908 -0.0153103 0.0214797 -0.0205828 -0.0231517
internal_weight=1083.33 735.863 511.366 475.555 438.104 35.8106 398.799 39.3059 19.6652 386.249 371.98 130.869 55.5278 38.254 37.4509 347.466 236.959 75.3417 70.6974 17.2738 241.11 140.842 58.1572 35.0919 82.6843 23.0653 29.9792 22.6959 14.755 23.9142 19.5342 24.3484 13.6914 110.507 27.1612 234.425 229.123 19.6407 224.497 42.0797 100.269 227.799 201.589 21.4596 180.129 47.6307 132.499 44.7475 114.817 87.1529 17.6815 84.7455 83.7965 39.2112 37.6192 31.1848 60.2675 53.8999 37.1628 32.8757 27.124 45.5957
internal_count=3603 2896 2048 1933 1824 115 1717 107 61 1687 1648 530 204 153 109 707 507 326 313 51 1118 634 222 116 412 106 128 57 52 99 89 95 47 200 62 497 485 46 848 146 484 480 434 60 374 107 267 98 222 177 45 169 166 85 79 61 276 250 132 68 99 214
is_linear=0
shrinkage=0.03


Tree=58
num_leaves=63
num_cat=0
split_feature=9 36 26 45 25 46 49 73 60 16 0 54 7 5 73 83 45 45 58 75 35 28 83 7 64 49 75 89 67 28 79 64 76 36 9 36 83 60 82 7 30 47 15 46 59 39 28 52 83 26 73 43 54 49 46 33 80 28 48 59 65 46
split_gain=22.8002 12.9449 13.9628 11.0408 10.2528 9.65631 10.0508 10.9512 8.56056 7.77295 9.54984 7.59292 7.33673 7.24587 6.9826 6.97671 6.54301 6.47832 6.27634 5.53922 7.63357 5.50195 5.35865 5.26099 6.32939 8.86812 5.23665 5.21651 6.96586 5.00615 7.34191 4.94142 4.84545 10.3772 7.16494 5.50512 6.31919 5.05817 5.96482 4.60803 4.51723 4.73465 4.38734 4.37715 4.45394 4.25047 4.13614 4.01666 8.35872 4.06856 4.01536 3.95027 3.86505 4.05245 4.02332 3.8447 3.63657 3.60809 3.57111 4.37731 3.67804 3.84494
threshold=-1.0000000180025095e-35 0.0083220751689827514 0.55464503170144408 -0.51669878003394831 39.464213661815513 0.0096714768730038515 25.585000038146976 0.41976262003252179 2.1664999723434457 0.56613465919321027 27.111260414123546 32.716147222199133 0.0083351390073124528 53.925505618836162 -0.033137220166047095 0.011667758040069353 -0.28179112771539389 -1.4965956796273401 2.6295000314712529 1.0924762000239041 1.1601368361273787 0.11882794737549002 0.0062694015526365511 0.013019659174707501 -0.070790084795287242 33.534999847412116 1.1197150450480948 76504705.000000015 95.225002288818374 0.09628882026516862 62.173611592984649 -0.030996464229516546 5.8201687335968026 0.018523505994771504 1.0000000180025095e-35 0.0090757058348080021 0.011403872532322902 3.1740000247955327 -0.0047930589202262496 0.0071974972885452014 62.04490772058876 0.12788068392978766 57.067850615531022 0.0048663702901131011 1.6064999699592593 133.68499755859378 0.07885743558813367 16.814999580383304 0.011619725884814502 -0.5812581180760964 0.25289488189100245 3700050.0000000005 43.599521837873333 18.285000801086429 0.0083343153835175026 150412350.00000003 18791800.000000004 0.11739607560542081 -1.0000000180025095e-35 2.6605000495910649 0.031488136698205056 0.0089894585106003021
decision_type=2 2 2 2 2 2 2 2 2 2 2 2 2 2 2 2 2 2 2 2 2 2 2 2 2 2 2 2 2 2 2 2 2 2 2 2 2 2 2 2 2 2 2 2 2 2 2 2 2 2 2 2 2 2 2 2 2 2 2 2 2 2
left_child=11 2 12 8 32 6 7 14 13 -5 -11 18 39 -4 15 -6 -12 29 -1 20 -13 -8 -10 45 25 55 -18 51 50 -7 -31 -21 -3 35 -35 36 -34 -37 -39 -2 -26 -42 -27 -33 56 -19 -46 48 -16 -49 -29 -14 53 -17 -55 -25 -45 -28 -53 60 61 -60
right_child=1 4 3 9 5 17 21 -9 22 10 16 19 27 -15 47 52 26 23 -20 31 -22 -23 -24 24 40 42 57 28 -30 30 -32 43 33 34 -36 37 -38 38 -40 -41 41 -43 -44 44 46 -47 -48 49 -50 -51 -52 58 -54 54 -56 -57 -58 -59 59 -61 -62 -63
leaf_value=0.02810704369496534 -0.0044626821276759505 -0.024008921545926272 -0.014344853946627996 -0.0083168913336101463 0.00021555466047051372 -0.0062955057461063415 -0.018236516762965088 0.042830947317259935 0.045406907893629916 0.037726377446219331 -0.017598642308292636 -0.0059833852145909474 0.011409423060533686 0.017497228722680509 -0.0058859932719558554 -0.0021294411265379105 -0.0053329856701190333 0.021788723710014685 -0.0087924646358224397 -0.020512479152663184 0.02530934927069059 0.0097457050592508251 0.018025374648486067 0.0098224467328123545 0.0021635214499808428 0.041117336527005152 0.0084049708337179153 -0.0071998820351316566 0.031762663503064635 0.03247378435901617 -0.011313161352926728 0.019617502182010627 0.031065053128123427 0.038143914901171722 -0.0051415858690720692 -0.0099672219878695102 -0.0073447063232776342 -0.0030777423700858479 0.033671036763020641 0.025084431333450122 0.030373843469509755 0.010467656592012001 0.0080240785870896586 -0.0071585783108895568 0.007112428785035629 -0.0096962887724975806 -0.01431764285719416 0.010293642057410884 0.036616729140789117 -0.012095322565559829 0.015712033076727402 -0.017510877845998821 0.035925357899170757 0.042016863279523996 0.0045748307781639363 -0.020374710488298208 0.024195520749675004 0.031471086360859948 -0.010299257485356619 -0.01514622227384004 0.016331994201533577 0.0027420051589781319
leaf_weight=9.1899764388799685 8.3883550465106982 7.7809065431356421 13.165847837924959 57.114581525325775 21.305248662829399 21.318390250205994 24.445237398147583 7.4946278035640708 7.9176265597343436 7.9152830988168708 11.555996268987654 45.727457046508789 8.1061777174472791 12.574789196252821 10.995908424258234 7.9680892229080262 17.351867318153381 6.0629671961069134 7.5627195388078681 46.688165858387947 8.2874242514371854 8.5310411453247053 34.294394433498383 6.5775763094425228 7.4854754507541648 7.4288755506277067 19.645153805613521 33.140451908111572 6.1464565694332114 9.3883077353239042 5.4452972561120978 4.6308445036411277 8.3821066766977292 10.128407239913939 5.2131211161613455 66.268123313784599 7.1375572681426993 13.91125224530697 5.5654985010623923 10.953249141573904 57.745507076382637 13.214452162384985 7.0055063366889954 8.0078826844692212 8.9129060059785825 10.615633919835089 89.501472383737564 9.5162292569875699 6.7028698027133933 31.436141476035118 8.688960909843443 43.538595736026764 11.917287483811377 6.1123809814453107 4.4731000661849976 8.9688883125781995 5.6982954442501059 8.8542249500751478 57.951070472598076 47.691762313246727 7.3684349507093421 31.35560168325901
leaf_count=39 26 18 34 164 67 63 60 36 39 37 29 133 29 48 33 24 51 26 21 111 34 30 132 24 25 36 68 95 27 42 14 18 36 48 16 189 20 42 25 46 256 48 25 23 31 29 236 34 31 84 33 116 55 30 15 21 23 39 164 123 28 104
internal_value=0.000316958 0.00250804 -0.00104035 0.00514895 0.00619605 0.00909829 0.00364374 0.00773807 0.0148463 -0.00023309 0.00683496 -0.00801172 -0.00551528 0.00121061 0.00535634 0.0133854 0.00257567 0.0142024 0.0114494 -0.009511 -0.00118219 -0.0109974 0.0231613 0.0174348 0.0198477 0.00812311 0.00766024 -0.00692517 0.00194143 0.00301672 0.0163999 -0.0122636 -0.00108724 0.00044228 0.0234353 -0.00304115 0.0134002 -0.00601702 0.00742325 0.01227 0.0243287 0.0266668 0.025056 -0.00896489 -0.0101454 0.00174907 -0.0123768 -0.00173157 0.0102106 -0.00689273 -0.00244053 -0.00909536 0.0225938 0.0140307 0.026195 -0.00759855 0.00587678 0.0155712 -0.00997993 -0.00770873 -0.00403966 -0.00572047
internal_weight=1124.47 890.261 453.719 190.39 436.542 312.155 150.898 117.922 67.9527 122.437 65.3225 234.207 263.329 25.7406 110.427 51.7761 57.4072 161.257 16.7527 217.454 54.0149 32.9763 42.212 125.105 108.426 29.9808 45.8512 243.988 47.9759 36.152 14.8336 163.44 124.387 116.606 15.3415 101.265 15.5197 85.7449 19.4768 19.3416 78.4454 70.96 14.4344 116.751 112.121 16.6786 98.4144 58.6511 17.6988 40.9524 41.8294 196.012 30.4709 18.5536 10.5855 15.5465 13.7062 28.4994 187.905 144.367 96.6751 89.3067
internal_count=3603 2934 1432 641 1502 1108 499 409 253 388 224 669 791 82 373 191 187 609 60 609 167 90 171 490 435 106 158 719 155 119 56 442 394 376 64 312 56 256 67 72 329 304 61 331 313 55 267 182 64 118 128 564 124 69 45 45 46 107 535 419 296 268
is_linear=0
shrinkage=0.03


Tree=59
num_leaves=63
num_cat=0
split_feature=38 38 70 26 56 56 54 56 58 89 73 20 34 81 46 86 48 26 74 10 68 47 17 16 56 70 66 24 89 63 63 5 40 67 25 46 56 21 45 69 50 47 44 81 47 10 48 43 45 18 8 49 81 25 25 56 66 74 74 72 25 44
split_gain=147.35 47.3696 9.87834 11.4007 10.3686 9.55836 10.4177 9.94921 9.31204 8.85338 7.3558 6.97561 6.72978 6.43524 5.69514 5.41561 6.97428 9.6354 8.57119 8.09784 5.51542 7.66094 5.26712 5.09488 6.65739 5.19937 4.93255 4.81809 4.69959 4.65576 4.6335 4.61333 5.33505 6.7527 5.1975 4.80679 6.58193 4.61079 4.5243 4.47497 5.43503 4.37995 4.28455 4.21294 4.18287 11.1546 4.87599 4.08697 5.57945 3.97983 3.78979 4.07893 3.78966 3.71415 3.61307 3.55628 3.5471 3.3192 4.58581 3.26967 4.28276 4.35215
threshold=1.0000000180025095e-35 -1.0000000180025095e-35 75.875000000000014 0.96541398942025591 0.15205460373162613 0.14137853893776173 30.831408781041628 0.038914385308113059 1.828499972820282 71642969.000000015 -0.81678672105069683 114.75974655151369 81.281640457162752 73.675427864162401 0.0091711941450841016 23.643777271619019 -1.0000000180025095e-35 -1.6990400876786287 0.004045933705091851 24.586921691894535 100.45999908447267 0.11881204382592611 0.013119411568833303 0.28131609157176213 0.059471939422827608 97.08499908447267 0.31698794713306916 11092900.000000002 23892356.000000004 60.725653317001253 29.20909548967968 82.587012099890885 113.064998626709 85.829998016357436 60.629995542934097 0.0083343153835175026 0.096472642437318012 143.02209299925542 1.0000000180025095e-35 96.764999389648452 12.944999694824221 0.11779836621211937 59.013276015797288 39.007616764690063 0.11848045310584916 202.56494903564453 -1.0000000180025095e-35 16524850.000000002 -0.22003395466033018 0.0410262845108759 0.0097140382553217528 10.315000057220461 84.142966720419949 41.006298034903985 53.140551103433999 0.069988455950635117 0.21394033476472837 0.0031619854460001005 0.0024100998481893505 34.898243735558864 74.802103020673243 34.031578000038444
decision_type=2 2 2 2 2 2 2 2 2 2 2 2 2 2 2 2 2 2 2 2 2 2 2 2 2 2 2 2 2 2 2 2 2 2 2 2 2 2 2 2 2 2 2 2 2 2 2 2 2 2 2 2 2 2 2 2 2 2 2 2 2 2
left_child=1 28 -3 5 39 6 23 -8 9 13 -2 26 15 44 -13 16 19 -18 27 56 -17 -22 43 -4 -25 52 53 -19 -1 42 -20 32 33 47 35 -34 54 50 -36 -5 -41 -11 -28 -21 -9 46 -46 48 -32 -42 -30 -52 -26 -12 55 -37 -10 58 -29 -55 61 -61
right_child=10 2 3 4 -6 -7 7 8 12 41 11 14 -14 -15 -16 20 17 18 30 22 21 -23 -24 24 25 -27 29 57 37 -31 31 -33 34 -35 38 36 -38 -39 -40 40 49 -43 -44 -45 45 -47 -48 -49 -50 -51 51 -53 -54 59 -56 -57 -58 -59 -60 60 -62 -63
leaf_value=0.0075819059670251621 -0.021824431714027395 -0.019049081462533007 -0.024292046255189274 -0.02168822855141397 0.020798884669045652 -0.018150688865958838 0.02924312938839941 0.024364725146271363 -0.026969273367858353 0.0048729716899401625 0.024692616393637824 -0.010099002514733058 0.021411477292446895 -0.0081277978165142217 0.016807401127679866 -0.022404059686843902 0.031061170683120545 0.0055320217592610566 -0.019117694559088291 -0.029555752607390594 -0.019689617992133791 0.030996593044472793 0.0018630009608641949 -0.026745612419538475 0.026752430659022216 -0.025818580275772777 -0.014865812678122274 -0.027266042192350466 -0.0039541828593069508 0.022194712533453596 0.03324892999456254 -0.021145296549230527 0.028435363223772221 -0.023581242158892988 0.01305263261404142 0.0062243968899002413 -0.026421806827828895 0.0032281682768557128 -0.016857325781822807 -0.026323084018874947 0.020796959393114749 -0.026796869008673927 0.014642000302201238 0.030348792377701987 0.019340848198161308 0.030095458211635465 -0.011839333209920207 -0.01402291209984168 -0.00623120484633795 -0.012292625809036268 0.013103330888757722 -0.021104053246941801 -0.0026328805947166845 0.02528546074413603 -0.0067143804957243832 0.033242610029955537 0.0072802099338448072 -0.02727384317196422 0.0034865126823595905 0.026684873778932965 -0.0064296616519275793 0.013271301855508783
leaf_weight=6.219331130385398 4.3516234010457984 29.429743111133575 17.885964393615723 43.386565119028091 7.6085063815116873 23.035670787096024 12.928059577941893 36.484274998307228 6.0350570827722532 8.1090616136789304 99.544908687472343 14.295297667384149 11.886568278074263 10.349623024463652 14.027403101325033 20.649164304137233 7.2441789060831061 8.5167712420225126 10.083093628287314 1.1157722920179391 5.7247463613748533 5.0522856265306473 11.417375996708868 8.0513836145401019 8.5521751195192355 3.8153072595596305 10.375632762908941 7.6692650318145779 13.068778768181799 11.414498656988142 6.8725303262472179 7.0734639018774024 15.199392303824423 12.144786611199377 7.9336832165718105 8.2821600586176007 4.3537670522928229 8.2241112589836103 10.677010953426359 6.8456217125058201 7.6017185747623426 7.6267219334840766 7.7266789972782126 19.921627074480057 6.2358631193637839 15.074792534112929 16.345986589789394 6.7728935927152625 6.064491122961047 5.742620587348938 3.1846272051334372 210.88482861220837 7.3397708237171164 36.298641011118889 5.8341744542121878 9.3168718516826612 4.9567283540964127 21.547487869858742 10.126468345522879 28.632319703698158 7.8204817920923224 90.832231730222702
leaf_count=16 19 124 82 204 20 110 32 96 29 27 220 55 36 32 32 96 17 28 40 4 27 15 45 35 24 22 41 32 35 29 20 32 36 50 28 30 24 22 42 34 26 40 22 48 16 36 73 37 25 30 7 627 29 82 27 24 23 106 35 67 31 250
internal_value=-3.1584e-05 -0.00713267 -0.00215316 -0.00116948 -0.0122979 0.000654529 0.00170783 0.00339485 0.00244738 0.0101841 0.0169179 0.0174432 -0.000623948 0.014032 0.00322695 -0.00171265 3.2039e-05 -0.00277296 -0.00431964 0.0107308 -0.0133245 0.00407214 0.0182682 -0.0118057 -0.00376021 0.00563046 0.0188191 -0.0149263 -0.0181585 0.00719025 0.000269831 0.00221448 0.00398261 -0.00598498 0.00913731 0.0148713 0.00745174 -0.0188387 -0.0041068 -0.0162588 -0.00459125 -0.0104766 -0.00227088 0.0271716 0.0171254 0.0101115 -0.00322908 0.00485743 0.0147418 0.00655714 -0.0196377 -0.0205952 0.0131807 0.0201235 0.0137453 0.0205278 -0.0115245 -0.019355 -0.00976664 0.0173432 0.0150782 0.0164862
internal_weight=1101.82 776.503 534.921 505.492 71.185 434.306 411.271 365.626 352.698 100.226 325.32 320.968 252.472 84.4905 28.3227 240.585 209.159 165.712 158.468 43.4466 31.4262 10.777 32.4548 45.6446 27.7586 19.7073 292.645 47.86 241.582 29.5168 110.608 100.525 93.4518 31.8547 61.5971 42.9864 27.787 235.362 18.6107 63.5765 20.19 15.7358 18.1023 21.0374 74.1409 37.6566 22.5818 19.7099 12.937 13.3443 227.138 214.069 15.8919 263.129 23.4332 17.599 10.9918 39.3432 17.7957 163.584 127.285 119.465
internal_count=3603 2755 2048 1924 314 1610 1500 1308 1276 320 848 829 956 253 87 920 782 633 616 149 138 42 97 192 110 75 742 201 707 92 415 375 343 132 211 141 105 691 70 294 90 67 63 52 221 125 89 82 45 56 669 634 53 650 81 54 52 173 67 430 348 317
is_linear=0
shrinkage=0.03


Tree=60
num_leaves=63
num_cat=0
split_feature=38 38 69 23 79 45 65 15 45 44 51 60 70 41 65 83 73 46 81 16 48 65 48 1 76 51 30 43 54 48 17 64 82 16 16 68 66 21 11 24 65 68 80 47 17 26 84 72 16 42 28 28 60 43 56 68 81 56 9 63 44 4
split_gain=241.912 33.8157 10.101 11.269 10.2168 8.94627 10.6782 8.15876 9.12494 6.73961 6.32649 6.46669 7.80803 6.12104 8.21073 7.80223 7.2433 6.89824 6.52684 7.95194 8.76457 6.25744 5.6952 5.63644 5.63499 5.26917 4.72065 4.71529 4.69166 4.53913 4.3304 4.17696 6.54802 4.11851 5.3845 4.44304 3.97905 6.17051 3.84345 3.80661 3.79562 4.17824 3.88722 3.76337 3.76335 3.4295 3.38578 3.97142 3.29166 4.1279 3.69978 3.18968 3.09682 4.03394 2.92333 2.89199 2.82324 2.94385 2.78637 4.31331 2.72326 2.39591
threshold=-1.0000000180025095e-35 1.0000000180025095e-35 74.895000457763686 134.95282305939293 9.7799405244761868 -0.59756920266653413 0.010038498851727152 27.148552394848171 -0.44697399281854888 46.842324318201911 11.32499980926514 2.8845000267028813 86.31000137329103 173.00000000000003 0.026703901495827253 0.009403298197934902 0.86530612187762312 0.0057153220028471506 47.641145307719306 0.12398956482990536 1.0000000180025095e-35 0.032362121927337152 1.0000000180025095e-35 5.6195613341002337 74.53998184204103 10.07499980926514 437.32563333081231 10915400.000000002 44.203853679928081 -1.0000000180025095e-35 0.023109035586330404 -0.013749791954027448 0.63338160575095881 0.36991429804913262 0.30904754082884628 96.524997711181655 0.31698794713306916 29.777947883978118 157.37919832771402 22891800.000000004 0.010884156017152752 74.324996948242202 9163400.0000000019 0.13470505926971169 0.018594356579173854 0.30785387538002779 0.046507689871344057 47.525033033814388 -0.058120781192188845 121.22500228881837 0.10676037821745198 0.090382731384990964 2.6865000724792485 13619300.000000002 0.062361778786606252 81.915000915527358 46.348989003265253 0.047207168755481553 -1.0000000180025095e-35 50.359079973426653 44.609541024761221 95276800.000000015
decision_type=2 2 2 2 2 2 2 2 2 2 2 2 2 2 2 2 2 2 2 2 2 2 2 2 2 2 2 2 2 2 2 2 2 2 2 2 2 2 2 2 2 2 2 2 2 2 2 2 2 2 2 2 2 2 2 2 2 2 2 2 2 2
left_child=22 2 4 5 54 10 -7 44 9 51 -4 58 -13 14 15 18 17 -17 -10 55 29 -15 23 27 28 -25 -26 -1 -5 -21 -23 40 36 34 -31 -35 37 -33 -3 61 -27 -42 -43 -19 -8 -39 52 -48 -47 50 -50 -9 -16 -54 -2 -20 -51 -58 59 -12 -38 -40
right_child=1 38 3 24 -6 6 7 8 13 -11 11 12 -14 21 46 16 -18 43 19 20 -22 30 -24 25 26 31 -28 -29 -30 33 -32 32 -34 35 -36 -37 60 45 39 -41 41 42 -44 -45 -46 48 47 -49 49 56 -52 -53 53 -55 -56 -57 57 -59 -60 -61 -62 -63
leaf_value=0.01754351428162582 0.0061468012604672471 -0.021857207405289351 0.014587669209615831 0.030996669494853892 0.023879936347820457 0.026616051229450072 0.00010476246789382936 0.037338098547766457 -0.023090847172702596 -0.013484598098012297 0.0080409132131970575 -0.018989214347020375 0.014937905526857809 0.03136545286963776 -0.024611219722232361 0.0041970063663610835 0.022282848338372078 -0.021916775799289842 0.0073851883535999852 -0.025837825839407007 0.01736103757978813 -0.017079499849296988 0.025982754397312409 -0.030922249111034118 -0.02731012427953913 -0.038114608487743833 0.0077642201534605937 -0.0121409728208651 0.003621471894559965 -0.013111883691678185 0.016921336531447319 -0.012806769235141619 -0.004082054835797589 -0.020676262875475297 0.021754947429265127 0.0080120098062645053 0.00914442875987387 0.0038916031207874542 -0.0069935357344538818 0.0082574970897491499 -0.035034748294499818 -0.013799231643571552 0.02767510930740559 0.0082578494031655212 0.028994573403406373 0.031192401234978389 0.011823678605822093 -0.025981624331377927 -0.0089016722449025351 0.0044684274856093545 0.020453957060183315 0.010147797107730575 0.0060186817950915643 -0.025749714309243776 -0.025984499661993329 0.029654546236616248 0.011061731183949128 0.032107371813886669 -0.023754137384900568 -0.025880603646306375 0.031301531641041568 -0.022901428463648933
leaf_weight=9.3004128932952899 4.3225248157978076 178.82500521838665 5.9307709485292426 12.124815195798876 19.479629188776016 8.9150680601596815 8.4183240756392497 6.4413241893053117 11.039194121956823 7.4742678627371779 6.7793214023113233 13.623328268527986 11.0625664293766 6.2826627343893078 52.493954382836819 12.607366651296614 4.6939698457717887 60.594294808804989 11.708637550473215 11.726968586444853 13.958511859178541 9.1072754114866239 109.77971540391445 1.8791772723197926 5.5808784514665595 0.84686128795146842 9.0600903779268247 9.9883475154638273 10.525977820158003 6.9146157354116466 5.3526467680931082 6.5685523748397818 12.777599409222601 17.158900715410713 9.412485793232916 6.7778001427650443 6.0984169095754615 14.086186185479162 15.301623716950415 7.1069340109825125 1.0047863721847523 2.0910128951072684 74.420848801732063 3.9632452130317679 7.8351884782314292 17.943609565496438 6.4151278585195524 4.09857277572155 9.1313480287790352 6.7655458003282538 6.6985072642564765 9.7762357294559461 7.6482966989278776 6.7918399125337601 6.2088343054056168 9.5121842920780164 8.4334416687488574 20.577308014035225 68.498793497681618 6.715646505355835 27.525841042399406 19.228815242648125
leaf_count=23 16 702 23 22 41 20 29 11 41 33 21 70 39 12 292 37 13 312 36 52 39 33 200 5 27 4 25 33 35 34 17 22 36 72 26 20 15 33 54 19 5 5 137 12 16 31 22 21 27 18 15 32 29 32 39 20 17 35 346 31 46 73
internal_value=-0.000316436 -0.010137 -0.00587207 -0.00693416 0.0110096 -0.00827695 -0.0057663 -0.00667355 -0.00778807 0.0100848 -0.0155701 -0.0172467 -0.00378535 -0.00930982 -0.0105726 -0.00705949 -0.0138995 -0.0161005 -0.00135825 0.00139396 -0.00374589 0.00636781 0.0203371 0.0177125 0.00889951 0.0190949 -0.0056055 0.00217192 0.0182752 -0.00941269 -0.00449337 0.0195321 0.0163648 -0.00462881 0.00698866 -0.012553 0.0184747 0.0151914 -0.0199459 -0.0117369 0.0250534 0.0257435 0.0265416 -0.0200643 0.0140314 0.0173903 -0.0187408 -0.00291402 0.0201242 0.0162758 0.00352036 0.0209473 -0.0212268 -0.00892341 -0.0127964 0.0173674 0.0219196 0.0259894 -0.0212995 -0.00883982 0.0272829 -0.0158521
internal_weight=1073.41 727.495 507.032 477.021 30.011 439.729 327.119 318.204 301.95 23.6918 112.61 106.68 24.6859 278.259 257.516 180.068 81.8589 77.1649 98.2093 87.1701 65.9493 20.7426 345.918 236.138 37.2918 216.849 14.641 19.2888 22.6508 51.9908 14.4599 214.97 136.606 40.2638 16.3271 23.9367 123.829 90.2045 220.462 41.6374 78.3635 77.5166 76.5119 64.5575 16.2535 83.6359 77.4478 10.5137 69.5498 51.6062 15.8299 16.2176 66.9341 14.4401 10.5314 21.2208 35.7763 29.0107 81.9938 13.495 33.6243 34.5304
internal_count=3603 2896 2048 1952 96 1843 1313 1293 1248 76 530 507 109 1172 1110 714 374 361 340 299 243 62 707 507 109 451 52 56 57 204 50 446 295 152 60 92 259 198 848 146 151 147 142 324 45 176 396 43 143 112 42 43 353 61 55 56 70 52 398 52 61 127
is_linear=0
shrinkage=0.03


Tree=61
num_leaves=63
num_cat=0
split_feature=38 27 38 26 27 36 19 27 81 14 2 26 35 24 52 45 14 12 3 74 84 29 46 54 18 81 24 5 47 78 27 81 15 23 40 50 52 15 27 36 83 82 24 33 83 14 84 84 82 24 31 79 75 47 8 16 67 18 34 26 26 26
split_gain=46.4816 23.0182 15.5122 12.8297 9.97467 9.01599 7.80981 7.63776 7.49243 5.98662 9.76002 7.28951 5.97707 6.03076 5.74629 5.34931 5.29347 5.28879 5.20814 5.17768 5.08727 7.30209 6.67576 6.69679 4.9837 5.12779 6.88468 4.9762 4.72021 5.41378 6.00863 5.88244 4.4829 4.32315 5.88827 4.2906 4.30431 4.20067 4.4205 12.5444 4.18016 5.018 3.9983 7.13983 3.99293 3.96118 4.02354 4.50409 3.95085 3.69222 4.61055 5.48781 5.01104 3.82082 3.81911 3.65421 3.62485 3.61079 3.60392 3.53871 6.49511 5.92056
threshold=-1.0000000180025095e-35 0.011966790275431351 1.0000000180025095e-35 0.5732637369677428 0.022069384653104953 0.0053295487673054006 -1.0000000180025095e-35 0.0076511554434743508 83.584469367401468 44376500.000000007 46.378557162577984 1.3717494403918489 -0.38855300361201012 51008400.000000007 16.32499980926514 -1.3877006386127915 18146350.000000004 20.864858577282924 124.89185634318734 0.004045933705091851 0.028559273342405555 392.62382507324224 0.0057675547792523504 48.3980221452614 0.043755131145255304 66.106976885082318 12236300.000000002 70.104986917753308 0.11346103055368757 16.556773579951713 0.010849805464199053 60.368228844763429 60.385320146915539 134.95282305939293 132.16500091552737 26.804999351501468 22.69999980926514 84.941654581866544 0.01212651825906485 0.0059350915939501503 0.010923620326792951 0.16264497153472937 20710050.000000004 183064050.00000003 0.0085415040926403018 27519050.000000004 0.024421914020467554 0.03391239279745601 1.1250271193784303 49116600.000000007 90.299902127710013 8.8078878258641442 1.1440115564143418 0.11768782906567972 0.074989151713659358 0.23611568094041149 74.274997711181655 0.024679699268089054 44.944032431757719 0.96541398942025591 0.73237443228380539 0.24194134101333198
decision_type=2 2 2 2 2 2 2 2 2 2 2 2 2 2 2 2 2 2 2 2 2 2 2 2 2 2 2 2 2 2 2 2 2 2 2 2 2 2 2 2 2 2 2 2 2 2 2 2 2 2 2 2 2 2 2 2 2 2 2 2 2 2
left_child=37 3 4 8 5 -3 44 -5 14 10 45 16 35 33 15 55 -12 59 -13 28 27 22 23 -22 -18 26 -26 32 -17 -30 31 -31 -9 34 42 36 -4 38 56 -40 41 58 -14 -44 -7 -8 57 -48 -19 50 51 -11 53 -52 -55 -2 -1 -47 -41 60 61 -6
right_child=1 2 12 7 17 6 9 20 -10 49 11 18 13 -15 -16 19 24 48 -20 -21 21 -23 -24 -25 25 -27 -28 -29 29 30 -32 -33 -34 -35 -36 -37 -38 -39 39 40 -42 -43 43 -45 -46 46 47 -49 -50 -51 52 -53 -54 54 -56 -57 -58 -59 -60 -61 -62 -63
leaf_value=0.059159366872121456 0.029156009979007996 0.037169056913595296 -0.0057307235951742459 -0.014657486193066737 0.0096429532190782929 0.0095494747575031163 0.028554177799099936 0.0049944486057481871 0.018330497624687726 -0.0041971893799565606 -0.023083226550871978 0.031766957430778314 -0.00063113588483130415 0.030631078546608466 -0.018951945715550454 -0.010218140629077497 -0.0078414739427510871 0.028560686652095532 0.0019070631474272062 -0.016775067854120553 -0.011319807751617058 -0.014540105917448856 0.032683624929281445 0.025323471441681646 0.046408263168692718 -0.00460223648938378 0.0029887523183208028 0.020727509060344873 0.027515404087265462 0.011244840301942385 0.024286016897104763 -0.022644480028496252 -0.016763227043809534 0.028279696324462814 -0.0067756413712335584 -0.014523340279656679 0.024142738818171451 0.010655687248495293 0.028133204258312023 0.0072014720771277976 -0.013564296373535919 0.019181826411987086 0.031250626873157793 -0.0059698430308602985 -0.013705146096243659 0.014478532762648976 0.0027896524164524854 0.025913364072952298 0.00054397657992519711 -0.019587944093894673 -0.010963894347139139 0.03287006440531768 0.025067898268161706 -0.0025834324636238751 0.023786869966655508 -0.0046917599313632844 -0.016932588808823205 0.037070512523951958 -0.013958449577788037 0.034417906022362207 -0.017117858469505223 0.03450845629841235
leaf_weight=0.56674827635288139 6.0813712030649167 8.7673967182636243 16.593986317515377 15.023601517081259 53.264950305223465 9.1508976370096189 23.511042252182961 21.090731993317604 9.1569932103157026 5.9637132883071891 9.1740456223487836 11.736936211586 20.907146856188774 6.9640300869941703 43.42891488969326 42.190992251038551 23.581741854548454 40.891430601477623 9.522299796342848 41.384649321436882 8.7736077755689639 6.1666969656944266 19.800966411828995 9.190875902771948 6.3781784772872943 9.8330767601728422 6.7808336168527603 9.4295966774225217 7.4055638164281836 7.4473452419042649 6.1414503306150428 12.098195776343344 14.302142232656477 5.2151513546705237 49.552207589149475 37.141556993126869 5.8786588609218589 7.953020066022872 8.0519246757030469 10.530544266104696 103.56204730272293 7.918208882212638 13.094251886010172 7.1827218234539023 24.270031005144119 16.229678109288219 31.262058600783348 10.008149161934851 5.0943637043237677 6.9274633824825278 28.340415224432945 9.0491467863321287 6.1592843383550635 16.288761854171756 7.0961312502622595 5.4371520727872849 96.788231804966927 10.477372750639914 23.212656751275063 6.1443687230348578 6.8316576778888694 10.281612843275068
leaf_count=3 26 42 51 41 189 32 104 70 35 18 21 52 67 30 113 120 66 188 30 109 23 16 89 38 31 28 22 38 31 27 25 29 37 22 149 104 24 27 33 36 272 30 57 21 63 60 102 43 16 16 77 40 25 48 29 16 246 49 60 30 17 50
internal_value=0.000343423 0.00369643 0.00714726 -0.00328338 0.0102368 0.0072093 0.006277 0.00512403 -0.00810991 0.00810939 0.0113155 0.00344561 -0.000703926 0.00367466 -0.00952071 -0.00632546 -0.00225425 0.0174162 0.0183923 -0.00825108 0.00847247 0.0157273 0.0206696 0.0074274 0.00184861 0.0117872 0.0240342 0.00136179 -0.0035653 0.00491667 -0.00159854 -0.00973179 -0.00379776 0.0017182 0.000191551 -0.00826293 0.00208393 -0.0108093 -0.0114905 -0.00831517 -0.0103361 -0.00231129 0.00857439 0.018066 -0.00733786 0.0179397 0.0142686 0.00839722 0.025457 0.00134185 0.00333082 0.0181455 -0.000511486 -0.0035574 0.00541862 0.0131787 -0.0164896 0.0233415 -0.00735488 0.0125841 0.0106779 0.0136661
internal_weight=1118.68 860.098 575.547 284.551 413.017 290.509 281.741 103.778 180.773 248.32 168.495 77.0071 162.53 102.916 171.616 128.187 55.7479 122.508 21.2592 116.668 88.7546 43.9321 37.7655 17.9645 46.5738 22.9921 13.159 44.8225 75.2835 33.0926 25.687 19.5455 35.3929 95.9515 90.7363 59.6142 22.4726 258.583 250.63 153.275 145.223 41.6614 41.1841 20.277 33.4209 91.4883 67.9773 41.2702 45.9858 79.8249 72.8975 15.0129 57.8846 51.7253 23.3849 11.5185 97.355 26.7071 33.7432 76.5226 70.3782 63.5466
internal_count=3603 2896 2013 883 1488 998 956 352 531 861 608 250 525 346 496 383 168 490 82 341 311 166 150 61 147 81 53 145 232 112 81 56 107 316 294 179 75 707 680 431 398 126 145 78 95 358 254 145 204 253 237 58 179 154 77 42 249 109 96 286 256 239
is_linear=0
shrinkage=0.03


Tree=62
num_leaves=63
num_cat=0
split_feature=54 26 16 48 17 58 20 8 69 74 36 66 34 28 73 5 15 17 86 3 89 30 81 34 56 80 80 17 56 16 5 58 66 25 56 24 28 40 74 80 36 68 33 85 51 54 44 5 20 56 26 45 2 39 34 41 33 26 82 28 44 16
split_gain=15.7698 13.036 14.0095 13.4714 11.1847 9.49371 9.76721 9.04786 9.48972 8.89903 8.74167 9.61482 8.76458 10.2346 8.70828 9.27649 9.07992 8.54317 8.5423 8.24709 8.16796 7.8747 7.68877 7.12782 7.04716 6.87349 6.75982 6.56014 6.46091 6.98814 6.30061 9.62928 10.374 6.27273 6.10349 6.05772 7.23231 5.70381 5.65888 5.64409 5.63186 6.90494 5.5775 6.39479 7.42674 7.13057 6.79616 5.57654 7.02846 5.543 9.74081 5.46934 5.66848 5.28997 5.4064 5.37933 5.18086 6.11663 5.18034 6.03623 5.14372 4.95612
threshold=52.78044413400815 0.70899898908537839 0.34411845797916385 1.0000000180025095e-35 0.0083387139982107512 2.1560000181198125 24.075732231140133 0.098137720381961072 96.094997406005874 0.0035137645488434502 0.0046631036082989009 0.01057096950877495 40.041827111525677 0.099215419015845616 0.39352162755886871 46.130022484915408 52.987629075851622 0.014023730453451252 16.47391028331025 26.478724865017352 104207473.50000001 94.001284777105511 37.438937966903651 86.516246442536229 0.048861483152150109 29083200.000000004 17481800.000000004 0.026125486605604955 0.048861483152150109 0.26274484816969418 23.576490261978005 2.9005000591278085 0.20769705263824909 28.768051452197046 0.071352694851137169 18935700.000000004 0.11062541905593017 119.0900001525879 0.0051937922424960007 37011700.000000007 0.0052553012478620013 95.939998626708999 57163350.000000007 13.289772033691408 12.835000038146974 36.711473937345545 52.37931064253771 72.710654190743114 131.48326110839847 0.062961609197632468 0.327937714766458 -0.75703878724380036 16.501320489515951 157.70999908447268 64.875349283451129 114.86999893188478 157046500.00000003 -0.39741860654577182 0.87630719421895276 0.12513769416553269 47.010585630253736 -0.10996381788664238
decision_type=2 2 2 2 2 2 2 2 2 2 2 2 2 2 2 2 2 2 2 2 2 2 2 2 2 2 2 2 2 2 2 2 2 2 2 2 2 2 2 2 2 2 2 2 2 2 2 2 2 2 2 2 2 2 2 2 2 2 2 2 2 2
left_child=1 2 10 14 9 7 26 20 35 -2 37 -12 60 17 15 -4 -16 53 -11 -19 39 -17 30 28 -24 40 -7 -26 -3 -30 -8 32 -32 -33 -22 36 -9 -1 -18 51 41 -23 -42 -44 -45 -46 -47 48 58 50 -5 52 -6 54 55 -14 57 -57 59 -31 -13 -34
right_child=4 23 3 49 5 6 22 8 -10 18 11 12 13 -15 16 21 38 19 -20 -21 34 25 24 -25 27 -27 -28 -29 29 47 31 33 61 -35 -36 -37 -38 -39 -40 -41 42 -43 43 44 45 46 -48 -49 -50 -51 -52 -53 -54 -55 -56 56 -58 -59 -60 -61 -62 -63
leaf_value=0.028006186278448312 0.026051526296082039 -0.024471478973446523 -0.0092184574724934916 0.019709202441796168 0.018820303728470156 0.0013274366614125549 0.024874198459875568 0.027724966454486466 -0.021298621171339117 0.01984348803157529 0.019357592311635727 0.032803045443888033 -0.013513657705531623 -0.020314351862160098 0.023646523771367348 -0.015413893775531609 -0.02442126760301978 -0.016661274777662195 -0.017590781633717176 0.012165840993479204 -0.023779962826596383 0.016079497704760339 0.0073479165150159417 0.010556859400196671 -0.014789380041105958 -0.0083149535755729295 0.03271857459514383 0.01213141530360845 -0.021906506733660864 0.006613497621571018 -0.014597728616052796 0.0079477140103799485 0.0042351577807706606 -0.024770488447700755 0.0069946978711124879 -0.018510212340693527 -0.0014033402318330839 -0.0023955715475275779 0.0065328921307341373 -0.0058712441081219717 0.035608549800845844 -0.017974621232697351 0.033750744253368929 0.030549285351088123 -0.018106820732947556 -0.0060230013987063501 0.02670635304259002 -0.017564367486479233 -0.021954411424891095 -0.018128021173158419 -0.028145064277100659 0.023379672538938349 -0.010127921603748749 0.021782773130460995 -0.011937680409931043 -0.009778901608184818 -0.013035205870774032 0.021209532159174874 0.027461455952977089 -0.028529811445161798 -0.0023432711404681129 0.032376500765499874
leaf_weight=11.164013043045999 35.160121098160744 33.156885847449303 16.718987300992012 11.373698607087137 14.610507845878603 13.371670171618463 10.696116223931311 13.79728899896145 16.848379120230675 11.32723404467106 12.123387113213537 7.0742358267307264 12.36689719557762 58.359350301325321 7.3430415987968471 7.4331594854593268 16.452334173023704 69.926128625869751 10.639447316527365 10.23979316651821 8.3433651179075259 18.798332080245022 19.857065767049789 12.65995332598686 87.373012855648994 9.3339682519435865 11.469756230711935 8.9843623340129835 27.91610311716795 27.971035197377205 10.532783821225165 7.6832808852195766 9.3310326635837555 16.81647352874279 19.027454674243927 7.5001417249441138 17.27949745208025 11.052774056792257 7.8522847741842261 9.417001083493231 21.149936944246292 7.4954314827918997 16.667251259088516 13.794743090867994 9.1888179332017881 9.7911700904369372 13.698524072766302 20.183021411299706 9.692839562892912 27.528964787721634 5.7704648822545996 61.725952088832855 10.436550080776213 9.3439958244562131 31.116386502981186 7.3891786783933595 7.7236947566270819 25.571342214941982 8.3983399122953397 5.2194938883185378 7.9697094112634659 14.209675520658493
leaf_count=23 79 146 59 29 33 36 26 33 64 27 38 17 47 253 17 35 65 290 37 28 30 50 62 40 312 32 26 28 113 106 35 29 27 65 56 23 59 31 27 28 42 32 35 30 45 38 36 89 38 98 23 138 34 27 116 24 29 63 17 30 29 29
internal_value=-4.07101e-05 -0.0030334 -0.000742803 0.00492146 0.0042965 0.00247753 -0.00184417 0.00755593 -0.00251503 0.0166925 -0.0051787 -0.00672666 -0.00800652 -0.00944522 0.00866124 0.0117914 -0.00558813 -0.00579296 0.0017124 -0.0129791 0.0120734 0.0145496 -0.00421006 -0.0109498 -0.00892567 0.0164069 0.0158213 -0.0122793 -0.0130041 -0.00917824 0.00370139 -0.000164999 0.0101493 -0.0145098 -0.00238625 0.00568866 0.0115289 0.0128814 -0.0144207 0.0161879 0.0184936 0.00637186 0.0222748 0.0178085 0.0120909 0.00429901 0.0130638 -0.00420623 0.00105116 -0.00978864 0.00360218 0.0185819 0.00675822 0.000367622 -0.00200982 0.00381323 0.00908014 0.0142625 0.00641291 0.00108691 0.0141839 0.0212219
internal_weight=1093.45 647.01 501.812 220.391 446.438 389.311 210.325 178.986 55.4253 57.1268 281.421 259.204 247.081 232.037 175.718 144.07 31.6477 173.677 21.9667 80.1659 123.561 127.351 185.484 145.198 116.214 119.918 24.8414 96.3574 132.538 99.3808 69.2694 58.5732 34.0735 24.4998 27.3708 38.5769 31.0768 22.2168 24.3046 96.19 110.584 26.2938 84.2904 63.1405 46.4733 32.6785 23.4897 71.4647 51.2817 44.6731 17.1442 86.773 25.0471 93.5115 84.1675 53.0511 40.6842 32.9605 41.5889 33.1905 15.0439 23.5407
internal_count=3603 2287 1708 693 1316 1173 675 498 179 143 1015 961 923 877 543 434 109 624 64 318 319 375 613 579 402 340 62 340 539 393 211 185 91 94 86 115 92 54 92 233 308 82 226 184 149 119 74 280 191 150 52 205 67 306 279 163 116 87 153 136 46 56
is_linear=0
shrinkage=0.03


Tree=63
num_leaves=63
num_cat=0
split_feature=38 38 41 42 23 27 60 27 17 44 44 26 61 75 16 73 41 7 13 48 1 44 6 63 70 27 58 56 16 48 49 28 43 80 5 89 35 5 64 45 44 50 43 34 10 74 19 89 32 26 81 63 89 70 64 17 84 73 16 5 74 14
split_gain=229.746 33.0028 9.76128 13.7509 12.9066 10.6638 10.3178 12.4759 9.05177 12.4395 8.39564 8.7331 8.2837 7.88582 7.25958 6.65034 6.00636 5.85316 5.81618 5.52111 5.46033 5.33706 4.95689 4.69948 6.87092 4.67944 5.96164 12.4121 9.50394 4.59779 4.58976 4.55629 4.52337 4.27002 4.17345 4.17222 3.83009 4.70851 3.74618 6.62484 6.42401 4.72263 4.28245 4.01376 3.60714 5.281 5.35887 4.28204 4.88568 4.58072 4.55785 2.99065 2.95205 2.93685 2.83091 2.67037 2.56828 2.54767 2.21399 3.33315 2.1961 2.1149
threshold=-1.0000000180025095e-35 1.0000000180025095e-35 172.60500335693362 167.37500000000003 134.95282305939293 0.0081626452520557526 2.8545000553131108 0.012491724076609102 0.013646237791496051 60.715957611271513 54.939828787326078 -0.49592462773944485 1.1115000247955324 1.0794666082299262 0.098408612552248059 -1.0908808933850762 176.85499572753909 0.027022850484521653 200.82921566499155 1.0000000180025095e-35 5.6195613341002337 47.888114478631998 -0.03912063126570859 29.557308989285598 97.594997406005874 0.010849805464199053 2.2489999532699589 0.10070853201667856 0.35927440701951779 1.0000000180025095e-35 10.315000057220461 0.07885743558813367 10915400.000000002 23389300.000000004 11.219501803408471 24498000.000000004 3.5899612063981299 68.158155393498546 -0.013749791954027448 1.518468175189071 40.764505937462253 16.115000724792484 11776600.000000002 27.751760344423595 46.194696426391609 0.0050058331276348509 -1.0000000180025095e-35 73709079.500000015 153.52318689542599 0.5732637369677428 68.952722861824967 67.520283396781537 55192950.000000007 74.02500152587892 0.00099590616754015033 0.020446996092860003 0.047296892298858306 0.1342240721765933 0.56613465919321027 50.054537039610828 0.0030253906063631006 14311950.000000002
decision_type=2 2 2 2 2 2 2 2 2 2 2 2 2 2 2 2 2 2 2 2 2 2 2 2 2 2 2 2 2 2 2 2 2 2 2 2 2 2 2 2 2 2 2 2 2 2 2 2 2 2 2 2 2 2 2 2 2 2 2 2 2 2
left_child=19 2 3 4 5 8 15 21 9 52 11 55 18 14 -13 -7 -14 51 -4 20 32 -8 -15 24 29 26 33 28 -28 31 -22 -17 -1 -25 -21 -32 -3 -38 53 40 41 57 -43 -42 45 46 -27 48 -48 -49 -50 -12 -2 -37 -45 -9 -46 -40 -56 -60 -6 -36
right_child=1 36 12 -5 60 6 7 10 -10 -11 17 13 16 22 -16 23 -18 -19 -20 34 30 -23 -24 25 -26 44 27 -29 -30 -31 35 -33 -34 -35 61 38 37 -39 39 -41 43 42 -44 54 56 -47 47 49 50 -51 -52 -53 -54 -55 58 -57 -58 -59 59 -61 -62 -63
leaf_value=0.016994207745083402 -0.026080680606298801 -0.020880059672922099 0.012851419155591993 -0.025959309821338157 0.0072795692907982228 0.020176638477743702 0.0027427919557862892 0.0070429009375330151 0.034592074026059426 0.020965486160798519 -0.026545581186907991 -0.013568857538222085 0.028108820616588218 0.002729144001110444 0.027574311833204843 0.01379028657905787 -0.0025915798355182662 0.01367683830529608 -0.025753320041360581 -0.033383076410139406 -0.030791254373307556 0.031950577782327134 -0.025618829007645744 -0.022081186615646332 -0.027344615685520979 0.019436169716507884 0.01000832190296831 0.036759011870150536 -0.023575265052458369 0.027652474071885563 -0.0073649433670352421 -0.019345072262550559 -0.012086922443527151 0.012551296114465442 -0.0097401108020773713 -0.032804036056412071 0.011837268870238083 -0.020466203641116634 0.00029736817994168303 -0.0054015932481474103 -0.041854279103369599 -0.018990418567732318 0.013456240624705558 0.0099826527188765345 -0.024394744610280041 -0.021790687121334144 -0.021943270674130093 -0.0083748229871867634 0.013539900365305136 0.02988231978776331 -0.025142539184572776 0.0032467386580636746 0.0024672133940866858 0.025644937707428889 0.03032541525709272 0.03124958989966016 -0.0050463469160332026 0.02234049559694861 0.033135716602868952 0.011053753107931307 0.027708586866602214 0.026490961912841067
leaf_weight=9.3030785769224185 11.3121904283762 200.76672103255987 5.9584879875183097 32.0085054859519 8.6159517168998736 5.8012540936470023 10.062355667352678 7.8660864830017116 9.0178777575492841 13.951697900891302 24.850297793745998 6.6222953647375098 17.970481947064403 8.1729751229286212 9.2524538785219175 7.8360830396413856 8.4240228682756406 4.5708655416965476 8.5557115375995618 1.0758568048477162 1.679431527853011 12.783846527338026 17.307598076760769 24.253436543047432 6.7345581352710715 6.0296852588653556 14.54933074116707 7.0211523175239554 15.841146543622015 6.8618759959936133 5.270168498158454 7.1359644308686256 9.9752751886844617 3.691817194223403 1.4700230956077565 0.78185403347015281 7.4404864758253124 8.9407139867544156 6.326257377862933 11.225106179714201 0.83925028145313163 8.2774261087179166 6.5641924440860739 11.082033976912497 54.897905923426151 37.209587506949902 28.419023580849171 8.0225895792245847 8.2339281588792783 4.3408664315938941 4.1097050160169593 3.4539872258901587 4.5798499286174765 74.141023531556129 44.938351720571518 8.5701136142015439 6.9568401202559462 18.572464644908905 9.8586020469665545 16.363231837749481 10.516233682632445 106.47704067826271
leaf_count=23 49 796 18 160 24 17 34 26 16 30 131 32 39 35 23 26 31 15 38 2 4 24 90 103 34 18 38 12 69 18 12 35 33 13 5 4 20 32 17 32 4 27 15 27 301 204 135 40 29 11 27 18 12 142 76 18 31 37 16 38 24 193
internal_value=-0.000326102 -0.00996938 -0.00574521 -0.00699031 -0.00557649 -0.00669951 -0.00826382 -0.000726752 0.0082529 0.000293997 -0.00571926 0.0011661 0.00829981 -0.00618595 0.0104111 -0.0115806 0.0183105 -0.0178231 -0.00990499 0.0198311 0.0172443 0.0190863 -0.0165261 -0.0123113 -0.000853737 -0.0137753 -0.00702239 0.000808459 -0.00749724 0.00731723 0.0186102 -0.00200266 0.00194664 -0.0175059 0.0254116 0.0189974 -0.019742 -0.00579368 0.0196623 0.0166593 0.0186755 0.00875526 -0.00463982 0.0234207 -0.0165647 -0.0129357 -0.00736575 -0.0104077 -0.0150983 0.00505744 0.000660919 -0.02291 -0.0178536 0.025035 0.0240868 0.0196647 -0.0222186 0.0167398 0.0262833 0.0193559 0.0185086 0.0259976
internal_weight=1063.74 719.519 502.371 461.462 429.453 410.321 371.46 113.513 38.8616 29.8437 90.6667 57.7915 40.9087 41.3553 15.8747 257.947 26.3945 32.8752 14.5142 344.221 235.198 22.8462 25.4806 252.145 28.5685 223.577 65.3569 37.4116 30.3905 21.8339 215.919 14.972 19.2784 27.9453 109.023 214.24 217.148 16.3812 208.97 134.047 122.822 39.7403 14.8416 83.0815 158.22 96.3654 59.1558 53.1261 40.7627 12.3635 12.3436 28.3043 15.892 74.9229 82.2422 16.4362 61.8547 24.8987 71.1602 26.2218 19.1322 107.947
internal_count=3603 2896 2048 1922 1762 1714 1607 446 107 91 388 224 126 180 55 1161 70 164 56 707 507 58 125 1144 113 1031 235 119 107 79 451 61 56 116 200 447 848 52 435 289 257 96 42 161 796 464 260 242 191 51 56 149 61 146 157 44 332 54 130 54 48 198
is_linear=0
shrinkage=0.03


Tree=64
num_leaves=63
num_cat=0
split_feature=38 27 38 45 27 51 19 14 2 65 85 26 26 66 49 34 72 26 14 66 74 81 81 19 18 14 81 74 27 80 7 52 74 35 17 45 59 34 65 17 7 56 49 45 27 15 27 36 45 2 61 66 51 84 47 39 6 43 67 49 33 80
split_gain=43.2364 21.7713 15.1477 15.0629 10.4737 9.88308 9.48268 8.32571 10.4758 7.66166 8.14179 6.55685 6.45634 6.26914 9.30535 6.10845 7.76195 5.8704 5.83114 5.74751 5.30615 5.13331 5.11715 5.37569 5.08764 6.0649 6.30539 4.86806 4.82119 4.75069 4.60691 4.59153 6.2191 4.46598 6.85788 7.32413 11.8586 5.13799 4.4206 4.47085 4.39256 4.31948 5.00234 4.15514 4.05137 4.02787 4.3239 11.9651 3.89838 3.88597 3.62599 3.94121 3.57847 6.21894 3.57102 4.03302 3.89198 4.94106 3.42651 3.40737 4.10669 3.95562
threshold=-1.0000000180025095e-35 0.011146695817319852 1.0000000180025095e-35 -0.49869474276216147 0.022069384653104953 15.295000076293947 -1.0000000180025095e-35 44376500.000000007 46.378557162577984 0.017947470575994353 34.884222030639656 0.55818507809744144 1.3717494403918489 0.18959470291323607 14.425000190734863 32.755818809835681 75.050525569578411 0.21499169226688508 18146350.000000004 0.32464887731673392 0.0036709088363851001 50.955976307224432 49.894776101983858 1.0000000180025095e-35 0.043755131145255304 24619300.000000004 66.106976885082318 0.0034370506920615505 0.016754355592427904 18001800.000000004 0.012386825641258701 15.654999732971193 0.0034725513698333006 -2.1376533794501706 0.014589168894483152 0.66480793811022221 1.7724999785423281 36.998378017245457 0.025071330483011755 0.018594356579173854 0.0213720091989433 0.045147118058928709 27.954999923706058 -0.13160045593289021 0.029877690359507252 84.941654581866544 0.01212651825906485 0.0059350915939501503 -1.8553225682093311 123.35919322053924 2.2419999837875371 0.32311004586089209 11.72499990463257 0.02627225480812265 0.11747755588805116 130.45500183105472 -0.017541543289539548 8858150.0000000019 74.274997711181655 15.835000038146974 92538500.000000015 19516400.000000004
decision_type=2 2 2 2 2 2 2 2 2 2 2 2 2 2 2 2 2 2 2 2 2 2 2 2 2 2 2 2 2 2 2 2 2 2 2 2 2 2 2 2 2 2 2 2 2 2 2 2 2 2 2 2 2 2 2 2 2 2 2 2 2 2
left_child=45 3 4 5 6 17 59 8 20 15 19 52 18 14 -13 -4 31 -2 -10 33 40 22 23 50 -20 -26 -27 29 -22 30 -19 32 -17 -11 48 37 -37 -36 -39 -40 -8 -23 -43 49 -44 46 58 -48 -35 -14 -6 -52 53 -5 55 56 -9 -58 -1 60 -3 -61
right_child=1 2 9 11 21 -7 7 54 12 10 -12 13 43 -15 -16 16 -18 27 24 -21 28 41 -24 -25 25 26 -28 -29 -30 -31 -32 -33 -34 34 35 36 -38 38 39 -41 -42 42 44 -45 -46 -47 47 -49 -50 -51 51 -53 -54 -55 -56 -57 57 -59 -60 61 -62 -63
leaf_value=0.056742187013249477 -0.0083780948598118337 -0.0090673651764910015 -0.011400145968567666 0.01825919288364419 0.032649282972987095 -0.018837653585151857 0.033913047476831 -0.008352212374280658 -0.022980298595717156 -0.024137463429819036 0.029920728271127378 0.022321742494691502 0.018038337531548501 -0.0087522094121123897 -0.015611552688876018 0.032186027743625792 -0.013562152430349632 0.036954045437480897 -0.0072258581225491236 0.0145301892185314 0.0095070616914782989 0.0038316561060019053 -0.017535819435879514 -0.0078934807199666241 0.033773231107296249 0.0183076779829895 -0.018614298701890925 0.028107031513116585 0.026099752349210727 -0.015450458447956271 0.00090736150074460483 0.03399317804921536 -0.0073904276173437236 0.0076359247182063378 -0.022232439177296694 -0.0017818647896622037 0.049548995303939469 -0.014245489475340245 0.028574862468717686 -0.0067012607092318639 0.0028028086979243745 0.034393371905749384 -0.0087710997870210968 0.030652474851574241 0.02132032766145335 0.01051649744671279 0.027412963452312995 -0.01001333297738501 -0.016443877779399672 -0.012179997668351494 0.0035681070753837765 0.030712040660811225 -0.017030518149998973 -0.013566099749658122 0.007593773101326879 -0.014067924324182976 -0.0014990539594760988 0.034281050812935733 -0.016594163404858236 -0.021407146010906548 0.023721599379018288 0.0043125916769415108
leaf_weight=0.57687407732009788 8.6498917788267118 8.1742346882820112 9.6496403664350492 7.8184920996427563 10.836709558963774 9.8154953420162183 25.344273105263714 13.424520850181581 9.4967460483312589 13.605717629194258 5.9333599656820288 17.656216576695446 10.194603696465498 43.197964087128639 8.6820844709873182 6.4296498894691494 6.7277586460113517 5.9105335175991076 23.683092847466469 11.185034483671187 56.83867384493351 10.214735612273214 5.627029374241828 8.8734642118215543 7.9708953648805645 9.4385181069374102 7.4474142342805854 22.731545805931091 21.806836739182472 5.6823358833789817 6.9350371658802032 14.700933784246443 8.0446151345968229 6.9509703367948523 11.593887835741041 10.482106551527979 6.6016941368579856 8.6015850901603716 7.5156035572290403 5.6751354783773422 4.8694231659173957 27.784784883260727 4.6284233033657065 10.826937139034269 30.978633612394333 7.9636434316635123 8.1231790184974653 143.4620807915926 46.729812949895859 6.134810045361518 16.242611899971966 6.8422245681285849 74.97656375169754 18.846714466810226 40.580654963850975 21.779495030641556 7.9090116918086988 6.1939428001642227 95.133067354559898 17.836665645241741 5.9329964965581885 7.7071952223777762
leaf_count=3 25 23 28 30 51 26 118 37 22 34 25 72 39 125 23 28 19 27 67 42 202 35 14 25 35 36 17 97 95 15 22 65 24 24 30 33 33 23 32 17 16 136 13 48 132 27 33 398 127 16 53 31 198 51 139 57 25 28 246 42 24 25
internal_value=0.000354207 0.00358245 0.00648645 -0.00429118 0.00945579 0.00868084 0.00663142 0.00855055 0.0120469 -0.000847229 -0.00443994 -0.00881718 0.00416756 -0.00171854 0.00981752 0.00979029 0.0154856 0.0140928 -0.00148177 -0.00602108 0.0182132 0.0169454 0.00935912 0.0128955 0.00272438 0.0122048 0.00202352 0.0188037 0.0141079 0.00738972 0.0174932 0.022184 0.0101899 -0.00797313 -0.0058615 0.00207771 0.0180539 -0.00609735 0.00248679 0.0133978 0.0288991 0.0219359 0.0248532 0.0162409 0.0174089 -0.0104836 -0.0111598 -0.00800773 -0.0133259 0.00668559 0.0183336 0.0116134 -0.0136736 -0.00423462 0.00100261 -0.00442205 0.00320968 0.0142154 -0.0161521 -0.00711135 0.0047225 -0.0136469
internal_weight=1112.21 856.95 626.047 230.903 445.62 59.7248 323.591 283.94 194.052 180.428 134.875 171.178 85.193 69.5363 26.3383 45.5526 35.903 49.9093 58.0367 128.942 108.859 122.029 48.422 42.795 48.5399 24.8568 16.8859 41.2595 78.6455 18.5279 12.8456 29.1752 14.4743 117.757 104.151 50.47 17.0838 33.3862 21.7923 13.1907 30.2137 73.6066 63.3918 27.1564 35.6071 255.259 247.295 151.585 53.6808 16.3294 33.9215 23.0848 101.642 26.6652 89.8876 49.307 27.5275 14.103 95.7099 39.6511 14.1072 25.5439
internal_count=3603 2896 2185 711 1601 212 1111 997 711 584 420 499 280 220 95 164 136 186 177 395 431 490 174 160 155 88 53 161 297 64 49 117 52 353 319 168 66 102 72 49 134 316 281 103 145 707 680 431 151 55 135 84 279 81 286 147 90 53 249 114 47 67
is_linear=0
shrinkage=0.03


Tree=65
num_leaves=63
num_cat=0
split_feature=19 86 9 69 54 17 26 28 59 46 42 26 49 69 21 16 63 78 89 34 28 56 74 48 76 72 54 35 28 61 55 83 26 65 56 18 66 6 45 84 64 5 54 17 45 36 16 55 46 35 81 21 55 54 70 73 25 83 58 34 72 61
split_gain=33.5374 19.2307 18.8772 14.7042 12.8138 10.7744 11.377 9.53928 9.38161 12.0189 9.17316 8.86803 8.07851 7.66637 7.58863 9.67774 9.65707 9.41143 7.13866 6.77429 6.75344 6.60132 6.59283 8.509 8.04816 6.57279 6.34633 6.09072 10.4569 5.89384 6.88075 5.87048 5.82762 5.66886 5.43095 5.25569 5.09216 6.76981 4.93068 4.92616 6.2443 4.75948 4.75562 6.94375 4.62995 6.47432 4.71489 4.59036 4.53232 4.51314 4.34597 4.29586 4.24822 6.30622 5.82646 8.72119 6.44874 5.61235 4.97322 5.15886 4.12478 4.15501
threshold=1.0000000180025095e-35 27.324359079244186 -1.0000000180025095e-35 75.884998321533217 51.291217534468529 0.012981081277606001 0.68099140937790115 0.13499511736400693 1.5925000309944155 0.0098658626368134522 159.9049987792969 -2.1725976687998947 10.635000228881838 90.875000000000014 109.65444797798344 2.2284382146128583 66.930380179213287 18.819358161069513 93333435.500000015 54.167737959826759 0.093417898231977062 0.059827160042635455 0.0046123627137908503 -1.0000000180025095e-35 33.693393707275398 36.008444945910178 45.709207234741797 1.7702399980286716 0.11390300829823256 1.935499966144562 -0.29812377552338892 0.012422401609161202 0.66029368356850437 0.030861138136334402 0.048339946728800355 0.025574074759599556 0.16649634416894707 0.43324514951370402 -0.25704910893507099 0.025888327281594455 -0.019942570932352594 32.63182662453697 63.286620602646117 0.017587672122002001 0.30169302342788029 0.005681787529657251 0.4647463133848842 -0.79316352722315997 0.0085254780769624516 -4.6376965316894703 29.014797711388407 77.728332516666129 0.21958705614428189 53.445674702018309 96.594997406005874 0.48695620543475832 58.391392602419955 0.013096212575501802 2.123499989509583 51.389303215125018 58.278298432617397 2.9365000724792485
decision_type=2 2 2 2 2 2 2 2 2 2 2 2 2 2 2 2 2 2 2 2 2 2 2 2 2 2 2 2 2 2 2 2 2 2 2 2 2 2 2 2 2 2 2 2 2 2 2 2 2 2 2 2 2 2 2 2 2 2 2 2 2 2
left_child=2 4 7 -4 20 6 10 12 9 47 18 -10 -1 -11 15 16 42 -18 22 -3 -2 27 23 -5 35 -23 -12 -8 -29 30 32 34 -14 -28 -22 -25 -6 60 -27 -37 -41 -32 52 -44 45 -36 -47 -7 -49 -31 -51 -15 53 54 55 -13 -57 -56 -55 -60 -38 -62
right_child=1 19 3 5 36 8 21 -9 11 13 26 14 29 51 -16 -17 17 -19 -20 -21 31 25 -24 24 -26 38 33 28 -30 49 41 -33 -34 -35 44 39 37 -39 -40 40 -42 -43 43 -45 -46 46 -48 48 -50 50 -52 -53 -54 58 57 56 -58 -59 59 -61 61 -63
leaf_value=0.014068088514979349 0.01230559921354092 0.0038976467414588278 -0.020799651917613071 0.018432207728590298 0.023455287539900178 0.030055758377182606 -0.024477964504742426 0.015415459854875099 0.019942542122058701 0.022548384101389658 -0.012295251656753971 -0.018151014410709817 0.025360899293888677 0.0067338983721466662 -0.023998899749658336 0.030554561847560606 0.018516656893874484 -0.021336245095548819 -0.012517739758540772 -0.024279339872971095 -0.017646005749083517 0.024529535457671534 0.018795573901051018 -0.024776071081299807 0.022199365319565168 0.0095147764492450899 0.036876668677628351 0.015076615278860778 -0.027742473907115092 0.0083670830883370139 0.013137562954910737 -0.024248739686458777 -0.0090567931656106663 0.0092058398507153562 -0.016651880586507843 0.0090314109552178633 0.020762052397427913 -0.011549290220351886 -0.026119236944953311 0.0094079748150325323 -0.020024687993119843 -0.019887405002986028 -0.014232848683322249 0.0177190077932134 0.02024493652742862 -0.0045273692898808449 0.027159556519467234 -0.0053860192838764993 0.020977651604332903 0.016891776126110314 -0.021061274321572929 -0.026985400119610519 -0.01806354962264051 0.025920676042777591 0.021660392586979358 0.018399481190754182 -0.026433507112963581 -0.012833515810931451 -0.020956456668948877 0.018795867278814101 0.013564295488310016 -0.013390596795261412
leaf_weight=9.0771460980176908 48.165635615587234 12.667423397302626 31.145156875252724 26.647528633475304 65.978837862610817 15.533477559685705 20.644928969442844 10.950316131114958 11.623380377888678 5.178188860416415 4.0655698329210272 71.068991310894489 9.1082136631011981 4.497102394700053 21.289781123399734 6.5880370587110511 23.399523824453357 6.9073699414730063 17.252463683485985 19.501193836331367 10.96500104665756 10.609522908926012 36.881107553839684 10.665444001555441 11.030514329671858 7.6637803018093109 19.978384450078014 13.118824481964113 8.4322902485728246 5.2635087817907324 4.6304882615804699 9.5545412898063642 8.6159213632345182 9.9980008602142316 12.96042111515999 22.102776706218719 45.454375237226486 9.5232455581426603 6.4243821054697019 9.9302389472722989 18.711322948336605 25.870279908180237 11.014843404293062 13.778454735875128 13.930573955178259 8.3399272710084933 8.5681076645851117 10.701245799660684 12.996363595128058 2.7873748838901511 105.17811738699675 13.944353990256785 48.404810048639774 8.1124547123909014 9.0341358035802859 11.273285806179045 3.881758749485015 8.0085608884692174 7.0711045265197736 5.0268465429544449 17.206335753202442 7.3434169590473166
leaf_count=25 154 39 132 66 151 38 78 32 39 15 15 310 23 20 83 16 71 41 64 73 46 32 95 47 30 32 39 38 49 15 12 47 30 28 39 73 117 32 29 27 70 80 41 37 38 35 21 36 36 6 339 76 204 18 24 38 18 28 25 16 50 25
internal_value=-4.33271e-05 0.00868812 -0.00322566 -0.000715454 0.0114153 0.000356585 0.00499712 -0.0117271 -0.00322466 0.00720143 0.00879071 -0.00568367 -0.0134701 -0.00970595 -0.00685241 -0.00528951 -0.00632987 0.00943362 0.00566102 -0.0131837 0.00381111 -0.00562273 0.00796764 0.00393741 -0.00139457 0.0066956 0.0228773 -0.0128327 -0.00167718 -0.0150183 -0.00623536 -0.00255008 0.00863003 0.0276476 0.00123562 -0.00563255 0.0172938 0.0121819 -0.00673479 -0.00160896 -0.00982017 -0.0148737 -0.00875896 0.00352385 0.0059626 -0.00069864 0.0115299 0.0173808 0.00907248 -0.018759 -0.0200814 -0.0187627 -0.0105307 -0.00757773 -0.010577 -0.0137451 0.00691612 0.0054513 0.00774744 -0.00443888 0.0154103 0.00550144
internal_weight=1086.28 290.159 796.118 614.636 257.99 583.491 254.157 181.481 329.334 62.8507 187.263 266.483 170.531 23.6196 254.86 233.57 226.982 30.3069 153.221 32.1686 112.484 66.8937 135.969 99.0878 72.4403 24.6977 34.042 42.196 21.5511 161.454 48.2249 64.3186 17.7241 29.9764 54.764 61.4098 145.506 79.5274 14.0882 50.7443 28.6416 30.5008 196.675 24.7933 43.799 29.8685 16.908 39.2311 23.6976 113.229 107.965 18.4415 171.882 123.477 103.267 86.224 15.155 17.0427 20.2104 12.098 70.0041 24.5498
internal_count=3603 867 2736 2174 755 2042 812 562 1230 221 554 1009 530 111 970 887 871 112 472 112 380 258 408 313 247 93 82 165 87 505 145 226 53 67 179 217 375 224 61 170 97 92 759 78 133 95 56 110 72 360 345 96 681 477 418 366 56 52 59 41 192 75
is_linear=0
shrinkage=0.03


Tree=66
num_leaves=63
num_cat=0
split_feature=38 38 67 27 76 2 86 66 72 63 82 67 40 69 66 42 6 84 48 8 73 73 46 25 63 6 83 6 51 14 44 6 67 45 25 26 47 25 47 72 11 6 24 75 25 55 89 73 82 4 15 65 26 89 89 63 8 4 39 44 22 83
split_gain=217.635 32.1828 9.43606 10.4084 9.94148 9.48206 9.10155 8.42234 9.4813 8.1467 8.11392 6.56523 6.50766 6.25929 6.39171 6.80196 6.24916 5.79874 5.36466 5.50277 5.02504 5.57085 6.21909 5.28129 7.69876 6.78011 4.96624 7.71101 4.65326 4.44176 6.99766 4.39616 4.33062 4.24866 4.1424 5.92023 5.35995 4.03757 3.85056 4.63538 3.8102 3.75173 3.64921 3.63317 5.11867 3.58184 3.40049 3.08032 3.08143 2.97344 3.68712 3.31208 2.97041 2.78148 5.75606 2.62517 2.3753 2.34058 5.50414 2.25443 2.45938 2.31448
threshold=-1.0000000180025095e-35 1.0000000180025095e-35 75.665000915527358 0.010849805464199053 9.6635360717773455 37.213201373809156 30.046619742491583 0.23575735518096463 45.469178769617024 70.956009567792236 0.16871866188788506 94.49499893188478 166.89500427246097 97.325000762939467 0.31335988660920128 161.12000274658206 1.1388198170310313 0.046507689871344057 1.0000000180025095e-35 -0.0060440395702609992 -0.95799217415238747 0.86530612187762312 0.014587426597442952 60.629995542934097 28.887748632571718 0.35640838640895645 0.0063242437770908511 0.47420987083749294 10.07499980926514 25221950.000000004 55.532307548033863 0.16039449339948672 95.895000457763686 0.80234672153925868 65.423467213612483 0.44595893210106047 0.11681212175648877 32.95221812096122 0.098449827573514614 59.937809891990184 157.37919832771402 -0.017541543289539548 22891800.000000004 1.0507978275409615 17.003365889400765 -0.12133826156894303 24498000.000000004 0.42913221773663679 0.65409302873639252 432107200.00000006 54.818259780028193 0.009703004285565751 0.46417234241940269 89288900.000000015 99723133.000000015 52.732350839894387 0.13017975889441266 95276800.000000015 169.34000396728518 30.090026987330031 28.515799034141462 0.0055915728416263506
decision_type=2 2 2 2 2 2 2 2 2 2 2 2 2 2 2 2 2 2 2 2 2 2 2 2 2 2 2 2 2 2 2 2 2 2 2 2 2 2 2 2 2 2 2 2 2 2 2 2 2 2 2 2 2 2 2 2 2 2 2 2 2 2
left_child=18 2 4 5 -2 7 10 11 -9 12 13 -4 55 14 15 20 32 56 19 -1 -5 22 23 24 -22 53 -13 31 -21 -14 -31 -28 -7 -16 -25 -36 -37 -6 39 -30 -3 -23 57 -40 -45 -10 -46 48 49 51 -51 -48 -52 -26 -55 -8 -12 58 -42 -53 -61 -62
right_child=1 40 3 6 37 16 9 8 45 -11 17 26 29 -15 33 -17 -18 -19 -20 28 21 41 -24 34 25 -27 27 -29 38 30 -32 -33 -34 -35 35 36 -38 -39 43 -41 42 -43 -44 44 46 -47 47 -49 -50 50 52 59 -54 54 -56 -57 -58 -59 -60 60 61 -63
leaf_value=-0.027580205937681318 -0.019454599339804292 -0.021483704555810133 -0.02377186759564294 0.024551424485981584 -0.0080430372372228987 0.027111167699437944 0.018499201273457503 0.02158834758192632 -0.026559390948998965 0.023216021716495682 -0.024315362720262485 -0.025637684914496653 -0.026484354960204445 -0.025034453135009675 -0.0255000876503787 -0.020631631861729165 -0.0099917568304769555 0.0045082992915117465 0.024837934675413814 -0.030277908516672766 0.015577225438502734 0.025150408215505807 -0.020808508680900086 0.022161813544121483 -0.022178327714635983 0.021271357657634243 0.0046990349723405973 0.032861877756967736 0.018400595824460086 -0.021277530655416849 0.019962990354091017 -0.025799684439091333 0.0029309069697388661 0.00083578072077421424 -0.025698200400173826 -0.0087350794735213157 0.0323908125143757 0.023305594551764536 -0.033513185725391019 -0.0082934968602981617 -0.02023995556292028 -0.0029822712348225385 0.0082909995932996389 -0.029459776722259284 -0.0051155482661914223 0.003321098026415191 -0.014280522923876739 0.02747751490769661 0.0045875972170065218 0.020177455001456037 0.010921217097895758 0.0027219368031612765 -0.016661575171649966 0.017896172016951678 -0.020981927325866494 -0.0062335833674826528 -0.0059685644179783785 -0.022519094846936726 0.017486740611646758 0.010347564884706855 0.0084759405730084735 0.027032198340134182
leaf_weight=2.4923236072063437 8.258014500141142 172.97717414051294 24.115616850554943 6.2323859632015219 4.4229748696088818 20.504587665200237 11.267437011003496 18.223317429423332 6.9056151509284955 12.121951058506964 64.936349786818027 6.7939389869570759 12.770960807800295 18.699043706059456 23.373981162905697 19.750174224376678 8.3947868943214399 7.9305242225527754 108.12428247928619 1.840340495109557 10.65163531899452 9.6574619412422198 19.780329160392284 11.61446486413479 27.355610251426697 4.7490756064653388 11.850058168172842 6.0127963274717322 12.736023321747782 8.0809324979782087 6.8349333107471457 6.6352947652339926 9.8771615624427778 7.2149037867784491 5.8018644675612476 5.7906258553266508 5.6205068677663803 22.547935232520103 1.1821496933698643 10.835615754127501 9.6413227170705778 7.6424541100859633 7.078833043575286 1.9248960614204396 4.853963926434516 7.5667948126792908 2.1884608864784232 42.324777007102966 13.381944477558134 22.361650243401527 9.8341340124607068 4.7007338106632224 5.4674227982759467 5.5991867184638968 8.8359563276171667 5.8769125789403907 7.039454571902751 18.61927892267704 5.4466397017240515 10.606431961059569 6.538334682583808 80.90333166718483
leaf_count=10 53 702 103 17 14 39 26 38 34 29 371 35 57 108 126 89 37 31 200 5 33 26 102 36 143 14 37 12 27 35 18 26 30 32 37 32 14 48 6 33 40 29 19 4 10 21 7 78 36 46 23 11 19 18 47 23 28 73 14 28 17 147
internal_value=-0.000343302 -0.00980405 -0.00561989 -0.00676085 0.00934637 0.000557528 -0.00953076 -0.00488329 0.00719153 0.0013959 -0.0117671 -0.0120086 -0.00450407 -0.00851579 -0.00679663 -0.00423356 0.0129195 -0.0198384 0.0193108 0.0167588 -0.00172941 -0.00305998 -0.00564067 -0.00215278 -0.00743032 -0.0126961 -0.00294304 0.00335075 0.0172358 -0.0134984 -0.00237979 -0.00624844 0.0192501 -0.0192883 0.00831746 -0.00102401 0.0115213 0.0181647 0.0176162 0.00612962 -0.0195388 0.0127224 -0.0112905 0.0189289 0.0192312 -0.0109366 0.0196925 0.0202997 0.0183521 0.0196438 0.0124128 0.0222391 0.00106557 -0.0165561 -0.00590167 0.010021 -0.022521 -0.0154028 -0.00662091 0.0230169 0.0239899 0.0256447
internal_weight=1053.4 711.101 497.338 462.109 35.2289 126.88 335.229 88.1034 32.6957 56.9531 278.276 55.4077 44.8312 198.37 179.671 149.082 38.7765 79.9063 342.297 234.173 129.332 123.099 105.799 86.0189 57.1915 46.5398 31.2921 24.4981 231.68 27.6868 14.9159 18.4854 30.3817 30.5889 28.8275 17.213 11.4111 26.9709 229.84 23.5716 213.763 17.2999 40.7861 206.268 205.086 14.4724 203.161 198.307 155.982 142.601 37.6632 104.937 15.3016 41.7908 14.4351 17.1443 71.9758 33.7072 15.088 102.749 98.0481 87.4417
internal_count=3603 2896 2048 1933 115 412 1521 306 93 188 1333 213 159 903 795 637 106 430 707 507 548 531 476 374 255 222 110 75 497 110 53 63 69 158 119 83 46 62 492 60 848 55 146 432 426 55 422 412 334 298 88 210 42 208 65 49 399 127 54 203 192 164
is_linear=0
shrinkage=0.03


Tree=67
num_leaves=63
num_cat=0
split_feature=38 27 26 38 27 50 55 34 65 89 36 27 52 25 56 75 37 45 0 34 19 47 81 27 14 68 65 76 2 15 75 65 83 52 81 69 47 41 15 36 57 52 26 10 26 65 7 5 43 20 46 70 15 27 36 83 45 43 82 46 46 47
split_gain=40.4016 20.6882 14.0401 10.6642 9.30653 7.40558 7.4205 7.04722 8.32007 6.99425 6.9133 6.38864 8.50255 6.34736 8.18682 6.14277 5.79229 5.77883 5.6423 5.83928 5.42725 6.48645 5.38977 5.17288 5.15759 5.65523 4.95806 4.94554 5.16274 5.87321 4.92315 6.39853 8.52155 4.60797 4.57444 4.49534 4.39056 4.31732 5.91995 4.25837 4.32634 5.22986 4.86791 4.23309 5.79226 4.20962 6.86912 4.62123 4.15879 4.13706 4.07353 3.90064 3.86611 4.24953 11.4662 4.11982 4.91094 6.10792 3.8135 3.79501 6.09213 4.19506
threshold=-1.0000000180025095e-35 0.014240169177586701 0.52825086382352648 1.0000000180025095e-35 0.0076511554434743508 16.855000495910648 0.072893839676428471 37.926204776626911 0.017653687355146653 104936841.00000001 0.0095136828640532533 0.022069384653104953 16.164999961853031 49.891733485200874 0.067249386680393416 1.1446236850066229 0.12179755953878367 -0.53750012678425907 17.356604576110843 80.076721596856672 -1.0000000180025095e-35 0.11157476606653781 51.685930368123159 0.0082086071350070018 37778800.000000007 83.104999542236342 0.028635932715407302 10.648132324218752 11.321223106918538 34.584273250822648 1.1214276138878334 0.020917401172198206 0.0065202917298039509 14.82499980926514 76.946258781583666 95.915000915527358 0.11019088434208776 121.87500000000001 59.203961202331151 0.018004989925007153 3.2420062246513131 23.079999923706058 -0.15855276572381519 39.401048660278327 0.37766789738848244 0.017947470575994353 0.022289301499784402 75.837809240109237 12338350.000000002 23.867901802062992 0.0080962015525699021 98.365001678466811 84.941654581866544 0.01212651825906485 0.0059350915939501503 0.010923620326792951 1.163237314503782 5994600.0000000009 1.1250271193784303 0.0095158608635193525 0.011562632380419701 0.12102039225215042
decision_type=2 2 2 2 2 2 2 2 2 2 2 2 2 2 2 2 2 2 2 2 2 2 2 2 2 2 2 2 2 2 2 2 2 2 2 2 2 2 2 2 2 2 2 2 2 2 2 2 2 2 2 2 2 2 2 2 2 2 2 2 2 2
left_child=52 2 5 11 -4 6 13 10 -9 -7 -5 12 51 16 18 22 50 24 -15 43 -14 26 -8 -24 -6 -26 -22 28 29 -13 31 32 -19 -25 48 36 -16 38 -32 40 41 42 -10 44 -20 46 -23 59 49 -31 -2 -3 53 -1 -55 56 57 -56 -29 -47 61 -61
right_child=1 3 4 7 17 9 15 8 39 -11 -12 27 20 14 35 -17 -18 30 19 -21 21 45 23 33 25 -27 -28 58 -30 34 37 -33 -34 -35 -36 -37 -38 -39 -40 -41 -42 -43 -44 -45 -46 47 -48 -49 -50 -51 -52 -53 -54 54 55 -57 -58 -59 -60 60 -62 -63
leaf_value=-0.01584147273718086 0.013061994901445297 0.024879858938290988 -0.015123340188632629 0.023455488101707025 0.023678870710907528 -0.014382199478411751 -0.0083706153975186565 0.028750091565201776 -0.015971112294635336 0.016434151260308092 -0.014686555976218622 -0.0036129014561438006 -0.010961085631498132 -0.024894461171385458 -0.0082071170330931045 0.04108490340343366 -0.019062304860108733 -0.011006694180658343 -0.0078776176499408979 0.02890980904782138 0.028218440825687925 0.031482514758221947 -0.0061534346511846073 0.044658730990228636 0.019827487068745573 -0.015925722337576376 0.0018330582983436805 0.028033703987154716 -0.0053732904608713933 0.0031758612935145667 0.018304513396525706 -0.016182103165739228 0.023639425771342166 0.0080304324577072789 -0.0091893249163715329 0.038748042264865681 0.024007548037471176 0.017689236564001933 -0.011390549045605349 0.025347711377472746 -0.014157212920909828 0.025374131302933072 0.0082022746649215092 -0.011297387633739003 0.034273271239933671 -0.0079170676090257967 -0.0028443981045786068 0.020582201243149318 0.030715619801900112 0.028643780463849255 -0.011786420597989289 -0.0040166064352799551 0.010378674187977549 0.026825688007679718 0.030027445983595163 -0.012958098683182562 0.017982906846342548 -0.011795900716144846 0.00033803609360605276 0.036201390440105605 -0.009820121885024265 0.0038240792266334253
leaf_weight=94.19236347079277 11.047363027930261 30.372673317790031 17.144825309514999 4.8892263770103446 32.188797280192375 87.490316823124886 14.432960689067839 11.965737074613569 12.452283799648283 7.1719704270362845 34.144079297780991 11.915595963597296 17.991001665592194 10.544125884771345 7.5186223983764666 4.9959954917430869 38.899347767233849 12.54873411357403 6.8296520709991437 5.3524258881807318 18.84438389539719 10.914138764142992 6.2752995342016247 6.5130919367074949 8.3717388510704023 7.5928379595279685 9.7133729606866819 37.668534353375435 12.791601195931433 14.416863501071932 10.28295609354973 19.500669404864311 13.016945585608481 5.8834424763917923 4.5330705344676963 6.0092419087886801 7.714416041970253 30.46983802318573 14.650864318013189 6.0436069369316092 16.322356671094894 8.2964836508035642 18.841923549771312 26.221241891384125 5.1440868526697159 44.925453826785088 10.103363826870916 8.6507644057273847 25.552345126867294 9.5384791195392591 12.837505057454107 4.8797107487916938 7.9750851243734351 8.1798264086246473 3.5334764719009426 100.91770800948143 8.9411027878522855 28.414114847779274 5.0776333212852469 6.9735701531171816 11.463413283228872 7.4485935568809509
leaf_count=249 41 130 47 20 133 240 44 51 33 27 98 35 48 24 22 24 101 36 20 23 82 49 19 32 33 19 31 177 38 49 40 51 54 21 13 29 32 120 40 25 45 34 65 72 23 126 31 34 120 42 36 15 27 33 15 272 34 77 16 32 30 24
internal_value=0.000374444 0.00349187 -0.00107136 0.00827321 0.00580533 -0.00527961 -0.00164403 0.00040312 0.00584822 -0.0120474 -0.00990897 0.0111996 0.00764776 -0.00487739 0.000993756 0.0100771 -0.0119221 0.00821961 -0.00520379 -0.000436091 0.00447512 0.00662732 0.00539757 0.0160401 0.0167644 0.00282307 0.019244 0.0165286 0.0120692 0.015452 0.00412424 -0.00323898 0.00663362 0.0272748 0.0196556 0.0167752 0.00810725 0.0101136 0.000855991 0.00142516 -0.00116061 0.0041976 -0.00141656 -0.00454846 0.010231 0.00304148 0.0149812 -0.00011655 0.0222967 0.0133166 -0.000293392 0.0208799 -0.0101761 -0.0108474 -0.00771107 -0.00970325 -0.00166994 -0.00717014 0.0247439 -0.00264525 0.00650419 0.0194795
internal_weight=1105.53 853.38 436.649 416.73 165.768 270.881 176.219 112.956 73.9224 94.6623 39.0333 303.775 182.28 138.118 75.3338 38.1008 62.7842 148.623 54.0915 43.5474 147.028 129.037 33.1048 18.6718 48.1534 15.9646 28.5578 121.494 78.748 65.9564 100.47 45.0663 25.5657 12.3965 54.0408 21.2423 15.233 55.4037 24.9338 61.9567 55.913 39.5907 31.2942 38.195 11.9737 100.479 21.0175 79.4618 49.5077 23.9553 23.8849 35.2524 252.154 244.179 149.986 141.806 40.8887 31.9476 42.7462 70.811 25.8856 14.4222
internal_count=3603 2896 1403 1493 573 830 563 371 253 267 118 1122 632 423 245 140 178 526 162 138 487 439 116 72 185 52 113 490 297 259 341 141 90 53 224 83 54 200 80 202 177 132 98 115 43 326 80 246 211 91 77 145 707 680 431 398 126 92 193 212 86 56
is_linear=0
shrinkage=0.03


Tree=68
num_leaves=63
num_cat=0
split_feature=38 38 27 26 59 56 36 54 7 7 73 28 65 43 81 63 64 82 23 44 47 28 35 16 64 54 51 40 65 27 6 44 25 37 27 40 41 48 72 54 44 81 35 81 54 74 84 75 44 54 16 81 89 46 25 60 75 46 82 55 65 25
split_gain=128.054 42.3797 9.78046 9.7134 9.45504 8.98862 7.89338 7.83704 7.56918 7.09882 6.89993 6.6792 6.09074 7.06201 5.44389 7.81042 5.67188 8.83018 5.4175 7.82461 5.41323 5.16876 8.51098 7.36755 9.94473 6.24215 6.98797 5.67404 5.15538 8.55526 5.1385 6.39231 5.09412 5.009 5.64934 4.99243 4.93536 4.92953 4.81778 4.76111 4.60038 5.38357 4.38987 4.27604 4.29523 4.20515 4.05233 3.85007 3.79081 3.7787 3.50622 3.47274 3.37277 3.29449 3.27471 3.24839 3.23966 5.34247 8.18834 5.29513 4.1423 3.47728
threshold=1.0000000180025095e-35 -1.0000000180025095e-35 0.019676554653882055 0.70899898908537839 1.8575000166893008 0.11205307511651826 0.0039088109304695508 54.296043258103531 0.012330684321460552 0.0081808751370556019 0.28094116941193908 0.12107230432056856 0.014708255418131852 10874700.000000002 72.571480441772664 27.35075719593031 0.0084879583932459517 0.09927154565418661 25.938849464821395 48.320508735272988 0.11659045032303701 0.10287735422440476 2.6167709009463214 -0.19900506511848973 -0.00063502271170094986 39.51503167295224 16.125000000000004 124.4650001525879 0.026703901495827253 0.008388142178128952 0.11659387829844811 42.852659919092538 63.078363992889422 0.13268485345264966 0.011146695817319852 163.29999542236331 120.41500091552736 -1.0000000180025095e-35 73.947874053837907 36.936610168563739 66.805743875510686 52.490487448692583 0.77861508473026231 84.741909314880829 56.706091293157876 0.0044029306289599009 0.030632392992563453 1.0788617345911122 21.756641704678881 51.291217534468529 0.88211565905436562 20.471522920710012 92260220.000000015 0.0091091538333351509 20.071672038802607 2.0464999675750737 1.0913702934567213 0.0092570950775829018 0.10356943409381621 0.78004188136688779 0.017947470575994353 74.802103020673243
decision_type=2 2 2 2 2 2 2 2 2 2 2 2 2 2 2 2 2 2 2 2 2 2 2 2 2 2 2 2 2 2 2 2 2 2 2 2 2 2 2 2 2 2 2 2 2 2 2 2 2 2 2 2 2 2 2 2 2 2 2 2 2 2
left_child=1 6 3 4 10 7 32 38 9 20 14 37 13 33 15 -3 -17 -18 19 30 -6 23 52 27 46 45 -27 55 -8 -30 31 -4 -1 34 -11 -20 -14 48 42 -37 41 -13 -5 44 -21 -26 -25 -31 -2 -41 -9 -50 -23 -12 -49 -10 57 60 59 -59 -39 -58
right_child=11 2 18 5 8 -7 28 50 21 12 53 40 36 -15 -16 16 17 -19 35 43 -22 22 -24 24 25 26 -28 -29 29 47 -32 -33 -34 -35 -36 39 -38 56 -40 49 -42 -43 -44 -45 -46 -47 -48 54 51 -51 -52 -53 -54 -55 -56 -57 61 58 -60 -61 -62 -63
leaf_value=0.018809488146489445 -0.029581870842397936 -0.029159938417089099 -0.01366813120471601 0.0011582817847682148 -0.02320904551570457 0.02102169150649465 -0.022204702484529642 -0.0085041887363043241 0.0074640284200971846 0.011189034009223458 -0.021552075527346181 0.008619527222395661 0.0017493646591319808 -0.026331557678162462 -0.01105674007684981 0.02490992160951774 0.023796620379025659 -0.023348240264175139 -0.022188900908394996 -0.022209896950240365 0.016159390393941358 -0.023613769679304866 0.016966173284061286 -0.022337503890295075 -0.026128047324766129 0.022215849120032206 -0.010069394914323552 -0.0047329097521592589 0.04657245907414434 0.013844109942061965 0.02706806057076553 0.021206933070437996 -0.012249252164136219 0.032119471948964862 -0.027849992912167044 -0.025086617336245613 0.027291671277645813 0.0033891244960745507 0.016614861614445867 0.019496034656955246 0.019709005667718986 -0.02462094369084309 -0.022304510519493646 0.018701860433047533 0.0048917146562221991 0.0052266627338408197 0.00099256613641808458 0.027617024884690748 -0.035209846372917505 -0.016445169630552224 0.021659925024420188 0.026704918515805687 0.0024945456254713973 0.0084633046270959703 -0.017334466174188795 0.031509979159114687 0.017945843471019816 -0.027290923335523635 0.0209461246917951 0.009323437959020079 0.027196363773944202 -0.00056708432926139748
leaf_weight=8.1679215282201785 1.1328009366989125 3.074420601129531 12.418909132480627 8.3957372456788999 10.561801165342329 8.1325590014457685 149.64184964448214 6.3098597526550275 9.2346573919057864 12.494346365332612 7.6276470422744733 9.0208105593919807 9.4531501531600934 6.4203972220420829 6.6211229413747779 46.972932860255241 8.3019772619009 6.2804749011993399 39.550702266395092 25.025200068950657 4.4754019528627387 29.016307316720486 6.875298097729682 29.758311152458191 8.240822106599806 19.506353422999386 8.7359252423048002 12.992041282355784 2.172483801841735 4.1478508561849585 8.8405934423208219 7.6400196105241767 11.366890758275984 6.2732713073492041 4.5513944923877707 5.929034739732745 24.334472179412842 10.964341834187509 3.655362904071807 8.0772403851151449 8.1730164736509305 8.5331129878759366 49.435286544263363 3.4408840388059607 6.6647359654307357 7.2244594246149054 8.6478533595800382 1.4990748465061177 0.82703548669814964 3.9057096242904654 7.7009479999542236 57.541944652795792 5.2605423480272284 5.7888226062059402 53.982341505587101 11.174666851758955 175.22555157542229 10.310518845915796 9.2120661437511426 5.4253253787755957 16.44006672501564 9.6332890987396222
leaf_count=18 4 15 63 29 51 20 475 29 28 36 34 26 36 21 26 110 17 25 230 145 16 131 18 128 36 53 34 48 4 10 28 23 28 12 25 38 57 35 13 32 22 39 240 12 25 26 29 3 4 22 22 126 19 19 169 27 436 44 24 17 38 33
internal_value=-4.85203e-05 -0.00679977 -0.00208852 0.00015821 0.00253803 -0.00894502 -0.0175086 -0.012173 -0.000556234 0.00704308 0.0111348 0.0157806 0.0114305 0.00152923 0.0148511 0.0175053 0.019836 0.00349193 -0.00955084 -0.00354954 -0.0114921 -0.00436708 -0.0134966 -0.00111469 -0.00594681 0.00383979 0.0122294 0.0107646 -0.0191943 -0.0119051 0.00801314 -0.00038496 0.000737069 0.00920011 0.000765198 -0.016238 0.0201454 0.017052 -0.016787 -0.00309822 0.00111727 -0.00753895 -0.0188983 -0.0130613 -0.0165101 -0.011481 -0.0170843 -0.0140356 0.0247728 0.0077814 0.00807532 0.0258276 -0.0196069 -0.0086013 -0.0161199 0.0206298 0.0151154 0.00852733 -0.00151691 -0.0146672 0.0176712 0.0169811
internal_weight=1078.44 756 525.022 403.529 319.899 83.6298 230.978 75.4972 235.231 78.5642 84.6674 322.44 63.527 29.7394 71.2509 64.6298 61.5554 14.5825 121.493 64.0303 15.0372 156.667 41.1521 115.515 82.1137 43.7076 28.2423 33.4014 211.444 61.8018 28.8995 20.0589 19.5348 23.319 17.0457 57.4627 33.7876 296.713 61.4864 17.912 25.7269 17.5539 57.831 35.1308 31.6899 15.4653 38.4062 59.6293 59.5018 11.983 14.0108 58.369 34.2768 13.4165 55.4814 20.4093 237.211 52.3523 24.9479 15.7358 27.4044 184.859
internal_count=3603 2755 2048 1430 1077 353 707 333 831 254 246 848 187 94 193 167 152 42 618 296 67 577 168 409 306 149 87 103 661 186 114 86 46 73 61 322 93 761 282 92 87 65 269 182 170 62 157 182 134 54 51 130 150 53 172 55 627 158 85 61 73 469
is_linear=0
shrinkage=0.03


end of trees

feature_importances:
Column_27=181
Column_25=150
Column_26=147
Column_38=119
Column_5=98
Column_16=98
Column_54=95
Column_73=94
Column_36=91
Column_45=91
Column_7=90
Column_46=87
Column_44=85
Column_8=84
Column_83=84
Column_6=81
Column_56=81
Column_65=77
Column_72=74
Column_28=73
Column_64=73
Column_81=72
Column_66=71
Column_82=71
Column_48=68
Column_35=67
Column_63=64
Column_15=62
Column_17=59
Column_47=58
Column_55=57
Column_74=57
Column_20=56
Column_34=56
Column_84=52
Column_89=52
Column_67=50
Column_43=49
Column_69=49
Column_75=47
Column_4=45
Column_24=45
Column_80=45
Column_59=43
Column_33=42
Column_49=40
Column_50=37
Column_18=35
Column_40=35
Column_58=35
Column_52=33
Column_19=32
Column_21=31
Column_14=30
Column_51=30
Column_86=30
Column_41=29
Column_39=28
Column_42=28
Column_61=28
Column_70=28
Column_0=25
Column_60=25
Column_68=24
Column_12=23
Column_23=23
Column_37=23
Column_1=21
Column_2=21
Column_76=20
Column_22=19
Column_79=19
Column_10=18
Column_11=18
Column_9=17
Column_3=12
Column_85=10
Column_30=9
Column_78=8
Column_13=7
Column_77=7
Column_87=7
Column_29=6
Column_57=5
Column_31=4
Column_32=4
Column_88=4

parameters:
[boosting: gbdt]
[objective: multiclass]
[metric: multi_logloss]
[tree_learner: serial]
[device_type: cpu]
[data_sample_strategy: bagging]
[data: ]
[valid: ]
[num_iterations: 1000]
[learning_rate: 0.03]
[num_leaves: 63]
[num_threads: 4]
[seed: 25]
[deterministic: 0]
[force_col_wise: 0]
[force_row_wise: 0]
[histogram_pool_size: -1]
[max_depth: -1]
[min_data_in_leaf: 20]
[min_sum_hessian_in_leaf: 0.001]
[bagging_fraction: 0.8]
[pos_bagging_fraction: 1]
[neg_bagging_fraction: 1]
[bagging_freq: 0]
[bagging_seed: 14285]
[bagging_by_query: 0]
[feature_fraction: 0.8]
[feature_fraction_bynode: 1]
[feature_fraction_seed: 14195]
[extra_trees: 0]
[extra_seed: 11661]
[early_stopping_round: 0]
[early_stopping_min_delta: 0]
[first_metric_only: 0]
[max_delta_step: 0]
[lambda_l1: 0]
[lambda_l2: 0]
[linear_lambda: 0]
[min_gain_to_split: 0]
[drop_rate: 0.1]
[max_drop: 50]
[skip_drop: 0.5]
[xgboost_dart_mode: 0]
[uniform_drop: 0]
[drop_seed: 9090]
[top_rate: 0.2]
[other_rate: 0.1]
[min_data_per_group: 100]
[max_cat_threshold: 32]
[cat_l2: 10]
[cat_smooth: 10]
[max_cat_to_onehot: 4]
[top_k: 20]
[monotone_constraints: ]
[monotone_constraints_method: basic]
[monotone_penalty: 0]
[feature_contri: ]
[forcedsplits_filename: ]
[refit_decay_rate: 0.9]
[cegb_tradeoff: 1]
[cegb_penalty_split: 0]
[cegb_penalty_feature_lazy: ]
[cegb_penalty_feature_coupled: ]
[path_smooth: 0]
[interaction_constraints: ]
[verbosity: -1]
[saved_feature_importance_type: 0]
[use_quantized_grad: 0]
[num_grad_quant_bins: 4]
[quant_train_renew_leaf: 0]
[stochastic_rounding: 1]
[linear_tree: 0]
[max_bin: 255]
[max_bin_by_feature: ]
[min_data_in_bin: 3]
[bin_construct_sample_cnt: 200000]
[data_random_seed: 120]
[is_enable_sparse: 1]
[enable_bundle: 1]
[use_missing: 1]
[zero_as_missing: 0]
[feature_pre_filter: 1]
[pre_partition: 0]
[two_round: 0]
[header: 0]
[label_column: ]
[weight_column: ]
[group_column: ]
[ignore_column: ]
[categorical_feature: ]
[forcedbins_filename: ]
[precise_float_parser: 0]
[parser_config_file: ]
[objective_seed: 4575]
[num_class: 3]
[is_unbalance: 0]
[scale_pos_weight: 1]
[sigmoid: 1]
[boost_from_average: 1]
[reg_sqrt: 0]
[alpha: 0.9]
[fair_c: 1]
[poisson_max_delta_step: 0.7]
[tweedie_variance_power: 1.5]
[lambdarank_truncation_level: 30]
[lambdarank_norm: 1]
[label_gain: ]
[lambdarank_position_bias_regularization: 0]
[eval_at: ]
[multi_error_top_k: 1]
[auc_mu_weights: ]
[num_machines: 1]
[local_listen_port: 12400]
[time_out: 120]
[machine_list_filename: ]
[machines: ]
[gpu_platform_id: -1]
[gpu_device_id: -1]
[gpu_use_dp: 0]
[num_gpu: 1]

end of parameters

pandas_categorical:null
